Version string: neon 0.33.0: Library build, IPv6, libxml 2.9.14, zlib 1.3, GNU TLS 3.8.3.
******* Running test 0: init ********
******* Running test 1: begin ********
HTTP session to http://127.0.0.1:8787 begins.
sess: Using IP literal address for 127.0.0.1
HTTP session to http://127.0.0.1:8787 begins.
sess: Using IP literal address for 127.0.0.1
auth: Create for WWW-Authenticate
Running pre_send hooks
Sending request headers:
DELETE /litmus/ HTTP/1.1
User-Agent: litmus/0.13 neon/0.33.0
Keep-Alive: 
Connection: TE, Keep-Alive
TE: trailers
Host: 127.0.0.1:8787
X-Litmus: basic: 1 (begin)

Sending request-line and headers:
req: Connecting to 127.0.0.1:8787
Request sent; retry is 0.
[status-line] < HTTP/1.1 401 Unauthorized
[hdr] Content-Length: 12
Header Name: [content-length], Value: [12]
[hdr] Content-Type: text/plain;charset=UTF-8
Header Name: [content-type], Value: [text/plain;charset=UTF-8]
[hdr] WWW-Authenticate: Basic realm="webdav"
Header Name: [www-authenticate], Value: [Basic realm="webdav"]
[hdr] 
End of headers.
Running post_headers hooks
Reading 12 bytes of response body.
Got 12 bytes.
Read block (12 bytes):
[Unauthorized]
Running post_send hooks
auth: Post-send (#0), code is 401 (want 401), WWW-Authenticate is Basic realm="webdav"
auth: Got challenge (code 401).
auth: Got 'Basic' challenge.
auth: Trying Basic challenge...
auth: Basic auth scope is: /litmus/
auth: Accepted Basic challenge.
Running pre_send hooks
auth: Sending 'Basic' response.
auth: '/litmus/' is inside auth domain: 1.
Sending request headers:
DELETE /litmus/ HTTP/1.1
User-Agent: litmus/0.13 neon/0.33.0
Keep-Alive: 
Connection: TE, Keep-Alive
TE: trailers
Host: 127.0.0.1:8787
Authorization: Basic dGVzdDp0ZXN0
X-Litmus: basic: 1 (begin)

Sending request-line and headers:
Request sent; retry is 1.
[status-line] < HTTP/1.1 204 No Content
[hdr] Access-Control-Allow-Origin: *
Header Name: [access-control-allow-origin], Value: [*]
[hdr] Access-Control-Allow-Credentials: false
Header Name: [access-control-allow-credentials], Value: [false]
[hdr] Access-Control-Allow-Headers: authorization, content-type, depth, overwrite, destination, range, if, lock-token, timeout
Header Name: [access-control-allow-headers], Value: [authorization, content-type, depth, overwrite, destination, range, if, lock-token, timeout]
[hdr] Access-Control-Allow-Methods: OPTIONS, PROPFIND, PROPPATCH, MKCOL, GET, HEAD, PUT, DELETE, COPY, MOVE, LOCK, UNLOCK
Header Name: [access-control-allow-methods], Value: [OPTIONS, PROPFIND, PROPPATCH, MKCOL, GET, HEAD, PUT, DELETE, COPY, MOVE, LOCK, UNLOCK]
[hdr] Access-Control-Expose-Headers: content-type, content-length, dav, etag, last-modified, location, date, content-range, lock-token
Header Name: [access-control-expose-headers], Value: [content-type, content-length, dav, etag, last-modified, location, date, content-range, lock-token]
[hdr] Access-Control-Max-Age: 86400
Header Name: [access-control-max-age], Value: [86400]
[hdr] 
End of headers.
Running post_headers hooks
Running post_send hooks
auth: Post-send (#1), code is 204 (want 401), WWW-Authenticate is (none)
Running destroy hooks.
Request ends.
auth: Create for WWW-Authenticate
Running pre_send hooks
auth: Sending 'Basic' response.
auth: '/litmus/' is inside auth domain: 1.
Sending request headers:
MKCOL /litmus/ HTTP/1.1
User-Agent: litmus/0.13 neon/0.33.0
Connection: TE
TE: trailers
Host: 127.0.0.1:8787
Authorization: Basic dGVzdDp0ZXN0
X-Litmus: basic: 1 (begin)

Sending request-line and headers:
Request sent; retry is 1.
[status-line] < HTTP/1.1 201 Created
[hdr] Content-Length: 0
Header Name: [content-length], Value: [0]
[hdr] Content-Type: text/plain;charset=UTF-8
Header Name: [content-type], Value: [text/plain;charset=UTF-8]
[hdr] Access-Control-Allow-Origin: *
Header Name: [access-control-allow-origin], Value: [*]
[hdr] Access-Control-Allow-Credentials: false
Header Name: [access-control-allow-credentials], Value: [false]
[hdr] Access-Control-Allow-Headers: authorization, content-type, depth, overwrite, destination, range, if, lock-token, timeout
Header Name: [access-control-allow-headers], Value: [authorization, content-type, depth, overwrite, destination, range, if, lock-token, timeout]
[hdr] Access-Control-Allow-Methods: OPTIONS, PROPFIND, PROPPATCH, MKCOL, GET, HEAD, PUT, DELETE, COPY, MOVE, LOCK, UNLOCK
Header Name: [access-control-allow-methods], Value: [OPTIONS, PROPFIND, PROPPATCH, MKCOL, GET, HEAD, PUT, DELETE, COPY, MOVE, LOCK, UNLOCK]
[hdr] Access-Control-Expose-Headers: content-type, content-length, dav, etag, last-modified, location, date, content-range, lock-token
Header Name: [access-control-expose-headers], Value: [content-type, content-length, dav, etag, last-modified, location, date, content-range, lock-token]
[hdr] Access-Control-Max-Age: 86400
Header Name: [access-control-max-age], Value: [86400]
[hdr] 
End of headers.
Running post_headers hooks
Running post_send hooks
auth: Post-send (#0), code is 201 (want 401), WWW-Authenticate is (none)
Running destroy hooks.
Request ends.
******* Running test 2: options ********
auth: Create for WWW-Authenticate
Running pre_send hooks
auth: Sending 'Basic' response.
auth: '/litmus/' is inside auth domain: 1.
Sending request headers:
OPTIONS /litmus/ HTTP/1.1
User-Agent: litmus/0.13 neon/0.33.0
Connection: TE
TE: trailers
Host: 127.0.0.1:8787
Authorization: Basic dGVzdDp0ZXN0
X-Litmus: basic: 2 (options)

Sending request-line and headers:
Request sent; retry is 1.
[status-line] < HTTP/1.1 204 No Content
[hdr] Access-Control-Allow-Origin: *
Header Name: [access-control-allow-origin], Value: [*]
[hdr] Allow: OPTIONS, PROPFIND, PROPPATCH, MKCOL, GET, HEAD, PUT, DELETE, COPY, MOVE, LOCK, UNLOCK
Header Name: [allow], Value: [OPTIONS, PROPFIND, PROPPATCH, MKCOL, GET, HEAD, PUT, DELETE, COPY, MOVE, LOCK, UNLOCK]
[hdr] Access-Control-Allow-Credentials: false
Header Name: [access-control-allow-credentials], Value: [false]
[hdr] Access-Control-Allow-Headers: authorization, content-type, depth, overwrite, destination, range, if, lock-token, timeout
Header Name: [access-control-allow-headers], Value: [authorization, content-type, depth, overwrite, destination, range, if, lock-token, timeout]
[hdr] Access-Control-Allow-Methods: OPTIONS, PROPFIND, PROPPATCH, MKCOL, GET, HEAD, PUT, DELETE, COPY, MOVE, LOCK, UNLOCK
Header Name: [access-control-allow-methods], Value: [OPTIONS, PROPFIND, PROPPATCH, MKCOL, GET, HEAD, PUT, DELETE, COPY, MOVE, LOCK, UNLOCK]
[hdr] Access-Control-Expose-Headers: content-type, content-length, dav, etag, last-modified, location, date, content-range, lock-token
Header Name: [access-control-expose-headers], Value: [content-type, content-length, dav, etag, last-modified, location, date, content-range, lock-token]
[hdr] Access-Control-Max-Age: 86400
Header Name: [access-control-max-age], Value: [86400]
[hdr] DAV: 1, 2
Header Name: [dav], Value: [1, 2]
[hdr] 
End of headers.
Running post_headers hooks
Running post_send hooks
auth: Post-send (#0), code is 204 (want 401), WWW-Authenticate is (none)
Request ends, status 204 class 2xx, error line:
204 No Content
Running destroy hooks.
Request ends.
******* Running test 3: put_get ********
auth: Create for WWW-Authenticate
Running pre_send hooks
auth: Sending 'Basic' response.
auth: '/litmus/res' is inside auth domain: 1.
Sending request headers:
PUT /litmus/res HTTP/1.1
User-Agent: litmus/0.13 neon/0.33.0
Connection: TE
TE: trailers
Host: 127.0.0.1:8787
Content-Length: 41
Authorization: Basic dGVzdDp0ZXN0
X-Litmus: basic: 3 (put_get)

Sending request-line and headers:
Sending request body:
Body block (41 bytes):
[This is
a test file.
for litmus
testing.
]
Request sent; retry is 1.
[status-line] < HTTP/1.1 201 Created
[hdr] Content-Length: 0
Header Name: [content-length], Value: [0]
[hdr] Content-Type: text/plain;charset=UTF-8
Header Name: [content-type], Value: [text/plain;charset=UTF-8]
[hdr] Access-Control-Allow-Origin: *
Header Name: [access-control-allow-origin], Value: [*]
[hdr] Access-Control-Allow-Credentials: false
Header Name: [access-control-allow-credentials], Value: [false]
[hdr] Access-Control-Allow-Headers: authorization, content-type, depth, overwrite, destination, range, if, lock-token, timeout
Header Name: [access-control-allow-headers], Value: [authorization, content-type, depth, overwrite, destination, range, if, lock-token, timeout]
[hdr] Access-Control-Allow-Methods: OPTIONS, PROPFIND, PROPPATCH, MKCOL, GET, HEAD, PUT, DELETE, COPY, MOVE, LOCK, UNLOCK
Header Name: [access-control-allow-methods], Value: [OPTIONS, PROPFIND, PROPPATCH, MKCOL, GET, HEAD, PUT, DELETE, COPY, MOVE, LOCK, UNLOCK]
[hdr] Access-Control-Expose-Headers: content-type, content-length, dav, etag, last-modified, location, date, content-range, lock-token
Header Name: [access-control-expose-headers], Value: [content-type, content-length, dav, etag, last-modified, location, date, content-range, lock-token]
[hdr] Access-Control-Max-Age: 86400
Header Name: [access-control-max-age], Value: [86400]
[hdr] 
End of headers.
Running post_headers hooks
Running post_send hooks
auth: Post-send (#0), code is 201 (want 401), WWW-Authenticate is (none)
Request ends, status 201 class 2xx, error line:
201 Created
Running destroy hooks.
Request ends.
auth: Create for WWW-Authenticate
Running pre_send hooks
auth: Sending 'Basic' response.
auth: '/litmus/res' is inside auth domain: 1.
Sending request headers:
GET /litmus/res HTTP/1.1
User-Agent: litmus/0.13 neon/0.33.0
Connection: TE
TE: trailers
Host: 127.0.0.1:8787
Authorization: Basic dGVzdDp0ZXN0
X-Litmus: basic: 3 (put_get)

Sending request-line and headers:
Request sent; retry is 1.
[status-line] < HTTP/1.1 206 Partial Content
[hdr] Content-Length: 41
Header Name: [content-length], Value: [41]
[hdr] Content-Type: application/octet-stream
Header Name: [content-type], Value: [application/octet-stream]
[hdr] Content-Range: bytes 0-40/41
Header Name: [content-range], Value: [bytes 0-40/41]
[hdr] Accept-Ranges: bytes
Header Name: [accept-ranges], Value: [bytes]
[hdr] Access-Control-Allow-Origin: *
Header Name: [access-control-allow-origin], Value: [*]
[hdr] Access-Control-Allow-Credentials: false
Header Name: [access-control-allow-credentials], Value: [false]
[hdr] Access-Control-Allow-Headers: authorization, content-type, depth, overwrite, destination, range, if, lock-token, timeout
Header Name: [access-control-allow-headers], Value: [authorization, content-type, depth, overwrite, destination, range, if, lock-token, timeout]
[hdr] Access-Control-Allow-Methods: OPTIONS, PROPFIND, PROPPATCH, MKCOL, GET, HEAD, PUT, DELETE, COPY, MOVE, LOCK, UNLOCK
Header Name: [access-control-allow-methods], Value: [OPTIONS, PROPFIND, PROPPATCH, MKCOL, GET, HEAD, PUT, DELETE, COPY, MOVE, LOCK, UNLOCK]
[hdr] Access-Control-Expose-Headers: content-type, content-length, dav, etag, last-modified, location, date, content-range, lock-token
Header Name: [access-control-expose-headers], Value: [content-type, content-length, dav, etag, last-modified, location, date, content-range, lock-token]
[hdr] Access-Control-Max-Age: 86400
Header Name: [access-control-max-age], Value: [86400]
[hdr] 
End of headers.
Running post_headers hooks
Reading 41 bytes of response body.
Got 41 bytes.
Read block (41 bytes):
[This is
a test file.
for litmus
testing.
]
Running post_send hooks
auth: Post-send (#0), code is 206 (want 401), WWW-Authenticate is (none)
Running destroy hooks.
Request ends.
******* Running test 4: put_get_utf8_segment ********
auth: Create for WWW-Authenticate
Running pre_send hooks
auth: Sending 'Basic' response.
auth: '/litmus/res-%e2%82%ac' is inside auth domain: 1.
Sending request headers:
PUT /litmus/res-%e2%82%ac HTTP/1.1
User-Agent: litmus/0.13 neon/0.33.0
Connection: TE
TE: trailers
Host: 127.0.0.1:8787
Content-Length: 41
Authorization: Basic dGVzdDp0ZXN0
X-Litmus: basic: 4 (put_get_utf8_segment)

Sending request-line and headers:
Sending request body:
Body block (41 bytes):
[This is
a test file.
for litmus
testing.
]
Request sent; retry is 1.
[status-line] < HTTP/1.1 201 Created
[hdr] Content-Length: 0
Header Name: [content-length], Value: [0]
[hdr] Content-Type: text/plain;charset=UTF-8
Header Name: [content-type], Value: [text/plain;charset=UTF-8]
[hdr] Access-Control-Allow-Origin: *
Header Name: [access-control-allow-origin], Value: [*]
[hdr] Access-Control-Allow-Credentials: false
Header Name: [access-control-allow-credentials], Value: [false]
[hdr] Access-Control-Allow-Headers: authorization, content-type, depth, overwrite, destination, range, if, lock-token, timeout
Header Name: [access-control-allow-headers], Value: [authorization, content-type, depth, overwrite, destination, range, if, lock-token, timeout]
[hdr] Access-Control-Allow-Methods: OPTIONS, PROPFIND, PROPPATCH, MKCOL, GET, HEAD, PUT, DELETE, COPY, MOVE, LOCK, UNLOCK
Header Name: [access-control-allow-methods], Value: [OPTIONS, PROPFIND, PROPPATCH, MKCOL, GET, HEAD, PUT, DELETE, COPY, MOVE, LOCK, UNLOCK]
[hdr] Access-Control-Expose-Headers: content-type, content-length, dav, etag, last-modified, location, date, content-range, lock-token
Header Name: [access-control-expose-headers], Value: [content-type, content-length, dav, etag, last-modified, location, date, content-range, lock-token]
[hdr] Access-Control-Max-Age: 86400
Header Name: [access-control-max-age], Value: [86400]
[hdr] 
End of headers.
Running post_headers hooks
Running post_send hooks
auth: Post-send (#0), code is 201 (want 401), WWW-Authenticate is (none)
Request ends, status 201 class 2xx, error line:
201 Created
Running destroy hooks.
Request ends.
auth: Create for WWW-Authenticate
Running pre_send hooks
auth: Sending 'Basic' response.
auth: '/litmus/res-%e2%82%ac' is inside auth domain: 1.
Sending request headers:
GET /litmus/res-%e2%82%ac HTTP/1.1
User-Agent: litmus/0.13 neon/0.33.0
Connection: TE
TE: trailers
Host: 127.0.0.1:8787
Authorization: Basic dGVzdDp0ZXN0
X-Litmus: basic: 4 (put_get_utf8_segment)

Sending request-line and headers:
Request sent; retry is 1.
[status-line] < HTTP/1.1 206 Partial Content
[hdr] Content-Length: 41
Header Name: [content-length], Value: [41]
[hdr] Content-Type: application/octet-stream
Header Name: [content-type], Value: [application/octet-stream]
[hdr] Content-Range: bytes 0-40/41
Header Name: [content-range], Value: [bytes 0-40/41]
[hdr] Accept-Ranges: bytes
Header Name: [accept-ranges], Value: [bytes]
[hdr] Access-Control-Allow-Origin: *
Header Name: [access-control-allow-origin], Value: [*]
[hdr] Access-Control-Allow-Credentials: false
Header Name: [access-control-allow-credentials], Value: [false]
[hdr] Access-Control-Allow-Headers: authorization, content-type, depth, overwrite, destination, range, if, lock-token, timeout
Header Name: [access-control-allow-headers], Value: [authorization, content-type, depth, overwrite, destination, range, if, lock-token, timeout]
[hdr] Access-Control-Allow-Methods: OPTIONS, PROPFIND, PROPPATCH, MKCOL, GET, HEAD, PUT, DELETE, COPY, MOVE, LOCK, UNLOCK
Header Name: [access-control-allow-methods], Value: [OPTIONS, PROPFIND, PROPPATCH, MKCOL, GET, HEAD, PUT, DELETE, COPY, MOVE, LOCK, UNLOCK]
[hdr] Access-Control-Expose-Headers: content-type, content-length, dav, etag, last-modified, location, date, content-range, lock-token
Header Name: [access-control-expose-headers], Value: [content-type, content-length, dav, etag, last-modified, location, date, content-range, lock-token]
[hdr] Access-Control-Max-Age: 86400
Header Name: [access-control-max-age], Value: [86400]
[hdr] 
End of headers.
Running post_headers hooks
Reading 41 bytes of response body.
Got 41 bytes.
Read block (41 bytes):
[This is
a test file.
for litmus
testing.
]
Running post_send hooks
auth: Post-send (#0), code is 206 (want 401), WWW-Authenticate is (none)
Running destroy hooks.
Request ends.
******* Running test 5: put_no_parent ********
auth: Create for WWW-Authenticate
Running pre_send hooks
auth: Sending 'Basic' response.
auth: '/litmus/409me/noparent.txt/' is inside auth domain: 1.
Sending request headers:
MKCOL /litmus/409me/noparent.txt/ HTTP/1.1
User-Agent: litmus/0.13 neon/0.33.0
Connection: TE
TE: trailers
Host: 127.0.0.1:8787
Authorization: Basic dGVzdDp0ZXN0
X-Litmus: basic: 5 (put_no_parent)

Sending request-line and headers:
Request sent; retry is 1.
[status-line] < HTTP/1.1 409 Conflict
[hdr] Content-Length: 8
Header Name: [content-length], Value: [8]
[hdr] Content-Type: text/plain;charset=UTF-8
Header Name: [content-type], Value: [text/plain;charset=UTF-8]
[hdr] Access-Control-Allow-Origin: *
Header Name: [access-control-allow-origin], Value: [*]
[hdr] Access-Control-Allow-Credentials: false
Header Name: [access-control-allow-credentials], Value: [false]
[hdr] Access-Control-Allow-Headers: authorization, content-type, depth, overwrite, destination, range, if, lock-token, timeout
Header Name: [access-control-allow-headers], Value: [authorization, content-type, depth, overwrite, destination, range, if, lock-token, timeout]
[hdr] Access-Control-Allow-Methods: OPTIONS, PROPFIND, PROPPATCH, MKCOL, GET, HEAD, PUT, DELETE, COPY, MOVE, LOCK, UNLOCK
Header Name: [access-control-allow-methods], Value: [OPTIONS, PROPFIND, PROPPATCH, MKCOL, GET, HEAD, PUT, DELETE, COPY, MOVE, LOCK, UNLOCK]
[hdr] Access-Control-Expose-Headers: content-type, content-length, dav, etag, last-modified, location, date, content-range, lock-token
Header Name: [access-control-expose-headers], Value: [content-type, content-length, dav, etag, last-modified, location, date, content-range, lock-token]
[hdr] Access-Control-Max-Age: 86400
Header Name: [access-control-max-age], Value: [86400]
[hdr] 
End of headers.
Running post_headers hooks
Reading 8 bytes of response body.
Got 8 bytes.
Read block (8 bytes):
[Conflict]
Running post_send hooks
auth: Post-send (#0), code is 409 (want 401), WWW-Authenticate is (none)
Running destroy hooks.
Request ends.
******* Running test 6: mkcol_over_plain ********
auth: Create for WWW-Authenticate
Running pre_send hooks
auth: Sending 'Basic' response.
auth: '/litmus/res-%e2%82%ac/' is inside auth domain: 1.
Sending request headers:
MKCOL /litmus/res-%e2%82%ac/ HTTP/1.1
User-Agent: litmus/0.13 neon/0.33.0
Connection: TE
TE: trailers
Host: 127.0.0.1:8787
Authorization: Basic dGVzdDp0ZXN0
X-Litmus: basic: 6 (mkcol_over_plain)

Sending request-line and headers:
Request sent; retry is 1.
[status-line] < HTTP/1.1 405 Method Not Allowed
[hdr] Content-Length: 18
Header Name: [content-length], Value: [18]
[hdr] Content-Type: text/plain;charset=UTF-8
Header Name: [content-type], Value: [text/plain;charset=UTF-8]
[hdr] Access-Control-Allow-Origin: *
Header Name: [access-control-allow-origin], Value: [*]
[hdr] Access-Control-Allow-Credentials: false
Header Name: [access-control-allow-credentials], Value: [false]
[hdr] Access-Control-Allow-Headers: authorization, content-type, depth, overwrite, destination, range, if, lock-token, timeout
Header Name: [access-control-allow-headers], Value: [authorization, content-type, depth, overwrite, destination, range, if, lock-token, timeout]
[hdr] Access-Control-Allow-Methods: OPTIONS, PROPFIND, PROPPATCH, MKCOL, GET, HEAD, PUT, DELETE, COPY, MOVE, LOCK, UNLOCK
Header Name: [access-control-allow-methods], Value: [OPTIONS, PROPFIND, PROPPATCH, MKCOL, GET, HEAD, PUT, DELETE, COPY, MOVE, LOCK, UNLOCK]
[hdr] Access-Control-Expose-Headers: content-type, content-length, dav, etag, last-modified, location, date, content-range, lock-token
Header Name: [access-control-expose-headers], Value: [content-type, content-length, dav, etag, last-modified, location, date, content-range, lock-token]
[hdr] Access-Control-Max-Age: 86400
Header Name: [access-control-max-age], Value: [86400]
[hdr] 
End of headers.
Running post_headers hooks
Reading 18 bytes of response body.
Got 18 bytes.
Read block (18 bytes):
[Method Not Allowed]
Running post_send hooks
auth: Post-send (#0), code is 405 (want 401), WWW-Authenticate is (none)
Running destroy hooks.
Request ends.
******* Running test 7: delete ********
auth: Create for WWW-Authenticate
Running pre_send hooks
auth: Sending 'Basic' response.
auth: '/litmus/res-%e2%82%ac' is inside auth domain: 1.
Sending request headers:
DELETE /litmus/res-%e2%82%ac HTTP/1.1
User-Agent: litmus/0.13 neon/0.33.0
Connection: TE
TE: trailers
Host: 127.0.0.1:8787
Authorization: Basic dGVzdDp0ZXN0
X-Litmus: basic: 7 (delete)

Sending request-line and headers:
Request sent; retry is 1.
[status-line] < HTTP/1.1 204 No Content
[hdr] Access-Control-Allow-Origin: *
Header Name: [access-control-allow-origin], Value: [*]
[hdr] Access-Control-Allow-Credentials: false
Header Name: [access-control-allow-credentials], Value: [false]
[hdr] Access-Control-Allow-Headers: authorization, content-type, depth, overwrite, destination, range, if, lock-token, timeout
Header Name: [access-control-allow-headers], Value: [authorization, content-type, depth, overwrite, destination, range, if, lock-token, timeout]
[hdr] Access-Control-Allow-Methods: OPTIONS, PROPFIND, PROPPATCH, MKCOL, GET, HEAD, PUT, DELETE, COPY, MOVE, LOCK, UNLOCK
Header Name: [access-control-allow-methods], Value: [OPTIONS, PROPFIND, PROPPATCH, MKCOL, GET, HEAD, PUT, DELETE, COPY, MOVE, LOCK, UNLOCK]
[hdr] Access-Control-Expose-Headers: content-type, content-length, dav, etag, last-modified, location, date, content-range, lock-token
Header Name: [access-control-expose-headers], Value: [content-type, content-length, dav, etag, last-modified, location, date, content-range, lock-token]
[hdr] Access-Control-Max-Age: 86400
Header Name: [access-control-max-age], Value: [86400]
[hdr] 
End of headers.
Running post_headers hooks
Running post_send hooks
auth: Post-send (#0), code is 204 (want 401), WWW-Authenticate is (none)
Running destroy hooks.
Request ends.
******* Running test 8: delete_null ********
auth: Create for WWW-Authenticate
Running pre_send hooks
auth: Sending 'Basic' response.
auth: '/litmus/404me' is inside auth domain: 1.
Sending request headers:
DELETE /litmus/404me HTTP/1.1
User-Agent: litmus/0.13 neon/0.33.0
Connection: TE
TE: trailers
Host: 127.0.0.1:8787
Authorization: Basic dGVzdDp0ZXN0
X-Litmus: basic: 8 (delete_null)

Sending request-line and headers:
Request sent; retry is 1.
[status-line] < HTTP/1.1 404 Not Found
[hdr] Content-Length: 9
Header Name: [content-length], Value: [9]
[hdr] Content-Type: text/plain;charset=UTF-8
Header Name: [content-type], Value: [text/plain;charset=UTF-8]
[hdr] Access-Control-Allow-Origin: *
Header Name: [access-control-allow-origin], Value: [*]
[hdr] Access-Control-Allow-Credentials: false
Header Name: [access-control-allow-credentials], Value: [false]
[hdr] Access-Control-Allow-Headers: authorization, content-type, depth, overwrite, destination, range, if, lock-token, timeout
Header Name: [access-control-allow-headers], Value: [authorization, content-type, depth, overwrite, destination, range, if, lock-token, timeout]
[hdr] Access-Control-Allow-Methods: OPTIONS, PROPFIND, PROPPATCH, MKCOL, GET, HEAD, PUT, DELETE, COPY, MOVE, LOCK, UNLOCK
Header Name: [access-control-allow-methods], Value: [OPTIONS, PROPFIND, PROPPATCH, MKCOL, GET, HEAD, PUT, DELETE, COPY, MOVE, LOCK, UNLOCK]
[hdr] Access-Control-Expose-Headers: content-type, content-length, dav, etag, last-modified, location, date, content-range, lock-token
Header Name: [access-control-expose-headers], Value: [content-type, content-length, dav, etag, last-modified, location, date, content-range, lock-token]
[hdr] Access-Control-Max-Age: 86400
Header Name: [access-control-max-age], Value: [86400]
[hdr] 
End of headers.
Running post_headers hooks
Reading 9 bytes of response body.
Got 9 bytes.
Read block (9 bytes):
[Not Found]
Running post_send hooks
auth: Post-send (#0), code is 404 (want 401), WWW-Authenticate is (none)
Running destroy hooks.
Request ends.
******* Running test 9: delete_fragment ********
auth: Create for WWW-Authenticate
Running pre_send hooks
auth: Sending 'Basic' response.
auth: '/litmus/frag/' is inside auth domain: 1.
Sending request headers:
MKCOL /litmus/frag/ HTTP/1.1
User-Agent: litmus/0.13 neon/0.33.0
Connection: TE
TE: trailers
Host: 127.0.0.1:8787
Authorization: Basic dGVzdDp0ZXN0
X-Litmus: basic: 9 (delete_fragment)

Sending request-line and headers:
Request sent; retry is 1.
[status-line] < HTTP/1.1 201 Created
[hdr] Content-Length: 0
Header Name: [content-length], Value: [0]
[hdr] Content-Type: text/plain;charset=UTF-8
Header Name: [content-type], Value: [text/plain;charset=UTF-8]
[hdr] Access-Control-Allow-Origin: *
Header Name: [access-control-allow-origin], Value: [*]
[hdr] Access-Control-Allow-Credentials: false
Header Name: [access-control-allow-credentials], Value: [false]
[hdr] Access-Control-Allow-Headers: authorization, content-type, depth, overwrite, destination, range, if, lock-token, timeout
Header Name: [access-control-allow-headers], Value: [authorization, content-type, depth, overwrite, destination, range, if, lock-token, timeout]
[hdr] Access-Control-Allow-Methods: OPTIONS, PROPFIND, PROPPATCH, MKCOL, GET, HEAD, PUT, DELETE, COPY, MOVE, LOCK, UNLOCK
Header Name: [access-control-allow-methods], Value: [OPTIONS, PROPFIND, PROPPATCH, MKCOL, GET, HEAD, PUT, DELETE, COPY, MOVE, LOCK, UNLOCK]
[hdr] Access-Control-Expose-Headers: content-type, content-length, dav, etag, last-modified, location, date, content-range, lock-token
Header Name: [access-control-expose-headers], Value: [content-type, content-length, dav, etag, last-modified, location, date, content-range, lock-token]
[hdr] Access-Control-Max-Age: 86400
Header Name: [access-control-max-age], Value: [86400]
[hdr] 
End of headers.
Running post_headers hooks
Running post_send hooks
auth: Post-send (#0), code is 201 (want 401), WWW-Authenticate is (none)
Running destroy hooks.
Request ends.
auth: Create for WWW-Authenticate
Running pre_send hooks
auth: Sending 'Basic' response.
auth: '/litmus/frag/' is inside auth domain: 1.
Sending request headers:
DELETE /litmus/frag/#ment HTTP/1.1
User-Agent: litmus/0.13 neon/0.33.0
Connection: TE
TE: trailers
Host: 127.0.0.1:8787
Authorization: Basic dGVzdDp0ZXN0
X-Litmus: basic: 9 (delete_fragment)

Sending request-line and headers:
Request sent; retry is 1.
[status-line] < HTTP/1.1 204 No Content
[hdr] Access-Control-Allow-Origin: *
Header Name: [access-control-allow-origin], Value: [*]
[hdr] Access-Control-Allow-Credentials: false
Header Name: [access-control-allow-credentials], Value: [false]
[hdr] Access-Control-Allow-Headers: authorization, content-type, depth, overwrite, destination, range, if, lock-token, timeout
Header Name: [access-control-allow-headers], Value: [authorization, content-type, depth, overwrite, destination, range, if, lock-token, timeout]
[hdr] Access-Control-Allow-Methods: OPTIONS, PROPFIND, PROPPATCH, MKCOL, GET, HEAD, PUT, DELETE, COPY, MOVE, LOCK, UNLOCK
Header Name: [access-control-allow-methods], Value: [OPTIONS, PROPFIND, PROPPATCH, MKCOL, GET, HEAD, PUT, DELETE, COPY, MOVE, LOCK, UNLOCK]
[hdr] Access-Control-Expose-Headers: content-type, content-length, dav, etag, last-modified, location, date, content-range, lock-token
Header Name: [access-control-expose-headers], Value: [content-type, content-length, dav, etag, last-modified, location, date, content-range, lock-token]
[hdr] Access-Control-Max-Age: 86400
Header Name: [access-control-max-age], Value: [86400]
[hdr] 
End of headers.
Running post_headers hooks
Running post_send hooks
auth: Post-send (#0), code is 204 (want 401), WWW-Authenticate is (none)
Running destroy hooks.
Request ends.
******* Running test 10: mkcol ********
auth: Create for WWW-Authenticate
Running pre_send hooks
auth: Sending 'Basic' response.
auth: '/litmus/coll/' is inside auth domain: 1.
Sending request headers:
MKCOL /litmus/coll/ HTTP/1.1
User-Agent: litmus/0.13 neon/0.33.0
Connection: TE
TE: trailers
Host: 127.0.0.1:8787
Authorization: Basic dGVzdDp0ZXN0
X-Litmus: basic: 10 (mkcol)

Sending request-line and headers:
Request sent; retry is 1.
[status-line] < HTTP/1.1 201 Created
[hdr] Content-Length: 0
Header Name: [content-length], Value: [0]
[hdr] Content-Type: text/plain;charset=UTF-8
Header Name: [content-type], Value: [text/plain;charset=UTF-8]
[hdr] Access-Control-Allow-Origin: *
Header Name: [access-control-allow-origin], Value: [*]
[hdr] Access-Control-Allow-Credentials: false
Header Name: [access-control-allow-credentials], Value: [false]
[hdr] Access-Control-Allow-Headers: authorization, content-type, depth, overwrite, destination, range, if, lock-token, timeout
Header Name: [access-control-allow-headers], Value: [authorization, content-type, depth, overwrite, destination, range, if, lock-token, timeout]
[hdr] Access-Control-Allow-Methods: OPTIONS, PROPFIND, PROPPATCH, MKCOL, GET, HEAD, PUT, DELETE, COPY, MOVE, LOCK, UNLOCK
Header Name: [access-control-allow-methods], Value: [OPTIONS, PROPFIND, PROPPATCH, MKCOL, GET, HEAD, PUT, DELETE, COPY, MOVE, LOCK, UNLOCK]
[hdr] Access-Control-Expose-Headers: content-type, content-length, dav, etag, last-modified, location, date, content-range, lock-token
Header Name: [access-control-expose-headers], Value: [content-type, content-length, dav, etag, last-modified, location, date, content-range, lock-token]
[hdr] Access-Control-Max-Age: 86400
Header Name: [access-control-max-age], Value: [86400]
[hdr] 
End of headers.
Running post_headers hooks
Running post_send hooks
auth: Post-send (#0), code is 201 (want 401), WWW-Authenticate is (none)
Running destroy hooks.
Request ends.
******* Running test 11: mkcol_again ********
auth: Create for WWW-Authenticate
Running pre_send hooks
auth: Sending 'Basic' response.
auth: '/litmus/coll/' is inside auth domain: 1.
Sending request headers:
MKCOL /litmus/coll/ HTTP/1.1
User-Agent: litmus/0.13 neon/0.33.0
Connection: TE
TE: trailers
Host: 127.0.0.1:8787
Authorization: Basic dGVzdDp0ZXN0
X-Litmus: basic: 11 (mkcol_again)

Sending request-line and headers:
Request sent; retry is 1.
[status-line] < HTTP/1.1 405 Method Not Allowed
[hdr] Content-Length: 18
Header Name: [content-length], Value: [18]
[hdr] Content-Type: text/plain;charset=UTF-8
Header Name: [content-type], Value: [text/plain;charset=UTF-8]
[hdr] Access-Control-Allow-Origin: *
Header Name: [access-control-allow-origin], Value: [*]
[hdr] Access-Control-Allow-Credentials: false
Header Name: [access-control-allow-credentials], Value: [false]
[hdr] Access-Control-Allow-Headers: authorization, content-type, depth, overwrite, destination, range, if, lock-token, timeout
Header Name: [access-control-allow-headers], Value: [authorization, content-type, depth, overwrite, destination, range, if, lock-token, timeout]
[hdr] Access-Control-Allow-Methods: OPTIONS, PROPFIND, PROPPATCH, MKCOL, GET, HEAD, PUT, DELETE, COPY, MOVE, LOCK, UNLOCK
Header Name: [access-control-allow-methods], Value: [OPTIONS, PROPFIND, PROPPATCH, MKCOL, GET, HEAD, PUT, DELETE, COPY, MOVE, LOCK, UNLOCK]
[hdr] Access-Control-Expose-Headers: content-type, content-length, dav, etag, last-modified, location, date, content-range, lock-token
Header Name: [access-control-expose-headers], Value: [content-type, content-length, dav, etag, last-modified, location, date, content-range, lock-token]
[hdr] Access-Control-Max-Age: 86400
Header Name: [access-control-max-age], Value: [86400]
[hdr] 
End of headers.
Running post_headers hooks
Reading 18 bytes of response body.
Got 18 bytes.
Read block (18 bytes):
[Method Not Allowed]
Running post_send hooks
auth: Post-send (#0), code is 405 (want 401), WWW-Authenticate is (none)
Running destroy hooks.
Request ends.
******* Running test 12: delete_coll ********
auth: Create for WWW-Authenticate
Running pre_send hooks
auth: Sending 'Basic' response.
auth: '/litmus/coll/' is inside auth domain: 1.
Sending request headers:
DELETE /litmus/coll/ HTTP/1.1
User-Agent: litmus/0.13 neon/0.33.0
Connection: TE
TE: trailers
Host: 127.0.0.1:8787
Authorization: Basic dGVzdDp0ZXN0
X-Litmus: basic: 12 (delete_coll)

Sending request-line and headers:
Request sent; retry is 1.
[status-line] < HTTP/1.1 204 No Content
[hdr] Access-Control-Allow-Origin: *
Header Name: [access-control-allow-origin], Value: [*]
[hdr] Access-Control-Allow-Credentials: false
Header Name: [access-control-allow-credentials], Value: [false]
[hdr] Access-Control-Allow-Headers: authorization, content-type, depth, overwrite, destination, range, if, lock-token, timeout
Header Name: [access-control-allow-headers], Value: [authorization, content-type, depth, overwrite, destination, range, if, lock-token, timeout]
[hdr] Access-Control-Allow-Methods: OPTIONS, PROPFIND, PROPPATCH, MKCOL, GET, HEAD, PUT, DELETE, COPY, MOVE, LOCK, UNLOCK
Header Name: [access-control-allow-methods], Value: [OPTIONS, PROPFIND, PROPPATCH, MKCOL, GET, HEAD, PUT, DELETE, COPY, MOVE, LOCK, UNLOCK]
[hdr] Access-Control-Expose-Headers: content-type, content-length, dav, etag, last-modified, location, date, content-range, lock-token
Header Name: [access-control-expose-headers], Value: [content-type, content-length, dav, etag, last-modified, location, date, content-range, lock-token]
[hdr] Access-Control-Max-Age: 86400
Header Name: [access-control-max-age], Value: [86400]
[hdr] 
End of headers.
Running post_headers hooks
Running post_send hooks
auth: Post-send (#0), code is 204 (want 401), WWW-Authenticate is (none)
Running destroy hooks.
Request ends.
******* Running test 13: mkcol_no_parent ********
auth: Create for WWW-Authenticate
Running pre_send hooks
auth: Sending 'Basic' response.
auth: '/litmus/409me/noparent/' is inside auth domain: 1.
Sending request headers:
MKCOL /litmus/409me/noparent/ HTTP/1.1
User-Agent: litmus/0.13 neon/0.33.0
Connection: TE
TE: trailers
Host: 127.0.0.1:8787
Authorization: Basic dGVzdDp0ZXN0
X-Litmus: basic: 13 (mkcol_no_parent)

Sending request-line and headers:
Request sent; retry is 1.
[status-line] < HTTP/1.1 409 Conflict
[hdr] Content-Length: 8
Header Name: [content-length], Value: [8]
[hdr] Content-Type: text/plain;charset=UTF-8
Header Name: [content-type], Value: [text/plain;charset=UTF-8]
[hdr] Access-Control-Allow-Origin: *
Header Name: [access-control-allow-origin], Value: [*]
[hdr] Access-Control-Allow-Credentials: false
Header Name: [access-control-allow-credentials], Value: [false]
[hdr] Access-Control-Allow-Headers: authorization, content-type, depth, overwrite, destination, range, if, lock-token, timeout
Header Name: [access-control-allow-headers], Value: [authorization, content-type, depth, overwrite, destination, range, if, lock-token, timeout]
[hdr] Access-Control-Allow-Methods: OPTIONS, PROPFIND, PROPPATCH, MKCOL, GET, HEAD, PUT, DELETE, COPY, MOVE, LOCK, UNLOCK
Header Name: [access-control-allow-methods], Value: [OPTIONS, PROPFIND, PROPPATCH, MKCOL, GET, HEAD, PUT, DELETE, COPY, MOVE, LOCK, UNLOCK]
[hdr] Access-Control-Expose-Headers: content-type, content-length, dav, etag, last-modified, location, date, content-range, lock-token
Header Name: [access-control-expose-headers], Value: [content-type, content-length, dav, etag, last-modified, location, date, content-range, lock-token]
[hdr] Access-Control-Max-Age: 86400
Header Name: [access-control-max-age], Value: [86400]
[hdr] 
End of headers.
Running post_headers hooks
Reading 8 bytes of response body.
Got 8 bytes.
Read block (8 bytes):
[Conflict]
Running post_send hooks
auth: Post-send (#0), code is 409 (want 401), WWW-Authenticate is (none)
Running destroy hooks.
Request ends.
******* Running test 14: mkcol_with_body ********
auth: Create for WWW-Authenticate
Running pre_send hooks
auth: Sending 'Basic' response.
auth: '/litmus/mkcolbody' is inside auth domain: 1.
Sending request headers:
MKCOL /litmus/mkcolbody HTTP/1.1
User-Agent: litmus/0.13 neon/0.33.0
Connection: TE
TE: trailers
Host: 127.0.0.1:8787
Content-Type: xzy-foo/bar-512
Content-Length: 8
Authorization: Basic dGVzdDp0ZXN0
X-Litmus: basic: 14 (mkcol_with_body)

Sending request-line and headers:
Sending request body:
Body block (8 bytes):
[afafafaf]
Request sent; retry is 1.
[status-line] < HTTP/1.1 415 Unsupported Media Type
[hdr] Content-Length: 22
Header Name: [content-length], Value: [22]
[hdr] Content-Type: text/plain;charset=UTF-8
Header Name: [content-type], Value: [text/plain;charset=UTF-8]
[hdr] Access-Control-Allow-Origin: *
Header Name: [access-control-allow-origin], Value: [*]
[hdr] Access-Control-Allow-Credentials: false
Header Name: [access-control-allow-credentials], Value: [false]
[hdr] Access-Control-Allow-Headers: authorization, content-type, depth, overwrite, destination, range, if, lock-token, timeout
Header Name: [access-control-allow-headers], Value: [authorization, content-type, depth, overwrite, destination, range, if, lock-token, timeout]
[hdr] Access-Control-Allow-Methods: OPTIONS, PROPFIND, PROPPATCH, MKCOL, GET, HEAD, PUT, DELETE, COPY, MOVE, LOCK, UNLOCK
Header Name: [access-control-allow-methods], Value: [OPTIONS, PROPFIND, PROPPATCH, MKCOL, GET, HEAD, PUT, DELETE, COPY, MOVE, LOCK, UNLOCK]
[hdr] Access-Control-Expose-Headers: content-type, content-length, dav, etag, last-modified, location, date, content-range, lock-token
Header Name: [access-control-expose-headers], Value: [content-type, content-length, dav, etag, last-modified, location, date, content-range, lock-token]
[hdr] Access-Control-Max-Age: 86400
Header Name: [access-control-max-age], Value: [86400]
[hdr] 
End of headers.
Running post_headers hooks
Reading 22 bytes of response body.
Got 22 bytes.
Read block (22 bytes):
[Unsupported Media Type]
Running post_send hooks
auth: Post-send (#0), code is 415 (want 401), WWW-Authenticate is (none)
Request ends, status 415 class 4xx, error line:
415 Unsupported Media Type
Running destroy hooks.
Request ends.
******* Running test 15: finish ********
sess: Destroying session.
sess: Closing connection.
sess: Connection closed.
Version string: neon 0.33.0: Library build, IPv6, libxml 2.9.14, zlib 1.3, GNU TLS 3.8.3.
******* Running test 0: init ********
******* Running test 1: begin ********
HTTP session to http://127.0.0.1:8787 begins.
sess: Using IP literal address for 127.0.0.1
HTTP session to http://127.0.0.1:8787 begins.
sess: Using IP literal address for 127.0.0.1
auth: Create for WWW-Authenticate
Running pre_send hooks
Sending request headers:
DELETE /litmus/ HTTP/1.1
User-Agent: litmus/0.13 neon/0.33.0
Keep-Alive: 
Connection: TE, Keep-Alive
TE: trailers
Host: 127.0.0.1:8787
X-Litmus: copymove: 1 (begin)

Sending request-line and headers:
req: Connecting to 127.0.0.1:8787
Request sent; retry is 0.
[status-line] < HTTP/1.1 401 Unauthorized
[hdr] Content-Length: 12
Header Name: [content-length], Value: [12]
[hdr] Content-Type: text/plain;charset=UTF-8
Header Name: [content-type], Value: [text/plain;charset=UTF-8]
[hdr] WWW-Authenticate: Basic realm="webdav"
Header Name: [www-authenticate], Value: [Basic realm="webdav"]
[hdr] 
End of headers.
Running post_headers hooks
Reading 12 bytes of response body.
Got 12 bytes.
Read block (12 bytes):
[Unauthorized]
Running post_send hooks
auth: Post-send (#0), code is 401 (want 401), WWW-Authenticate is Basic realm="webdav"
auth: Got challenge (code 401).
auth: Got 'Basic' challenge.
auth: Trying Basic challenge...
auth: Basic auth scope is: /litmus/
auth: Accepted Basic challenge.
Running pre_send hooks
auth: Sending 'Basic' response.
auth: '/litmus/' is inside auth domain: 1.
Sending request headers:
DELETE /litmus/ HTTP/1.1
User-Agent: litmus/0.13 neon/0.33.0
Keep-Alive: 
Connection: TE, Keep-Alive
TE: trailers
Host: 127.0.0.1:8787
Authorization: Basic dGVzdDp0ZXN0
X-Litmus: copymove: 1 (begin)

Sending request-line and headers:
Request sent; retry is 1.
[status-line] < HTTP/1.1 204 No Content
[hdr] Access-Control-Allow-Origin: *
Header Name: [access-control-allow-origin], Value: [*]
[hdr] Access-Control-Allow-Credentials: false
Header Name: [access-control-allow-credentials], Value: [false]
[hdr] Access-Control-Allow-Headers: authorization, content-type, depth, overwrite, destination, range, if, lock-token, timeout
Header Name: [access-control-allow-headers], Value: [authorization, content-type, depth, overwrite, destination, range, if, lock-token, timeout]
[hdr] Access-Control-Allow-Methods: OPTIONS, PROPFIND, PROPPATCH, MKCOL, GET, HEAD, PUT, DELETE, COPY, MOVE, LOCK, UNLOCK
Header Name: [access-control-allow-methods], Value: [OPTIONS, PROPFIND, PROPPATCH, MKCOL, GET, HEAD, PUT, DELETE, COPY, MOVE, LOCK, UNLOCK]
[hdr] Access-Control-Expose-Headers: content-type, content-length, dav, etag, last-modified, location, date, content-range, lock-token
Header Name: [access-control-expose-headers], Value: [content-type, content-length, dav, etag, last-modified, location, date, content-range, lock-token]
[hdr] Access-Control-Max-Age: 86400
Header Name: [access-control-max-age], Value: [86400]
[hdr] 
End of headers.
Running post_headers hooks
Running post_send hooks
auth: Post-send (#1), code is 204 (want 401), WWW-Authenticate is (none)
Running destroy hooks.
Request ends.
auth: Create for WWW-Authenticate
Running pre_send hooks
auth: Sending 'Basic' response.
auth: '/litmus/' is inside auth domain: 1.
Sending request headers:
MKCOL /litmus/ HTTP/1.1
User-Agent: litmus/0.13 neon/0.33.0
Connection: TE
TE: trailers
Host: 127.0.0.1:8787
Authorization: Basic dGVzdDp0ZXN0
X-Litmus: copymove: 1 (begin)

Sending request-line and headers:
Request sent; retry is 1.
[status-line] < HTTP/1.1 201 Created
[hdr] Content-Length: 0
Header Name: [content-length], Value: [0]
[hdr] Content-Type: text/plain;charset=UTF-8
Header Name: [content-type], Value: [text/plain;charset=UTF-8]
[hdr] Access-Control-Allow-Origin: *
Header Name: [access-control-allow-origin], Value: [*]
[hdr] Access-Control-Allow-Credentials: false
Header Name: [access-control-allow-credentials], Value: [false]
[hdr] Access-Control-Allow-Headers: authorization, content-type, depth, overwrite, destination, range, if, lock-token, timeout
Header Name: [access-control-allow-headers], Value: [authorization, content-type, depth, overwrite, destination, range, if, lock-token, timeout]
[hdr] Access-Control-Allow-Methods: OPTIONS, PROPFIND, PROPPATCH, MKCOL, GET, HEAD, PUT, DELETE, COPY, MOVE, LOCK, UNLOCK
Header Name: [access-control-allow-methods], Value: [OPTIONS, PROPFIND, PROPPATCH, MKCOL, GET, HEAD, PUT, DELETE, COPY, MOVE, LOCK, UNLOCK]
[hdr] Access-Control-Expose-Headers: content-type, content-length, dav, etag, last-modified, location, date, content-range, lock-token
Header Name: [access-control-expose-headers], Value: [content-type, content-length, dav, etag, last-modified, location, date, content-range, lock-token]
[hdr] Access-Control-Max-Age: 86400
Header Name: [access-control-max-age], Value: [86400]
[hdr] 
End of headers.
Running post_headers hooks
Running post_send hooks
auth: Post-send (#0), code is 201 (want 401), WWW-Authenticate is (none)
Running destroy hooks.
Request ends.
******* Running test 2: copy_init ********
auth: Create for WWW-Authenticate
Running pre_send hooks
auth: Sending 'Basic' response.
auth: '/litmus/copysrc' is inside auth domain: 1.
Sending request headers:
PUT /litmus/copysrc HTTP/1.1
User-Agent: litmus/0.13 neon/0.33.0
Connection: TE
TE: trailers
Host: 127.0.0.1:8787
Content-Length: 32
Authorization: Basic dGVzdDp0ZXN0
X-Litmus: copymove: 2 (copy_init)

Sending request-line and headers:
Sending request body:
Body block (32 bytes):
[This
is
a
test
file
called
foo

]
Request sent; retry is 1.
[status-line] < HTTP/1.1 201 Created
[hdr] Content-Length: 0
Header Name: [content-length], Value: [0]
[hdr] Content-Type: text/plain;charset=UTF-8
Header Name: [content-type], Value: [text/plain;charset=UTF-8]
[hdr] Access-Control-Allow-Origin: *
Header Name: [access-control-allow-origin], Value: [*]
[hdr] Access-Control-Allow-Credentials: false
Header Name: [access-control-allow-credentials], Value: [false]
[hdr] Access-Control-Allow-Headers: authorization, content-type, depth, overwrite, destination, range, if, lock-token, timeout
Header Name: [access-control-allow-headers], Value: [authorization, content-type, depth, overwrite, destination, range, if, lock-token, timeout]
[hdr] Access-Control-Allow-Methods: OPTIONS, PROPFIND, PROPPATCH, MKCOL, GET, HEAD, PUT, DELETE, COPY, MOVE, LOCK, UNLOCK
Header Name: [access-control-allow-methods], Value: [OPTIONS, PROPFIND, PROPPATCH, MKCOL, GET, HEAD, PUT, DELETE, COPY, MOVE, LOCK, UNLOCK]
[hdr] Access-Control-Expose-Headers: content-type, content-length, dav, etag, last-modified, location, date, content-range, lock-token
Header Name: [access-control-expose-headers], Value: [content-type, content-length, dav, etag, last-modified, location, date, content-range, lock-token]
[hdr] Access-Control-Max-Age: 86400
Header Name: [access-control-max-age], Value: [86400]
[hdr] 
End of headers.
Running post_headers hooks
Running post_send hooks
auth: Post-send (#0), code is 201 (want 401), WWW-Authenticate is (none)
Request ends, status 201 class 2xx, error line:
201 Created
Running destroy hooks.
Request ends.
auth: Create for WWW-Authenticate
Running pre_send hooks
auth: Sending 'Basic' response.
auth: '/litmus/copycoll/' is inside auth domain: 1.
Sending request headers:
MKCOL /litmus/copycoll/ HTTP/1.1
User-Agent: litmus/0.13 neon/0.33.0
Connection: TE
TE: trailers
Host: 127.0.0.1:8787
Authorization: Basic dGVzdDp0ZXN0
X-Litmus: copymove: 2 (copy_init)

Sending request-line and headers:
Request sent; retry is 1.
[status-line] < HTTP/1.1 201 Created
[hdr] Content-Length: 0
Header Name: [content-length], Value: [0]
[hdr] Content-Type: text/plain;charset=UTF-8
Header Name: [content-type], Value: [text/plain;charset=UTF-8]
[hdr] Access-Control-Allow-Origin: *
Header Name: [access-control-allow-origin], Value: [*]
[hdr] Access-Control-Allow-Credentials: false
Header Name: [access-control-allow-credentials], Value: [false]
[hdr] Access-Control-Allow-Headers: authorization, content-type, depth, overwrite, destination, range, if, lock-token, timeout
Header Name: [access-control-allow-headers], Value: [authorization, content-type, depth, overwrite, destination, range, if, lock-token, timeout]
[hdr] Access-Control-Allow-Methods: OPTIONS, PROPFIND, PROPPATCH, MKCOL, GET, HEAD, PUT, DELETE, COPY, MOVE, LOCK, UNLOCK
Header Name: [access-control-allow-methods], Value: [OPTIONS, PROPFIND, PROPPATCH, MKCOL, GET, HEAD, PUT, DELETE, COPY, MOVE, LOCK, UNLOCK]
[hdr] Access-Control-Expose-Headers: content-type, content-length, dav, etag, last-modified, location, date, content-range, lock-token
Header Name: [access-control-expose-headers], Value: [content-type, content-length, dav, etag, last-modified, location, date, content-range, lock-token]
[hdr] Access-Control-Max-Age: 86400
Header Name: [access-control-max-age], Value: [86400]
[hdr] 
End of headers.
Running post_headers hooks
Running post_send hooks
auth: Post-send (#0), code is 201 (want 401), WWW-Authenticate is (none)
Running destroy hooks.
Request ends.
******* Running test 3: copy_simple ********
auth: Create for WWW-Authenticate
Running pre_send hooks
auth: Sending 'Basic' response.
auth: '/litmus/copysrc' is inside auth domain: 1.
Sending request headers:
COPY /litmus/copysrc HTTP/1.1
User-Agent: litmus/0.13 neon/0.33.0
Connection: TE
TE: trailers
Host: 127.0.0.1:8787
Depth: infinity
Destination: http://127.0.0.1:8787/litmus/copydest
Overwrite: F
Authorization: Basic dGVzdDp0ZXN0
X-Litmus: copymove: 3 (copy_simple)

Sending request-line and headers:
Request sent; retry is 1.
[status-line] < HTTP/1.1 201 Created
[hdr] Content-Length: 0
Header Name: [content-length], Value: [0]
[hdr] Location: /litmus/copydest
Header Name: [location], Value: [/litmus/copydest]
[hdr] Content-Type: text/plain;charset=UTF-8
Header Name: [content-type], Value: [text/plain;charset=UTF-8]
[hdr] Access-Control-Allow-Origin: *
Header Name: [access-control-allow-origin], Value: [*]
[hdr] Access-Control-Allow-Credentials: false
Header Name: [access-control-allow-credentials], Value: [false]
[hdr] Access-Control-Allow-Headers: authorization, content-type, depth, overwrite, destination, range, if, lock-token, timeout
Header Name: [access-control-allow-headers], Value: [authorization, content-type, depth, overwrite, destination, range, if, lock-token, timeout]
[hdr] Access-Control-Allow-Methods: OPTIONS, PROPFIND, PROPPATCH, MKCOL, GET, HEAD, PUT, DELETE, COPY, MOVE, LOCK, UNLOCK
Header Name: [access-control-allow-methods], Value: [OPTIONS, PROPFIND, PROPPATCH, MKCOL, GET, HEAD, PUT, DELETE, COPY, MOVE, LOCK, UNLOCK]
[hdr] Access-Control-Expose-Headers: content-type, content-length, dav, etag, last-modified, location, date, content-range, lock-token
Header Name: [access-control-expose-headers], Value: [content-type, content-length, dav, etag, last-modified, location, date, content-range, lock-token]
[hdr] Access-Control-Max-Age: 86400
Header Name: [access-control-max-age], Value: [86400]
[hdr] 
End of headers.
Running post_headers hooks
Running post_send hooks
auth: Post-send (#0), code is 201 (want 401), WWW-Authenticate is (none)
Running destroy hooks.
Request ends.
******* Running test 4: copy_overwrite ********
auth: Create for WWW-Authenticate
Running pre_send hooks
auth: Sending 'Basic' response.
auth: '/litmus/copysrc' is inside auth domain: 1.
Sending request headers:
COPY /litmus/copysrc HTTP/1.1
User-Agent: litmus/0.13 neon/0.33.0
Connection: TE
TE: trailers
Host: 127.0.0.1:8787
Depth: infinity
Destination: http://127.0.0.1:8787/litmus/copydest
Overwrite: F
Authorization: Basic dGVzdDp0ZXN0
X-Litmus: copymove: 4 (copy_overwrite)

Sending request-line and headers:
Request sent; retry is 1.
[status-line] < HTTP/1.1 412 Precondition Failed
[hdr] Content-Length: 19
Header Name: [content-length], Value: [19]
[hdr] Content-Type: text/plain;charset=UTF-8
Header Name: [content-type], Value: [text/plain;charset=UTF-8]
[hdr] Access-Control-Allow-Origin: *
Header Name: [access-control-allow-origin], Value: [*]
[hdr] Access-Control-Allow-Credentials: false
Header Name: [access-control-allow-credentials], Value: [false]
[hdr] Access-Control-Allow-Headers: authorization, content-type, depth, overwrite, destination, range, if, lock-token, timeout
Header Name: [access-control-allow-headers], Value: [authorization, content-type, depth, overwrite, destination, range, if, lock-token, timeout]
[hdr] Access-Control-Allow-Methods: OPTIONS, PROPFIND, PROPPATCH, MKCOL, GET, HEAD, PUT, DELETE, COPY, MOVE, LOCK, UNLOCK
Header Name: [access-control-allow-methods], Value: [OPTIONS, PROPFIND, PROPPATCH, MKCOL, GET, HEAD, PUT, DELETE, COPY, MOVE, LOCK, UNLOCK]
[hdr] Access-Control-Expose-Headers: content-type, content-length, dav, etag, last-modified, location, date, content-range, lock-token
Header Name: [access-control-expose-headers], Value: [content-type, content-length, dav, etag, last-modified, location, date, content-range, lock-token]
[hdr] Access-Control-Max-Age: 86400
Header Name: [access-control-max-age], Value: [86400]
[hdr] 
End of headers.
Running post_headers hooks
Reading 19 bytes of response body.
Got 19 bytes.
Read block (19 bytes):
[Precondition Failed]
Running post_send hooks
auth: Post-send (#0), code is 412 (want 401), WWW-Authenticate is (none)
Running destroy hooks.
Request ends.
auth: Create for WWW-Authenticate
Running pre_send hooks
auth: Sending 'Basic' response.
auth: '/litmus/copysrc' is inside auth domain: 1.
Sending request headers:
COPY /litmus/copysrc HTTP/1.1
User-Agent: litmus/0.13 neon/0.33.0
Connection: TE
TE: trailers
Host: 127.0.0.1:8787
Depth: infinity
Destination: http://127.0.0.1:8787/litmus/copydest
Overwrite: T
Authorization: Basic dGVzdDp0ZXN0
X-Litmus: copymove: 4 (copy_overwrite)

Sending request-line and headers:
Request sent; retry is 1.
[status-line] < HTTP/1.1 204 No Content
[hdr] Access-Control-Allow-Origin: *
Header Name: [access-control-allow-origin], Value: [*]
[hdr] Access-Control-Allow-Credentials: false
Header Name: [access-control-allow-credentials], Value: [false]
[hdr] Access-Control-Allow-Headers: authorization, content-type, depth, overwrite, destination, range, if, lock-token, timeout
Header Name: [access-control-allow-headers], Value: [authorization, content-type, depth, overwrite, destination, range, if, lock-token, timeout]
[hdr] Access-Control-Allow-Methods: OPTIONS, PROPFIND, PROPPATCH, MKCOL, GET, HEAD, PUT, DELETE, COPY, MOVE, LOCK, UNLOCK
Header Name: [access-control-allow-methods], Value: [OPTIONS, PROPFIND, PROPPATCH, MKCOL, GET, HEAD, PUT, DELETE, COPY, MOVE, LOCK, UNLOCK]
[hdr] Access-Control-Expose-Headers: content-type, content-length, dav, etag, last-modified, location, date, content-range, lock-token
Header Name: [access-control-expose-headers], Value: [content-type, content-length, dav, etag, last-modified, location, date, content-range, lock-token]
[hdr] Access-Control-Max-Age: 86400
Header Name: [access-control-max-age], Value: [86400]
[hdr] 
End of headers.
Running post_headers hooks
Running post_send hooks
auth: Post-send (#0), code is 204 (want 401), WWW-Authenticate is (none)
Running destroy hooks.
Request ends.
auth: Create for WWW-Authenticate
Running pre_send hooks
auth: Sending 'Basic' response.
auth: '/litmus/copysrc' is inside auth domain: 1.
Sending request headers:
COPY /litmus/copysrc HTTP/1.1
User-Agent: litmus/0.13 neon/0.33.0
Connection: TE
TE: trailers
Host: 127.0.0.1:8787
Depth: infinity
Destination: http://127.0.0.1:8787/litmus/copycoll/
Overwrite: T
Authorization: Basic dGVzdDp0ZXN0
X-Litmus: copymove: 4 (copy_overwrite)

Sending request-line and headers:
Request sent; retry is 1.
[status-line] < HTTP/1.1 204 No Content
[hdr] Access-Control-Allow-Origin: *
Header Name: [access-control-allow-origin], Value: [*]
[hdr] Access-Control-Allow-Credentials: false
Header Name: [access-control-allow-credentials], Value: [false]
[hdr] Access-Control-Allow-Headers: authorization, content-type, depth, overwrite, destination, range, if, lock-token, timeout
Header Name: [access-control-allow-headers], Value: [authorization, content-type, depth, overwrite, destination, range, if, lock-token, timeout]
[hdr] Access-Control-Allow-Methods: OPTIONS, PROPFIND, PROPPATCH, MKCOL, GET, HEAD, PUT, DELETE, COPY, MOVE, LOCK, UNLOCK
Header Name: [access-control-allow-methods], Value: [OPTIONS, PROPFIND, PROPPATCH, MKCOL, GET, HEAD, PUT, DELETE, COPY, MOVE, LOCK, UNLOCK]
[hdr] Access-Control-Expose-Headers: content-type, content-length, dav, etag, last-modified, location, date, content-range, lock-token
Header Name: [access-control-expose-headers], Value: [content-type, content-length, dav, etag, last-modified, location, date, content-range, lock-token]
[hdr] Access-Control-Max-Age: 86400
Header Name: [access-control-max-age], Value: [86400]
[hdr] 
End of headers.
Running post_headers hooks
Running post_send hooks
auth: Post-send (#0), code is 204 (want 401), WWW-Authenticate is (none)
Running destroy hooks.
Request ends.
******* Running test 5: copy_nodestcoll ********
auth: Create for WWW-Authenticate
Running pre_send hooks
auth: Sending 'Basic' response.
auth: '/litmus/copysrc' is inside auth domain: 1.
Sending request headers:
COPY /litmus/copysrc HTTP/1.1
User-Agent: litmus/0.13 neon/0.33.0
Connection: TE
TE: trailers
Host: 127.0.0.1:8787
Depth: 0
Destination: http://127.0.0.1:8787/litmus/nonesuch/foo
Overwrite: F
Authorization: Basic dGVzdDp0ZXN0
X-Litmus: copymove: 5 (copy_nodestcoll)

Sending request-line and headers:
Request sent; retry is 1.
[status-line] < HTTP/1.1 409 Conflict
[hdr] Content-Length: 8
Header Name: [content-length], Value: [8]
[hdr] Content-Type: text/plain;charset=UTF-8
Header Name: [content-type], Value: [text/plain;charset=UTF-8]
[hdr] Access-Control-Allow-Origin: *
Header Name: [access-control-allow-origin], Value: [*]
[hdr] Access-Control-Allow-Credentials: false
Header Name: [access-control-allow-credentials], Value: [false]
[hdr] Access-Control-Allow-Headers: authorization, content-type, depth, overwrite, destination, range, if, lock-token, timeout
Header Name: [access-control-allow-headers], Value: [authorization, content-type, depth, overwrite, destination, range, if, lock-token, timeout]
[hdr] Access-Control-Allow-Methods: OPTIONS, PROPFIND, PROPPATCH, MKCOL, GET, HEAD, PUT, DELETE, COPY, MOVE, LOCK, UNLOCK
Header Name: [access-control-allow-methods], Value: [OPTIONS, PROPFIND, PROPPATCH, MKCOL, GET, HEAD, PUT, DELETE, COPY, MOVE, LOCK, UNLOCK]
[hdr] Access-Control-Expose-Headers: content-type, content-length, dav, etag, last-modified, location, date, content-range, lock-token
Header Name: [access-control-expose-headers], Value: [content-type, content-length, dav, etag, last-modified, location, date, content-range, lock-token]
[hdr] Access-Control-Max-Age: 86400
Header Name: [access-control-max-age], Value: [86400]
[hdr] 
End of headers.
Running post_headers hooks
Reading 8 bytes of response body.
Got 8 bytes.
Read block (8 bytes):
[Conflict]
Running post_send hooks
auth: Post-send (#0), code is 409 (want 401), WWW-Authenticate is (none)
Running destroy hooks.
Request ends.
******* Running test 6: copy_cleanup ********
auth: Create for WWW-Authenticate
Running pre_send hooks
auth: Sending 'Basic' response.
auth: '/litmus/copysrc' is inside auth domain: 1.
Sending request headers:
DELETE /litmus/copysrc HTTP/1.1
User-Agent: litmus/0.13 neon/0.33.0
Connection: TE
TE: trailers
Host: 127.0.0.1:8787
Authorization: Basic dGVzdDp0ZXN0
X-Litmus: copymove: 6 (copy_cleanup)

Sending request-line and headers:
Request sent; retry is 1.
[status-line] < HTTP/1.1 204 No Content
[hdr] Access-Control-Allow-Origin: *
Header Name: [access-control-allow-origin], Value: [*]
[hdr] Access-Control-Allow-Credentials: false
Header Name: [access-control-allow-credentials], Value: [false]
[hdr] Access-Control-Allow-Headers: authorization, content-type, depth, overwrite, destination, range, if, lock-token, timeout
Header Name: [access-control-allow-headers], Value: [authorization, content-type, depth, overwrite, destination, range, if, lock-token, timeout]
[hdr] Access-Control-Allow-Methods: OPTIONS, PROPFIND, PROPPATCH, MKCOL, GET, HEAD, PUT, DELETE, COPY, MOVE, LOCK, UNLOCK
Header Name: [access-control-allow-methods], Value: [OPTIONS, PROPFIND, PROPPATCH, MKCOL, GET, HEAD, PUT, DELETE, COPY, MOVE, LOCK, UNLOCK]
[hdr] Access-Control-Expose-Headers: content-type, content-length, dav, etag, last-modified, location, date, content-range, lock-token
Header Name: [access-control-expose-headers], Value: [content-type, content-length, dav, etag, last-modified, location, date, content-range, lock-token]
[hdr] Access-Control-Max-Age: 86400
Header Name: [access-control-max-age], Value: [86400]
[hdr] 
End of headers.
Running post_headers hooks
Running post_send hooks
auth: Post-send (#0), code is 204 (want 401), WWW-Authenticate is (none)
Running destroy hooks.
Request ends.
auth: Create for WWW-Authenticate
Running pre_send hooks
auth: Sending 'Basic' response.
auth: '/litmus/copydest' is inside auth domain: 1.
Sending request headers:
DELETE /litmus/copydest HTTP/1.1
User-Agent: litmus/0.13 neon/0.33.0
Connection: TE
TE: trailers
Host: 127.0.0.1:8787
Authorization: Basic dGVzdDp0ZXN0
X-Litmus: copymove: 6 (copy_cleanup)

Sending request-line and headers:
Request sent; retry is 1.
[status-line] < HTTP/1.1 204 No Content
[hdr] Access-Control-Allow-Origin: *
Header Name: [access-control-allow-origin], Value: [*]
[hdr] Access-Control-Allow-Credentials: false
Header Name: [access-control-allow-credentials], Value: [false]
[hdr] Access-Control-Allow-Headers: authorization, content-type, depth, overwrite, destination, range, if, lock-token, timeout
Header Name: [access-control-allow-headers], Value: [authorization, content-type, depth, overwrite, destination, range, if, lock-token, timeout]
[hdr] Access-Control-Allow-Methods: OPTIONS, PROPFIND, PROPPATCH, MKCOL, GET, HEAD, PUT, DELETE, COPY, MOVE, LOCK, UNLOCK
Header Name: [access-control-allow-methods], Value: [OPTIONS, PROPFIND, PROPPATCH, MKCOL, GET, HEAD, PUT, DELETE, COPY, MOVE, LOCK, UNLOCK]
[hdr] Access-Control-Expose-Headers: content-type, content-length, dav, etag, last-modified, location, date, content-range, lock-token
Header Name: [access-control-expose-headers], Value: [content-type, content-length, dav, etag, last-modified, location, date, content-range, lock-token]
[hdr] Access-Control-Max-Age: 86400
Header Name: [access-control-max-age], Value: [86400]
[hdr] 
End of headers.
Running post_headers hooks
Running post_send hooks
auth: Post-send (#0), code is 204 (want 401), WWW-Authenticate is (none)
Running destroy hooks.
Request ends.
auth: Create for WWW-Authenticate
Running pre_send hooks
auth: Sending 'Basic' response.
auth: '/litmus/copycoll' is inside auth domain: 1.
Sending request headers:
DELETE /litmus/copycoll HTTP/1.1
User-Agent: litmus/0.13 neon/0.33.0
Connection: TE
TE: trailers
Host: 127.0.0.1:8787
Authorization: Basic dGVzdDp0ZXN0
X-Litmus: copymove: 6 (copy_cleanup)

Sending request-line and headers:
Request sent; retry is 1.
[status-line] < HTTP/1.1 204 No Content
[hdr] Access-Control-Allow-Origin: *
Header Name: [access-control-allow-origin], Value: [*]
[hdr] Access-Control-Allow-Credentials: false
Header Name: [access-control-allow-credentials], Value: [false]
[hdr] Access-Control-Allow-Headers: authorization, content-type, depth, overwrite, destination, range, if, lock-token, timeout
Header Name: [access-control-allow-headers], Value: [authorization, content-type, depth, overwrite, destination, range, if, lock-token, timeout]
[hdr] Access-Control-Allow-Methods: OPTIONS, PROPFIND, PROPPATCH, MKCOL, GET, HEAD, PUT, DELETE, COPY, MOVE, LOCK, UNLOCK
Header Name: [access-control-allow-methods], Value: [OPTIONS, PROPFIND, PROPPATCH, MKCOL, GET, HEAD, PUT, DELETE, COPY, MOVE, LOCK, UNLOCK]
[hdr] Access-Control-Expose-Headers: content-type, content-length, dav, etag, last-modified, location, date, content-range, lock-token
Header Name: [access-control-expose-headers], Value: [content-type, content-length, dav, etag, last-modified, location, date, content-range, lock-token]
[hdr] Access-Control-Max-Age: 86400
Header Name: [access-control-max-age], Value: [86400]
[hdr] 
End of headers.
Running post_headers hooks
Running post_send hooks
auth: Post-send (#0), code is 204 (want 401), WWW-Authenticate is (none)
Running destroy hooks.
Request ends.
auth: Create for WWW-Authenticate
Running pre_send hooks
auth: Sending 'Basic' response.
auth: '/litmus/copycoll/' is inside auth domain: 1.
Sending request headers:
DELETE /litmus/copycoll/ HTTP/1.1
User-Agent: litmus/0.13 neon/0.33.0
Connection: TE
TE: trailers
Host: 127.0.0.1:8787
Authorization: Basic dGVzdDp0ZXN0
X-Litmus: copymove: 6 (copy_cleanup)

Sending request-line and headers:
Request sent; retry is 1.
[status-line] < HTTP/1.1 404 Not Found
[hdr] Content-Length: 9
Header Name: [content-length], Value: [9]
[hdr] Content-Type: text/plain;charset=UTF-8
Header Name: [content-type], Value: [text/plain;charset=UTF-8]
[hdr] Access-Control-Allow-Origin: *
Header Name: [access-control-allow-origin], Value: [*]
[hdr] Access-Control-Allow-Credentials: false
Header Name: [access-control-allow-credentials], Value: [false]
[hdr] Access-Control-Allow-Headers: authorization, content-type, depth, overwrite, destination, range, if, lock-token, timeout
Header Name: [access-control-allow-headers], Value: [authorization, content-type, depth, overwrite, destination, range, if, lock-token, timeout]
[hdr] Access-Control-Allow-Methods: OPTIONS, PROPFIND, PROPPATCH, MKCOL, GET, HEAD, PUT, DELETE, COPY, MOVE, LOCK, UNLOCK
Header Name: [access-control-allow-methods], Value: [OPTIONS, PROPFIND, PROPPATCH, MKCOL, GET, HEAD, PUT, DELETE, COPY, MOVE, LOCK, UNLOCK]
[hdr] Access-Control-Expose-Headers: content-type, content-length, dav, etag, last-modified, location, date, content-range, lock-token
Header Name: [access-control-expose-headers], Value: [content-type, content-length, dav, etag, last-modified, location, date, content-range, lock-token]
[hdr] Access-Control-Max-Age: 86400
Header Name: [access-control-max-age], Value: [86400]
[hdr] 
End of headers.
Running post_headers hooks
Reading 9 bytes of response body.
Got 9 bytes.
Read block (9 bytes):
[Not Found]
Running post_send hooks
auth: Post-send (#0), code is 404 (want 401), WWW-Authenticate is (none)
Running destroy hooks.
Request ends.
******* Running test 7: copy_coll ********
auth: Create for WWW-Authenticate
Running pre_send hooks
auth: Sending 'Basic' response.
auth: '/litmus/ccsrc/' is inside auth domain: 1.
Sending request headers:
MKCOL /litmus/ccsrc/ HTTP/1.1
User-Agent: litmus/0.13 neon/0.33.0
Connection: TE
TE: trailers
Host: 127.0.0.1:8787
Authorization: Basic dGVzdDp0ZXN0
X-Litmus: copymove: 7 (copy_coll)

Sending request-line and headers:
Request sent; retry is 1.
[status-line] < HTTP/1.1 201 Created
[hdr] Content-Length: 0
Header Name: [content-length], Value: [0]
[hdr] Content-Type: text/plain;charset=UTF-8
Header Name: [content-type], Value: [text/plain;charset=UTF-8]
[hdr] Access-Control-Allow-Origin: *
Header Name: [access-control-allow-origin], Value: [*]
[hdr] Access-Control-Allow-Credentials: false
Header Name: [access-control-allow-credentials], Value: [false]
[hdr] Access-Control-Allow-Headers: authorization, content-type, depth, overwrite, destination, range, if, lock-token, timeout
Header Name: [access-control-allow-headers], Value: [authorization, content-type, depth, overwrite, destination, range, if, lock-token, timeout]
[hdr] Access-Control-Allow-Methods: OPTIONS, PROPFIND, PROPPATCH, MKCOL, GET, HEAD, PUT, DELETE, COPY, MOVE, LOCK, UNLOCK
Header Name: [access-control-allow-methods], Value: [OPTIONS, PROPFIND, PROPPATCH, MKCOL, GET, HEAD, PUT, DELETE, COPY, MOVE, LOCK, UNLOCK]
[hdr] Access-Control-Expose-Headers: content-type, content-length, dav, etag, last-modified, location, date, content-range, lock-token
Header Name: [access-control-expose-headers], Value: [content-type, content-length, dav, etag, last-modified, location, date, content-range, lock-token]
[hdr] Access-Control-Max-Age: 86400
Header Name: [access-control-max-age], Value: [86400]
[hdr] 
End of headers.
Running post_headers hooks
Running post_send hooks
auth: Post-send (#0), code is 201 (want 401), WWW-Authenticate is (none)
Running destroy hooks.
Request ends.
auth: Create for WWW-Authenticate
Running pre_send hooks
auth: Sending 'Basic' response.
auth: '/litmus/ccsrc/foo.0' is inside auth domain: 1.
Sending request headers:
PUT /litmus/ccsrc/foo.0 HTTP/1.1
User-Agent: litmus/0.13 neon/0.33.0
Connection: TE
TE: trailers
Host: 127.0.0.1:8787
Content-Length: 32
Authorization: Basic dGVzdDp0ZXN0
X-Litmus: copymove: 7 (copy_coll)

Sending request-line and headers:
Sending request body:
Body block (32 bytes):
[This
is
a
test
file
called
foo

]
Request sent; retry is 1.
[status-line] < HTTP/1.1 201 Created
[hdr] Content-Length: 0
Header Name: [content-length], Value: [0]
[hdr] Content-Type: text/plain;charset=UTF-8
Header Name: [content-type], Value: [text/plain;charset=UTF-8]
[hdr] Access-Control-Allow-Origin: *
Header Name: [access-control-allow-origin], Value: [*]
[hdr] Access-Control-Allow-Credentials: false
Header Name: [access-control-allow-credentials], Value: [false]
[hdr] Access-Control-Allow-Headers: authorization, content-type, depth, overwrite, destination, range, if, lock-token, timeout
Header Name: [access-control-allow-headers], Value: [authorization, content-type, depth, overwrite, destination, range, if, lock-token, timeout]
[hdr] Access-Control-Allow-Methods: OPTIONS, PROPFIND, PROPPATCH, MKCOL, GET, HEAD, PUT, DELETE, COPY, MOVE, LOCK, UNLOCK
Header Name: [access-control-allow-methods], Value: [OPTIONS, PROPFIND, PROPPATCH, MKCOL, GET, HEAD, PUT, DELETE, COPY, MOVE, LOCK, UNLOCK]
[hdr] Access-Control-Expose-Headers: content-type, content-length, dav, etag, last-modified, location, date, content-range, lock-token
Header Name: [access-control-expose-headers], Value: [content-type, content-length, dav, etag, last-modified, location, date, content-range, lock-token]
[hdr] Access-Control-Max-Age: 86400
Header Name: [access-control-max-age], Value: [86400]
[hdr] 
End of headers.
Running post_headers hooks
Running post_send hooks
auth: Post-send (#0), code is 201 (want 401), WWW-Authenticate is (none)
Request ends, status 201 class 2xx, error line:
201 Created
Running destroy hooks.
Request ends.
auth: Create for WWW-Authenticate
Running pre_send hooks
auth: Sending 'Basic' response.
auth: '/litmus/ccsrc/foo.1' is inside auth domain: 1.
Sending request headers:
PUT /litmus/ccsrc/foo.1 HTTP/1.1
User-Agent: litmus/0.13 neon/0.33.0
Connection: TE
TE: trailers
Host: 127.0.0.1:8787
Content-Length: 32
Authorization: Basic dGVzdDp0ZXN0
X-Litmus: copymove: 7 (copy_coll)

Sending request-line and headers:
Sending request body:
Body block (32 bytes):
[This
is
a
test
file
called
foo

]
Request sent; retry is 1.
[status-line] < HTTP/1.1 201 Created
[hdr] Content-Length: 0
Header Name: [content-length], Value: [0]
[hdr] Content-Type: text/plain;charset=UTF-8
Header Name: [content-type], Value: [text/plain;charset=UTF-8]
[hdr] Access-Control-Allow-Origin: *
Header Name: [access-control-allow-origin], Value: [*]
[hdr] Access-Control-Allow-Credentials: false
Header Name: [access-control-allow-credentials], Value: [false]
[hdr] Access-Control-Allow-Headers: authorization, content-type, depth, overwrite, destination, range, if, lock-token, timeout
Header Name: [access-control-allow-headers], Value: [authorization, content-type, depth, overwrite, destination, range, if, lock-token, timeout]
[hdr] Access-Control-Allow-Methods: OPTIONS, PROPFIND, PROPPATCH, MKCOL, GET, HEAD, PUT, DELETE, COPY, MOVE, LOCK, UNLOCK
Header Name: [access-control-allow-methods], Value: [OPTIONS, PROPFIND, PROPPATCH, MKCOL, GET, HEAD, PUT, DELETE, COPY, MOVE, LOCK, UNLOCK]
[hdr] Access-Control-Expose-Headers: content-type, content-length, dav, etag, last-modified, location, date, content-range, lock-token
Header Name: [access-control-expose-headers], Value: [content-type, content-length, dav, etag, last-modified, location, date, content-range, lock-token]
[hdr] Access-Control-Max-Age: 86400
Header Name: [access-control-max-age], Value: [86400]
[hdr] 
End of headers.
Running post_headers hooks
Running post_send hooks
auth: Post-send (#0), code is 201 (want 401), WWW-Authenticate is (none)
Request ends, status 201 class 2xx, error line:
201 Created
Running destroy hooks.
Request ends.
auth: Create for WWW-Authenticate
Running pre_send hooks
auth: Sending 'Basic' response.
auth: '/litmus/ccsrc/foo.2' is inside auth domain: 1.
Sending request headers:
PUT /litmus/ccsrc/foo.2 HTTP/1.1
User-Agent: litmus/0.13 neon/0.33.0
Connection: TE
TE: trailers
Host: 127.0.0.1:8787
Content-Length: 32
Authorization: Basic dGVzdDp0ZXN0
X-Litmus: copymove: 7 (copy_coll)

Sending request-line and headers:
Sending request body:
Body block (32 bytes):
[This
is
a
test
file
called
foo

]
Request sent; retry is 1.
[status-line] < HTTP/1.1 201 Created
[hdr] Content-Length: 0
Header Name: [content-length], Value: [0]
[hdr] Content-Type: text/plain;charset=UTF-8
Header Name: [content-type], Value: [text/plain;charset=UTF-8]
[hdr] Access-Control-Allow-Origin: *
Header Name: [access-control-allow-origin], Value: [*]
[hdr] Access-Control-Allow-Credentials: false
Header Name: [access-control-allow-credentials], Value: [false]
[hdr] Access-Control-Allow-Headers: authorization, content-type, depth, overwrite, destination, range, if, lock-token, timeout
Header Name: [access-control-allow-headers], Value: [authorization, content-type, depth, overwrite, destination, range, if, lock-token, timeout]
[hdr] Access-Control-Allow-Methods: OPTIONS, PROPFIND, PROPPATCH, MKCOL, GET, HEAD, PUT, DELETE, COPY, MOVE, LOCK, UNLOCK
Header Name: [access-control-allow-methods], Value: [OPTIONS, PROPFIND, PROPPATCH, MKCOL, GET, HEAD, PUT, DELETE, COPY, MOVE, LOCK, UNLOCK]
[hdr] Access-Control-Expose-Headers: content-type, content-length, dav, etag, last-modified, location, date, content-range, lock-token
Header Name: [access-control-expose-headers], Value: [content-type, content-length, dav, etag, last-modified, location, date, content-range, lock-token]
[hdr] Access-Control-Max-Age: 86400
Header Name: [access-control-max-age], Value: [86400]
[hdr] 
End of headers.
Running post_headers hooks
Running post_send hooks
auth: Post-send (#0), code is 201 (want 401), WWW-Authenticate is (none)
Request ends, status 201 class 2xx, error line:
201 Created
Running destroy hooks.
Request ends.
auth: Create for WWW-Authenticate
Running pre_send hooks
auth: Sending 'Basic' response.
auth: '/litmus/ccsrc/foo.3' is inside auth domain: 1.
Sending request headers:
PUT /litmus/ccsrc/foo.3 HTTP/1.1
User-Agent: litmus/0.13 neon/0.33.0
Connection: TE
TE: trailers
Host: 127.0.0.1:8787
Content-Length: 32
Authorization: Basic dGVzdDp0ZXN0
X-Litmus: copymove: 7 (copy_coll)

Sending request-line and headers:
Sending request body:
Body block (32 bytes):
[This
is
a
test
file
called
foo

]
Request sent; retry is 1.
[status-line] < HTTP/1.1 201 Created
[hdr] Content-Length: 0
Header Name: [content-length], Value: [0]
[hdr] Content-Type: text/plain;charset=UTF-8
Header Name: [content-type], Value: [text/plain;charset=UTF-8]
[hdr] Access-Control-Allow-Origin: *
Header Name: [access-control-allow-origin], Value: [*]
[hdr] Access-Control-Allow-Credentials: false
Header Name: [access-control-allow-credentials], Value: [false]
[hdr] Access-Control-Allow-Headers: authorization, content-type, depth, overwrite, destination, range, if, lock-token, timeout
Header Name: [access-control-allow-headers], Value: [authorization, content-type, depth, overwrite, destination, range, if, lock-token, timeout]
[hdr] Access-Control-Allow-Methods: OPTIONS, PROPFIND, PROPPATCH, MKCOL, GET, HEAD, PUT, DELETE, COPY, MOVE, LOCK, UNLOCK
Header Name: [access-control-allow-methods], Value: [OPTIONS, PROPFIND, PROPPATCH, MKCOL, GET, HEAD, PUT, DELETE, COPY, MOVE, LOCK, UNLOCK]
[hdr] Access-Control-Expose-Headers: content-type, content-length, dav, etag, last-modified, location, date, content-range, lock-token
Header Name: [access-control-expose-headers], Value: [content-type, content-length, dav, etag, last-modified, location, date, content-range, lock-token]
[hdr] Access-Control-Max-Age: 86400
Header Name: [access-control-max-age], Value: [86400]
[hdr] 
End of headers.
Running post_headers hooks
Running post_send hooks
auth: Post-send (#0), code is 201 (want 401), WWW-Authenticate is (none)
Request ends, status 201 class 2xx, error line:
201 Created
Running destroy hooks.
Request ends.
auth: Create for WWW-Authenticate
Running pre_send hooks
auth: Sending 'Basic' response.
auth: '/litmus/ccsrc/foo.4' is inside auth domain: 1.
Sending request headers:
PUT /litmus/ccsrc/foo.4 HTTP/1.1
User-Agent: litmus/0.13 neon/0.33.0
Connection: TE
TE: trailers
Host: 127.0.0.1:8787
Content-Length: 32
Authorization: Basic dGVzdDp0ZXN0
X-Litmus: copymove: 7 (copy_coll)

Sending request-line and headers:
Sending request body:
Body block (32 bytes):
[This
is
a
test
file
called
foo

]
Request sent; retry is 1.
[status-line] < HTTP/1.1 201 Created
[hdr] Content-Length: 0
Header Name: [content-length], Value: [0]
[hdr] Content-Type: text/plain;charset=UTF-8
Header Name: [content-type], Value: [text/plain;charset=UTF-8]
[hdr] Access-Control-Allow-Origin: *
Header Name: [access-control-allow-origin], Value: [*]
[hdr] Access-Control-Allow-Credentials: false
Header Name: [access-control-allow-credentials], Value: [false]
[hdr] Access-Control-Allow-Headers: authorization, content-type, depth, overwrite, destination, range, if, lock-token, timeout
Header Name: [access-control-allow-headers], Value: [authorization, content-type, depth, overwrite, destination, range, if, lock-token, timeout]
[hdr] Access-Control-Allow-Methods: OPTIONS, PROPFIND, PROPPATCH, MKCOL, GET, HEAD, PUT, DELETE, COPY, MOVE, LOCK, UNLOCK
Header Name: [access-control-allow-methods], Value: [OPTIONS, PROPFIND, PROPPATCH, MKCOL, GET, HEAD, PUT, DELETE, COPY, MOVE, LOCK, UNLOCK]
[hdr] Access-Control-Expose-Headers: content-type, content-length, dav, etag, last-modified, location, date, content-range, lock-token
Header Name: [access-control-expose-headers], Value: [content-type, content-length, dav, etag, last-modified, location, date, content-range, lock-token]
[hdr] Access-Control-Max-Age: 86400
Header Name: [access-control-max-age], Value: [86400]
[hdr] 
End of headers.
Running post_headers hooks
Running post_send hooks
auth: Post-send (#0), code is 201 (want 401), WWW-Authenticate is (none)
Request ends, status 201 class 2xx, error line:
201 Created
Running destroy hooks.
Request ends.
auth: Create for WWW-Authenticate
Running pre_send hooks
auth: Sending 'Basic' response.
auth: '/litmus/ccsrc/foo.5' is inside auth domain: 1.
Sending request headers:
PUT /litmus/ccsrc/foo.5 HTTP/1.1
User-Agent: litmus/0.13 neon/0.33.0
Connection: TE
TE: trailers
Host: 127.0.0.1:8787
Content-Length: 32
Authorization: Basic dGVzdDp0ZXN0
X-Litmus: copymove: 7 (copy_coll)

Sending request-line and headers:
Sending request body:
Body block (32 bytes):
[This
is
a
test
file
called
foo

]
Request sent; retry is 1.
[status-line] < HTTP/1.1 201 Created
[hdr] Content-Length: 0
Header Name: [content-length], Value: [0]
[hdr] Content-Type: text/plain;charset=UTF-8
Header Name: [content-type], Value: [text/plain;charset=UTF-8]
[hdr] Access-Control-Allow-Origin: *
Header Name: [access-control-allow-origin], Value: [*]
[hdr] Access-Control-Allow-Credentials: false
Header Name: [access-control-allow-credentials], Value: [false]
[hdr] Access-Control-Allow-Headers: authorization, content-type, depth, overwrite, destination, range, if, lock-token, timeout
Header Name: [access-control-allow-headers], Value: [authorization, content-type, depth, overwrite, destination, range, if, lock-token, timeout]
[hdr] Access-Control-Allow-Methods: OPTIONS, PROPFIND, PROPPATCH, MKCOL, GET, HEAD, PUT, DELETE, COPY, MOVE, LOCK, UNLOCK
Header Name: [access-control-allow-methods], Value: [OPTIONS, PROPFIND, PROPPATCH, MKCOL, GET, HEAD, PUT, DELETE, COPY, MOVE, LOCK, UNLOCK]
[hdr] Access-Control-Expose-Headers: content-type, content-length, dav, etag, last-modified, location, date, content-range, lock-token
Header Name: [access-control-expose-headers], Value: [content-type, content-length, dav, etag, last-modified, location, date, content-range, lock-token]
[hdr] Access-Control-Max-Age: 86400
Header Name: [access-control-max-age], Value: [86400]
[hdr] 
End of headers.
Running post_headers hooks
Running post_send hooks
auth: Post-send (#0), code is 201 (want 401), WWW-Authenticate is (none)
Request ends, status 201 class 2xx, error line:
201 Created
Running destroy hooks.
Request ends.
auth: Create for WWW-Authenticate
Running pre_send hooks
auth: Sending 'Basic' response.
auth: '/litmus/ccsrc/foo.6' is inside auth domain: 1.
Sending request headers:
PUT /litmus/ccsrc/foo.6 HTTP/1.1
User-Agent: litmus/0.13 neon/0.33.0
Connection: TE
TE: trailers
Host: 127.0.0.1:8787
Content-Length: 32
Authorization: Basic dGVzdDp0ZXN0
X-Litmus: copymove: 7 (copy_coll)

Sending request-line and headers:
Sending request body:
Body block (32 bytes):
[This
is
a
test
file
called
foo

]
Request sent; retry is 1.
[status-line] < HTTP/1.1 201 Created
[hdr] Content-Length: 0
Header Name: [content-length], Value: [0]
[hdr] Content-Type: text/plain;charset=UTF-8
Header Name: [content-type], Value: [text/plain;charset=UTF-8]
[hdr] Access-Control-Allow-Origin: *
Header Name: [access-control-allow-origin], Value: [*]
[hdr] Access-Control-Allow-Credentials: false
Header Name: [access-control-allow-credentials], Value: [false]
[hdr] Access-Control-Allow-Headers: authorization, content-type, depth, overwrite, destination, range, if, lock-token, timeout
Header Name: [access-control-allow-headers], Value: [authorization, content-type, depth, overwrite, destination, range, if, lock-token, timeout]
[hdr] Access-Control-Allow-Methods: OPTIONS, PROPFIND, PROPPATCH, MKCOL, GET, HEAD, PUT, DELETE, COPY, MOVE, LOCK, UNLOCK
Header Name: [access-control-allow-methods], Value: [OPTIONS, PROPFIND, PROPPATCH, MKCOL, GET, HEAD, PUT, DELETE, COPY, MOVE, LOCK, UNLOCK]
[hdr] Access-Control-Expose-Headers: content-type, content-length, dav, etag, last-modified, location, date, content-range, lock-token
Header Name: [access-control-expose-headers], Value: [content-type, content-length, dav, etag, last-modified, location, date, content-range, lock-token]
[hdr] Access-Control-Max-Age: 86400
Header Name: [access-control-max-age], Value: [86400]
[hdr] 
End of headers.
Running post_headers hooks
Running post_send hooks
auth: Post-send (#0), code is 201 (want 401), WWW-Authenticate is (none)
Request ends, status 201 class 2xx, error line:
201 Created
Running destroy hooks.
Request ends.
auth: Create for WWW-Authenticate
Running pre_send hooks
auth: Sending 'Basic' response.
auth: '/litmus/ccsrc/foo.7' is inside auth domain: 1.
Sending request headers:
PUT /litmus/ccsrc/foo.7 HTTP/1.1
User-Agent: litmus/0.13 neon/0.33.0
Connection: TE
TE: trailers
Host: 127.0.0.1:8787
Content-Length: 32
Authorization: Basic dGVzdDp0ZXN0
X-Litmus: copymove: 7 (copy_coll)

Sending request-line and headers:
Sending request body:
Body block (32 bytes):
[This
is
a
test
file
called
foo

]
Request sent; retry is 1.
[status-line] < HTTP/1.1 201 Created
[hdr] Content-Length: 0
Header Name: [content-length], Value: [0]
[hdr] Content-Type: text/plain;charset=UTF-8
Header Name: [content-type], Value: [text/plain;charset=UTF-8]
[hdr] Access-Control-Allow-Origin: *
Header Name: [access-control-allow-origin], Value: [*]
[hdr] Access-Control-Allow-Credentials: false
Header Name: [access-control-allow-credentials], Value: [false]
[hdr] Access-Control-Allow-Headers: authorization, content-type, depth, overwrite, destination, range, if, lock-token, timeout
Header Name: [access-control-allow-headers], Value: [authorization, content-type, depth, overwrite, destination, range, if, lock-token, timeout]
[hdr] Access-Control-Allow-Methods: OPTIONS, PROPFIND, PROPPATCH, MKCOL, GET, HEAD, PUT, DELETE, COPY, MOVE, LOCK, UNLOCK
Header Name: [access-control-allow-methods], Value: [OPTIONS, PROPFIND, PROPPATCH, MKCOL, GET, HEAD, PUT, DELETE, COPY, MOVE, LOCK, UNLOCK]
[hdr] Access-Control-Expose-Headers: content-type, content-length, dav, etag, last-modified, location, date, content-range, lock-token
Header Name: [access-control-expose-headers], Value: [content-type, content-length, dav, etag, last-modified, location, date, content-range, lock-token]
[hdr] Access-Control-Max-Age: 86400
Header Name: [access-control-max-age], Value: [86400]
[hdr] 
End of headers.
Running post_headers hooks
Running post_send hooks
auth: Post-send (#0), code is 201 (want 401), WWW-Authenticate is (none)
Request ends, status 201 class 2xx, error line:
201 Created
Running destroy hooks.
Request ends.
auth: Create for WWW-Authenticate
Running pre_send hooks
auth: Sending 'Basic' response.
auth: '/litmus/ccsrc/foo.8' is inside auth domain: 1.
Sending request headers:
PUT /litmus/ccsrc/foo.8 HTTP/1.1
User-Agent: litmus/0.13 neon/0.33.0
Connection: TE
TE: trailers
Host: 127.0.0.1:8787
Content-Length: 32
Authorization: Basic dGVzdDp0ZXN0
X-Litmus: copymove: 7 (copy_coll)

Sending request-line and headers:
Sending request body:
Body block (32 bytes):
[This
is
a
test
file
called
foo

]
Request sent; retry is 1.
[status-line] < HTTP/1.1 201 Created
[hdr] Content-Length: 0
Header Name: [content-length], Value: [0]
[hdr] Content-Type: text/plain;charset=UTF-8
Header Name: [content-type], Value: [text/plain;charset=UTF-8]
[hdr] Access-Control-Allow-Origin: *
Header Name: [access-control-allow-origin], Value: [*]
[hdr] Access-Control-Allow-Credentials: false
Header Name: [access-control-allow-credentials], Value: [false]
[hdr] Access-Control-Allow-Headers: authorization, content-type, depth, overwrite, destination, range, if, lock-token, timeout
Header Name: [access-control-allow-headers], Value: [authorization, content-type, depth, overwrite, destination, range, if, lock-token, timeout]
[hdr] Access-Control-Allow-Methods: OPTIONS, PROPFIND, PROPPATCH, MKCOL, GET, HEAD, PUT, DELETE, COPY, MOVE, LOCK, UNLOCK
Header Name: [access-control-allow-methods], Value: [OPTIONS, PROPFIND, PROPPATCH, MKCOL, GET, HEAD, PUT, DELETE, COPY, MOVE, LOCK, UNLOCK]
[hdr] Access-Control-Expose-Headers: content-type, content-length, dav, etag, last-modified, location, date, content-range, lock-token
Header Name: [access-control-expose-headers], Value: [content-type, content-length, dav, etag, last-modified, location, date, content-range, lock-token]
[hdr] Access-Control-Max-Age: 86400
Header Name: [access-control-max-age], Value: [86400]
[hdr] 
End of headers.
Running post_headers hooks
Running post_send hooks
auth: Post-send (#0), code is 201 (want 401), WWW-Authenticate is (none)
Request ends, status 201 class 2xx, error line:
201 Created
Running destroy hooks.
Request ends.
auth: Create for WWW-Authenticate
Running pre_send hooks
auth: Sending 'Basic' response.
auth: '/litmus/ccsrc/foo.9' is inside auth domain: 1.
Sending request headers:
PUT /litmus/ccsrc/foo.9 HTTP/1.1
User-Agent: litmus/0.13 neon/0.33.0
Connection: TE
TE: trailers
Host: 127.0.0.1:8787
Content-Length: 32
Authorization: Basic dGVzdDp0ZXN0
X-Litmus: copymove: 7 (copy_coll)

Sending request-line and headers:
Sending request body:
Body block (32 bytes):
[This
is
a
test
file
called
foo

]
Request sent; retry is 1.
[status-line] < HTTP/1.1 201 Created
[hdr] Content-Length: 0
Header Name: [content-length], Value: [0]
[hdr] Content-Type: text/plain;charset=UTF-8
Header Name: [content-type], Value: [text/plain;charset=UTF-8]
[hdr] Access-Control-Allow-Origin: *
Header Name: [access-control-allow-origin], Value: [*]
[hdr] Access-Control-Allow-Credentials: false
Header Name: [access-control-allow-credentials], Value: [false]
[hdr] Access-Control-Allow-Headers: authorization, content-type, depth, overwrite, destination, range, if, lock-token, timeout
Header Name: [access-control-allow-headers], Value: [authorization, content-type, depth, overwrite, destination, range, if, lock-token, timeout]
[hdr] Access-Control-Allow-Methods: OPTIONS, PROPFIND, PROPPATCH, MKCOL, GET, HEAD, PUT, DELETE, COPY, MOVE, LOCK, UNLOCK
Header Name: [access-control-allow-methods], Value: [OPTIONS, PROPFIND, PROPPATCH, MKCOL, GET, HEAD, PUT, DELETE, COPY, MOVE, LOCK, UNLOCK]
[hdr] Access-Control-Expose-Headers: content-type, content-length, dav, etag, last-modified, location, date, content-range, lock-token
Header Name: [access-control-expose-headers], Value: [content-type, content-length, dav, etag, last-modified, location, date, content-range, lock-token]
[hdr] Access-Control-Max-Age: 86400
Header Name: [access-control-max-age], Value: [86400]
[hdr] 
End of headers.
Running post_headers hooks
Running post_send hooks
auth: Post-send (#0), code is 201 (want 401), WWW-Authenticate is (none)
Request ends, status 201 class 2xx, error line:
201 Created
Running destroy hooks.
Request ends.
auth: Create for WWW-Authenticate
Running pre_send hooks
auth: Sending 'Basic' response.
auth: '/litmus/ccsrc/subcoll/' is inside auth domain: 1.
Sending request headers:
MKCOL /litmus/ccsrc/subcoll/ HTTP/1.1
User-Agent: litmus/0.13 neon/0.33.0
Connection: TE
TE: trailers
Host: 127.0.0.1:8787
Authorization: Basic dGVzdDp0ZXN0
X-Litmus: copymove: 7 (copy_coll)

Sending request-line and headers:
Request sent; retry is 1.
[status-line] < HTTP/1.1 201 Created
[hdr] Content-Length: 0
Header Name: [content-length], Value: [0]
[hdr] Content-Type: text/plain;charset=UTF-8
Header Name: [content-type], Value: [text/plain;charset=UTF-8]
[hdr] Access-Control-Allow-Origin: *
Header Name: [access-control-allow-origin], Value: [*]
[hdr] Access-Control-Allow-Credentials: false
Header Name: [access-control-allow-credentials], Value: [false]
[hdr] Access-Control-Allow-Headers: authorization, content-type, depth, overwrite, destination, range, if, lock-token, timeout
Header Name: [access-control-allow-headers], Value: [authorization, content-type, depth, overwrite, destination, range, if, lock-token, timeout]
[hdr] Access-Control-Allow-Methods: OPTIONS, PROPFIND, PROPPATCH, MKCOL, GET, HEAD, PUT, DELETE, COPY, MOVE, LOCK, UNLOCK
Header Name: [access-control-allow-methods], Value: [OPTIONS, PROPFIND, PROPPATCH, MKCOL, GET, HEAD, PUT, DELETE, COPY, MOVE, LOCK, UNLOCK]
[hdr] Access-Control-Expose-Headers: content-type, content-length, dav, etag, last-modified, location, date, content-range, lock-token
Header Name: [access-control-expose-headers], Value: [content-type, content-length, dav, etag, last-modified, location, date, content-range, lock-token]
[hdr] Access-Control-Max-Age: 86400
Header Name: [access-control-max-age], Value: [86400]
[hdr] 
End of headers.
Running post_headers hooks
Running post_send hooks
auth: Post-send (#0), code is 201 (want 401), WWW-Authenticate is (none)
Running destroy hooks.
Request ends.
auth: Create for WWW-Authenticate
Running pre_send hooks
auth: Sending 'Basic' response.
auth: '/litmus/ccdest/' is inside auth domain: 1.
Sending request headers:
DELETE /litmus/ccdest/ HTTP/1.1
User-Agent: litmus/0.13 neon/0.33.0
Connection: TE
TE: trailers
Host: 127.0.0.1:8787
Authorization: Basic dGVzdDp0ZXN0
X-Litmus: copymove: 7 (copy_coll)

Sending request-line and headers:
Request sent; retry is 1.
[status-line] < HTTP/1.1 404 Not Found
[hdr] Content-Length: 9
Header Name: [content-length], Value: [9]
[hdr] Content-Type: text/plain;charset=UTF-8
Header Name: [content-type], Value: [text/plain;charset=UTF-8]
[hdr] Access-Control-Allow-Origin: *
Header Name: [access-control-allow-origin], Value: [*]
[hdr] Access-Control-Allow-Credentials: false
Header Name: [access-control-allow-credentials], Value: [false]
[hdr] Access-Control-Allow-Headers: authorization, content-type, depth, overwrite, destination, range, if, lock-token, timeout
Header Name: [access-control-allow-headers], Value: [authorization, content-type, depth, overwrite, destination, range, if, lock-token, timeout]
[hdr] Access-Control-Allow-Methods: OPTIONS, PROPFIND, PROPPATCH, MKCOL, GET, HEAD, PUT, DELETE, COPY, MOVE, LOCK, UNLOCK
Header Name: [access-control-allow-methods], Value: [OPTIONS, PROPFIND, PROPPATCH, MKCOL, GET, HEAD, PUT, DELETE, COPY, MOVE, LOCK, UNLOCK]
[hdr] Access-Control-Expose-Headers: content-type, content-length, dav, etag, last-modified, location, date, content-range, lock-token
Header Name: [access-control-expose-headers], Value: [content-type, content-length, dav, etag, last-modified, location, date, content-range, lock-token]
[hdr] Access-Control-Max-Age: 86400
Header Name: [access-control-max-age], Value: [86400]
[hdr] 
End of headers.
Running post_headers hooks
Reading 9 bytes of response body.
Got 9 bytes.
Read block (9 bytes):
[Not Found]
Running post_send hooks
auth: Post-send (#0), code is 404 (want 401), WWW-Authenticate is (none)
Running destroy hooks.
Request ends.
auth: Create for WWW-Authenticate
Running pre_send hooks
auth: Sending 'Basic' response.
auth: '/litmus/ccdest2/' is inside auth domain: 1.
Sending request headers:
DELETE /litmus/ccdest2/ HTTP/1.1
User-Agent: litmus/0.13 neon/0.33.0
Connection: TE
TE: trailers
Host: 127.0.0.1:8787
Authorization: Basic dGVzdDp0ZXN0
X-Litmus: copymove: 7 (copy_coll)

Sending request-line and headers:
Request sent; retry is 1.
[status-line] < HTTP/1.1 404 Not Found
[hdr] Content-Length: 9
Header Name: [content-length], Value: [9]
[hdr] Content-Type: text/plain;charset=UTF-8
Header Name: [content-type], Value: [text/plain;charset=UTF-8]
[hdr] Access-Control-Allow-Origin: *
Header Name: [access-control-allow-origin], Value: [*]
[hdr] Access-Control-Allow-Credentials: false
Header Name: [access-control-allow-credentials], Value: [false]
[hdr] Access-Control-Allow-Headers: authorization, content-type, depth, overwrite, destination, range, if, lock-token, timeout
Header Name: [access-control-allow-headers], Value: [authorization, content-type, depth, overwrite, destination, range, if, lock-token, timeout]
[hdr] Access-Control-Allow-Methods: OPTIONS, PROPFIND, PROPPATCH, MKCOL, GET, HEAD, PUT, DELETE, COPY, MOVE, LOCK, UNLOCK
Header Name: [access-control-allow-methods], Value: [OPTIONS, PROPFIND, PROPPATCH, MKCOL, GET, HEAD, PUT, DELETE, COPY, MOVE, LOCK, UNLOCK]
[hdr] Access-Control-Expose-Headers: content-type, content-length, dav, etag, last-modified, location, date, content-range, lock-token
Header Name: [access-control-expose-headers], Value: [content-type, content-length, dav, etag, last-modified, location, date, content-range, lock-token]
[hdr] Access-Control-Max-Age: 86400
Header Name: [access-control-max-age], Value: [86400]
[hdr] 
End of headers.
Running post_headers hooks
Reading 9 bytes of response body.
Got 9 bytes.
Read block (9 bytes):
[Not Found]
Running post_send hooks
auth: Post-send (#0), code is 404 (want 401), WWW-Authenticate is (none)
Running destroy hooks.
Request ends.
auth: Create for WWW-Authenticate
Running pre_send hooks
auth: Sending 'Basic' response.
auth: '/litmus/ccsrc/' is inside auth domain: 1.
Sending request headers:
COPY /litmus/ccsrc/ HTTP/1.1
User-Agent: litmus/0.13 neon/0.33.0
Connection: TE
TE: trailers
Host: 127.0.0.1:8787
Depth: infinity
Destination: http://127.0.0.1:8787/litmus/ccdest/
Overwrite: F
Authorization: Basic dGVzdDp0ZXN0
X-Litmus: copymove: 7 (copy_coll)

Sending request-line and headers:
Request sent; retry is 1.
[status-line] < HTTP/1.1 201 Created
[hdr] Content-Length: 0
Header Name: [content-length], Value: [0]
[hdr] Location: /litmus/ccdest/
Header Name: [location], Value: [/litmus/ccdest/]
[hdr] Content-Type: text/plain;charset=UTF-8
Header Name: [content-type], Value: [text/plain;charset=UTF-8]
[hdr] Access-Control-Allow-Origin: *
Header Name: [access-control-allow-origin], Value: [*]
[hdr] Access-Control-Allow-Credentials: false
Header Name: [access-control-allow-credentials], Value: [false]
[hdr] Access-Control-Allow-Headers: authorization, content-type, depth, overwrite, destination, range, if, lock-token, timeout
Header Name: [access-control-allow-headers], Value: [authorization, content-type, depth, overwrite, destination, range, if, lock-token, timeout]
[hdr] Access-Control-Allow-Methods: OPTIONS, PROPFIND, PROPPATCH, MKCOL, GET, HEAD, PUT, DELETE, COPY, MOVE, LOCK, UNLOCK
Header Name: [access-control-allow-methods], Value: [OPTIONS, PROPFIND, PROPPATCH, MKCOL, GET, HEAD, PUT, DELETE, COPY, MOVE, LOCK, UNLOCK]
[hdr] Access-Control-Expose-Headers: content-type, content-length, dav, etag, last-modified, location, date, content-range, lock-token
Header Name: [access-control-expose-headers], Value: [content-type, content-length, dav, etag, last-modified, location, date, content-range, lock-token]
[hdr] Access-Control-Max-Age: 86400
Header Name: [access-control-max-age], Value: [86400]
[hdr] 
End of headers.
Running post_headers hooks
Running post_send hooks
auth: Post-send (#0), code is 201 (want 401), WWW-Authenticate is (none)
Running destroy hooks.
Request ends.
auth: Create for WWW-Authenticate
Running pre_send hooks
auth: Sending 'Basic' response.
auth: '/litmus/ccsrc/' is inside auth domain: 1.
Sending request headers:
COPY /litmus/ccsrc/ HTTP/1.1
User-Agent: litmus/0.13 neon/0.33.0
Connection: TE
TE: trailers
Host: 127.0.0.1:8787
Depth: infinity
Destination: http://127.0.0.1:8787/litmus/ccdest2/
Overwrite: F
Authorization: Basic dGVzdDp0ZXN0
X-Litmus: copymove: 7 (copy_coll)

Sending request-line and headers:
Request sent; retry is 1.
[status-line] < HTTP/1.1 201 Created
[hdr] Content-Length: 0
Header Name: [content-length], Value: [0]
[hdr] Location: /litmus/ccdest2/
Header Name: [location], Value: [/litmus/ccdest2/]
[hdr] Content-Type: text/plain;charset=UTF-8
Header Name: [content-type], Value: [text/plain;charset=UTF-8]
[hdr] Access-Control-Allow-Origin: *
Header Name: [access-control-allow-origin], Value: [*]
[hdr] Access-Control-Allow-Credentials: false
Header Name: [access-control-allow-credentials], Value: [false]
[hdr] Access-Control-Allow-Headers: authorization, content-type, depth, overwrite, destination, range, if, lock-token, timeout
Header Name: [access-control-allow-headers], Value: [authorization, content-type, depth, overwrite, destination, range, if, lock-token, timeout]
[hdr] Access-Control-Allow-Methods: OPTIONS, PROPFIND, PROPPATCH, MKCOL, GET, HEAD, PUT, DELETE, COPY, MOVE, LOCK, UNLOCK
Header Name: [access-control-allow-methods], Value: [OPTIONS, PROPFIND, PROPPATCH, MKCOL, GET, HEAD, PUT, DELETE, COPY, MOVE, LOCK, UNLOCK]
[hdr] Access-Control-Expose-Headers: content-type, content-length, dav, etag, last-modified, location, date, content-range, lock-token
Header Name: [access-control-expose-headers], Value: [content-type, content-length, dav, etag, last-modified, location, date, content-range, lock-token]
[hdr] Access-Control-Max-Age: 86400
Header Name: [access-control-max-age], Value: [86400]
[hdr] 
End of headers.
Running post_headers hooks
Running post_send hooks
auth: Post-send (#0), code is 201 (want 401), WWW-Authenticate is (none)
Running destroy hooks.
Request ends.
auth: Create for WWW-Authenticate
Running pre_send hooks
auth: Sending 'Basic' response.
auth: '/litmus/ccdest/' is inside auth domain: 1.
Sending request headers:
COPY /litmus/ccdest/ HTTP/1.1
User-Agent: litmus/0.13 neon/0.33.0
Connection: TE
TE: trailers
Host: 127.0.0.1:8787
Depth: infinity
Destination: http://127.0.0.1:8787/litmus/ccdest2/
Overwrite: F
Authorization: Basic dGVzdDp0ZXN0
X-Litmus: copymove: 7 (copy_coll)

Sending request-line and headers:
Request sent; retry is 1.
[status-line] < HTTP/1.1 412 Precondition Failed
[hdr] Content-Length: 19
Header Name: [content-length], Value: [19]
[hdr] Content-Type: text/plain;charset=UTF-8
Header Name: [content-type], Value: [text/plain;charset=UTF-8]
[hdr] Access-Control-Allow-Origin: *
Header Name: [access-control-allow-origin], Value: [*]
[hdr] Access-Control-Allow-Credentials: false
Header Name: [access-control-allow-credentials], Value: [false]
[hdr] Access-Control-Allow-Headers: authorization, content-type, depth, overwrite, destination, range, if, lock-token, timeout
Header Name: [access-control-allow-headers], Value: [authorization, content-type, depth, overwrite, destination, range, if, lock-token, timeout]
[hdr] Access-Control-Allow-Methods: OPTIONS, PROPFIND, PROPPATCH, MKCOL, GET, HEAD, PUT, DELETE, COPY, MOVE, LOCK, UNLOCK
Header Name: [access-control-allow-methods], Value: [OPTIONS, PROPFIND, PROPPATCH, MKCOL, GET, HEAD, PUT, DELETE, COPY, MOVE, LOCK, UNLOCK]
[hdr] Access-Control-Expose-Headers: content-type, content-length, dav, etag, last-modified, location, date, content-range, lock-token
Header Name: [access-control-expose-headers], Value: [content-type, content-length, dav, etag, last-modified, location, date, content-range, lock-token]
[hdr] Access-Control-Max-Age: 86400
Header Name: [access-control-max-age], Value: [86400]
[hdr] 
End of headers.
Running post_headers hooks
Reading 19 bytes of response body.
Got 19 bytes.
Read block (19 bytes):
[Precondition Failed]
Running post_send hooks
auth: Post-send (#0), code is 412 (want 401), WWW-Authenticate is (none)
Running destroy hooks.
Request ends.
auth: Create for WWW-Authenticate
Running pre_send hooks
auth: Sending 'Basic' response.
auth: '/litmus/ccdest2/' is inside auth domain: 1.
Sending request headers:
COPY /litmus/ccdest2/ HTTP/1.1
User-Agent: litmus/0.13 neon/0.33.0
Connection: TE
TE: trailers
Host: 127.0.0.1:8787
Depth: infinity
Destination: http://127.0.0.1:8787/litmus/ccdest/
Overwrite: T
Authorization: Basic dGVzdDp0ZXN0
X-Litmus: copymove: 7 (copy_coll)

Sending request-line and headers:
Request sent; retry is 1.
[status-line] < HTTP/1.1 204 No Content
[hdr] Access-Control-Allow-Origin: *
Header Name: [access-control-allow-origin], Value: [*]
[hdr] Access-Control-Allow-Credentials: false
Header Name: [access-control-allow-credentials], Value: [false]
[hdr] Access-Control-Allow-Headers: authorization, content-type, depth, overwrite, destination, range, if, lock-token, timeout
Header Name: [access-control-allow-headers], Value: [authorization, content-type, depth, overwrite, destination, range, if, lock-token, timeout]
[hdr] Access-Control-Allow-Methods: OPTIONS, PROPFIND, PROPPATCH, MKCOL, GET, HEAD, PUT, DELETE, COPY, MOVE, LOCK, UNLOCK
Header Name: [access-control-allow-methods], Value: [OPTIONS, PROPFIND, PROPPATCH, MKCOL, GET, HEAD, PUT, DELETE, COPY, MOVE, LOCK, UNLOCK]
[hdr] Access-Control-Expose-Headers: content-type, content-length, dav, etag, last-modified, location, date, content-range, lock-token
Header Name: [access-control-expose-headers], Value: [content-type, content-length, dav, etag, last-modified, location, date, content-range, lock-token]
[hdr] Access-Control-Max-Age: 86400
Header Name: [access-control-max-age], Value: [86400]
[hdr] 
End of headers.
Running post_headers hooks
Running post_send hooks
auth: Post-send (#0), code is 204 (want 401), WWW-Authenticate is (none)
Running destroy hooks.
Request ends.
auth: Create for WWW-Authenticate
Running pre_send hooks
auth: Sending 'Basic' response.
auth: '/litmus/ccsrc/' is inside auth domain: 1.
Sending request headers:
DELETE /litmus/ccsrc/ HTTP/1.1
User-Agent: litmus/0.13 neon/0.33.0
Connection: TE
TE: trailers
Host: 127.0.0.1:8787
Authorization: Basic dGVzdDp0ZXN0
X-Litmus: copymove: 7 (copy_coll)

Sending request-line and headers:
Request sent; retry is 1.
[status-line] < HTTP/1.1 204 No Content
[hdr] Access-Control-Allow-Origin: *
Header Name: [access-control-allow-origin], Value: [*]
[hdr] Access-Control-Allow-Credentials: false
Header Name: [access-control-allow-credentials], Value: [false]
[hdr] Access-Control-Allow-Headers: authorization, content-type, depth, overwrite, destination, range, if, lock-token, timeout
Header Name: [access-control-allow-headers], Value: [authorization, content-type, depth, overwrite, destination, range, if, lock-token, timeout]
[hdr] Access-Control-Allow-Methods: OPTIONS, PROPFIND, PROPPATCH, MKCOL, GET, HEAD, PUT, DELETE, COPY, MOVE, LOCK, UNLOCK
Header Name: [access-control-allow-methods], Value: [OPTIONS, PROPFIND, PROPPATCH, MKCOL, GET, HEAD, PUT, DELETE, COPY, MOVE, LOCK, UNLOCK]
[hdr] Access-Control-Expose-Headers: content-type, content-length, dav, etag, last-modified, location, date, content-range, lock-token
Header Name: [access-control-expose-headers], Value: [content-type, content-length, dav, etag, last-modified, location, date, content-range, lock-token]
[hdr] Access-Control-Max-Age: 86400
Header Name: [access-control-max-age], Value: [86400]
[hdr] 
End of headers.
Running post_headers hooks
Running post_send hooks
auth: Post-send (#0), code is 204 (want 401), WWW-Authenticate is (none)
Running destroy hooks.
Request ends.
auth: Create for WWW-Authenticate
Running pre_send hooks
auth: Sending 'Basic' response.
auth: '/litmus/ccdest/foo.0' is inside auth domain: 1.
Sending request headers:
DELETE /litmus/ccdest/foo.0 HTTP/1.1
User-Agent: litmus/0.13 neon/0.33.0
Connection: TE
TE: trailers
Host: 127.0.0.1:8787
Authorization: Basic dGVzdDp0ZXN0
X-Litmus: copymove: 7 (copy_coll)

Sending request-line and headers:
Request sent; retry is 1.
[status-line] < HTTP/1.1 204 No Content
[hdr] Access-Control-Allow-Origin: *
Header Name: [access-control-allow-origin], Value: [*]
[hdr] Access-Control-Allow-Credentials: false
Header Name: [access-control-allow-credentials], Value: [false]
[hdr] Access-Control-Allow-Headers: authorization, content-type, depth, overwrite, destination, range, if, lock-token, timeout
Header Name: [access-control-allow-headers], Value: [authorization, content-type, depth, overwrite, destination, range, if, lock-token, timeout]
[hdr] Access-Control-Allow-Methods: OPTIONS, PROPFIND, PROPPATCH, MKCOL, GET, HEAD, PUT, DELETE, COPY, MOVE, LOCK, UNLOCK
Header Name: [access-control-allow-methods], Value: [OPTIONS, PROPFIND, PROPPATCH, MKCOL, GET, HEAD, PUT, DELETE, COPY, MOVE, LOCK, UNLOCK]
[hdr] Access-Control-Expose-Headers: content-type, content-length, dav, etag, last-modified, location, date, content-range, lock-token
Header Name: [access-control-expose-headers], Value: [content-type, content-length, dav, etag, last-modified, location, date, content-range, lock-token]
[hdr] Access-Control-Max-Age: 86400
Header Name: [access-control-max-age], Value: [86400]
[hdr] 
End of headers.
Running post_headers hooks
Running post_send hooks
auth: Post-send (#0), code is 204 (want 401), WWW-Authenticate is (none)
Running destroy hooks.
Request ends.
auth: Create for WWW-Authenticate
Running pre_send hooks
auth: Sending 'Basic' response.
auth: '/litmus/ccdest/foo.1' is inside auth domain: 1.
Sending request headers:
DELETE /litmus/ccdest/foo.1 HTTP/1.1
User-Agent: litmus/0.13 neon/0.33.0
Connection: TE
TE: trailers
Host: 127.0.0.1:8787
Authorization: Basic dGVzdDp0ZXN0
X-Litmus: copymove: 7 (copy_coll)

Sending request-line and headers:
Request sent; retry is 1.
[status-line] < HTTP/1.1 204 No Content
[hdr] Access-Control-Allow-Origin: *
Header Name: [access-control-allow-origin], Value: [*]
[hdr] Access-Control-Allow-Credentials: false
Header Name: [access-control-allow-credentials], Value: [false]
[hdr] Access-Control-Allow-Headers: authorization, content-type, depth, overwrite, destination, range, if, lock-token, timeout
Header Name: [access-control-allow-headers], Value: [authorization, content-type, depth, overwrite, destination, range, if, lock-token, timeout]
[hdr] Access-Control-Allow-Methods: OPTIONS, PROPFIND, PROPPATCH, MKCOL, GET, HEAD, PUT, DELETE, COPY, MOVE, LOCK, UNLOCK
Header Name: [access-control-allow-methods], Value: [OPTIONS, PROPFIND, PROPPATCH, MKCOL, GET, HEAD, PUT, DELETE, COPY, MOVE, LOCK, UNLOCK]
[hdr] Access-Control-Expose-Headers: content-type, content-length, dav, etag, last-modified, location, date, content-range, lock-token
Header Name: [access-control-expose-headers], Value: [content-type, content-length, dav, etag, last-modified, location, date, content-range, lock-token]
[hdr] Access-Control-Max-Age: 86400
Header Name: [access-control-max-age], Value: [86400]
[hdr] 
End of headers.
Running post_headers hooks
Running post_send hooks
auth: Post-send (#0), code is 204 (want 401), WWW-Authenticate is (none)
Running destroy hooks.
Request ends.
auth: Create for WWW-Authenticate
Running pre_send hooks
auth: Sending 'Basic' response.
auth: '/litmus/ccdest/foo.2' is inside auth domain: 1.
Sending request headers:
DELETE /litmus/ccdest/foo.2 HTTP/1.1
User-Agent: litmus/0.13 neon/0.33.0
Connection: TE
TE: trailers
Host: 127.0.0.1:8787
Authorization: Basic dGVzdDp0ZXN0
X-Litmus: copymove: 7 (copy_coll)

Sending request-line and headers:
Request sent; retry is 1.
[status-line] < HTTP/1.1 204 No Content
[hdr] Access-Control-Allow-Origin: *
Header Name: [access-control-allow-origin], Value: [*]
[hdr] Access-Control-Allow-Credentials: false
Header Name: [access-control-allow-credentials], Value: [false]
[hdr] Access-Control-Allow-Headers: authorization, content-type, depth, overwrite, destination, range, if, lock-token, timeout
Header Name: [access-control-allow-headers], Value: [authorization, content-type, depth, overwrite, destination, range, if, lock-token, timeout]
[hdr] Access-Control-Allow-Methods: OPTIONS, PROPFIND, PROPPATCH, MKCOL, GET, HEAD, PUT, DELETE, COPY, MOVE, LOCK, UNLOCK
Header Name: [access-control-allow-methods], Value: [OPTIONS, PROPFIND, PROPPATCH, MKCOL, GET, HEAD, PUT, DELETE, COPY, MOVE, LOCK, UNLOCK]
[hdr] Access-Control-Expose-Headers: content-type, content-length, dav, etag, last-modified, location, date, content-range, lock-token
Header Name: [access-control-expose-headers], Value: [content-type, content-length, dav, etag, last-modified, location, date, content-range, lock-token]
[hdr] Access-Control-Max-Age: 86400
Header Name: [access-control-max-age], Value: [86400]
[hdr] 
End of headers.
Running post_headers hooks
Running post_send hooks
auth: Post-send (#0), code is 204 (want 401), WWW-Authenticate is (none)
Running destroy hooks.
Request ends.
auth: Create for WWW-Authenticate
Running pre_send hooks
auth: Sending 'Basic' response.
auth: '/litmus/ccdest/foo.3' is inside auth domain: 1.
Sending request headers:
DELETE /litmus/ccdest/foo.3 HTTP/1.1
User-Agent: litmus/0.13 neon/0.33.0
Connection: TE
TE: trailers
Host: 127.0.0.1:8787
Authorization: Basic dGVzdDp0ZXN0
X-Litmus: copymove: 7 (copy_coll)

Sending request-line and headers:
Request sent; retry is 1.
[status-line] < HTTP/1.1 204 No Content
[hdr] Access-Control-Allow-Origin: *
Header Name: [access-control-allow-origin], Value: [*]
[hdr] Access-Control-Allow-Credentials: false
Header Name: [access-control-allow-credentials], Value: [false]
[hdr] Access-Control-Allow-Headers: authorization, content-type, depth, overwrite, destination, range, if, lock-token, timeout
Header Name: [access-control-allow-headers], Value: [authorization, content-type, depth, overwrite, destination, range, if, lock-token, timeout]
[hdr] Access-Control-Allow-Methods: OPTIONS, PROPFIND, PROPPATCH, MKCOL, GET, HEAD, PUT, DELETE, COPY, MOVE, LOCK, UNLOCK
Header Name: [access-control-allow-methods], Value: [OPTIONS, PROPFIND, PROPPATCH, MKCOL, GET, HEAD, PUT, DELETE, COPY, MOVE, LOCK, UNLOCK]
[hdr] Access-Control-Expose-Headers: content-type, content-length, dav, etag, last-modified, location, date, content-range, lock-token
Header Name: [access-control-expose-headers], Value: [content-type, content-length, dav, etag, last-modified, location, date, content-range, lock-token]
[hdr] Access-Control-Max-Age: 86400
Header Name: [access-control-max-age], Value: [86400]
[hdr] 
End of headers.
Running post_headers hooks
Running post_send hooks
auth: Post-send (#0), code is 204 (want 401), WWW-Authenticate is (none)
Running destroy hooks.
Request ends.
auth: Create for WWW-Authenticate
Running pre_send hooks
auth: Sending 'Basic' response.
auth: '/litmus/ccdest/foo.4' is inside auth domain: 1.
Sending request headers:
DELETE /litmus/ccdest/foo.4 HTTP/1.1
User-Agent: litmus/0.13 neon/0.33.0
Connection: TE
TE: trailers
Host: 127.0.0.1:8787
Authorization: Basic dGVzdDp0ZXN0
X-Litmus: copymove: 7 (copy_coll)

Sending request-line and headers:
Request sent; retry is 1.
[status-line] < HTTP/1.1 204 No Content
[hdr] Access-Control-Allow-Origin: *
Header Name: [access-control-allow-origin], Value: [*]
[hdr] Access-Control-Allow-Credentials: false
Header Name: [access-control-allow-credentials], Value: [false]
[hdr] Access-Control-Allow-Headers: authorization, content-type, depth, overwrite, destination, range, if, lock-token, timeout
Header Name: [access-control-allow-headers], Value: [authorization, content-type, depth, overwrite, destination, range, if, lock-token, timeout]
[hdr] Access-Control-Allow-Methods: OPTIONS, PROPFIND, PROPPATCH, MKCOL, GET, HEAD, PUT, DELETE, COPY, MOVE, LOCK, UNLOCK
Header Name: [access-control-allow-methods], Value: [OPTIONS, PROPFIND, PROPPATCH, MKCOL, GET, HEAD, PUT, DELETE, COPY, MOVE, LOCK, UNLOCK]
[hdr] Access-Control-Expose-Headers: content-type, content-length, dav, etag, last-modified, location, date, content-range, lock-token
Header Name: [access-control-expose-headers], Value: [content-type, content-length, dav, etag, last-modified, location, date, content-range, lock-token]
[hdr] Access-Control-Max-Age: 86400
Header Name: [access-control-max-age], Value: [86400]
[hdr] 
End of headers.
Running post_headers hooks
Running post_send hooks
auth: Post-send (#0), code is 204 (want 401), WWW-Authenticate is (none)
Running destroy hooks.
Request ends.
auth: Create for WWW-Authenticate
Running pre_send hooks
auth: Sending 'Basic' response.
auth: '/litmus/ccdest/foo.5' is inside auth domain: 1.
Sending request headers:
DELETE /litmus/ccdest/foo.5 HTTP/1.1
User-Agent: litmus/0.13 neon/0.33.0
Connection: TE
TE: trailers
Host: 127.0.0.1:8787
Authorization: Basic dGVzdDp0ZXN0
X-Litmus: copymove: 7 (copy_coll)

Sending request-line and headers:
Request sent; retry is 1.
[status-line] < HTTP/1.1 204 No Content
[hdr] Access-Control-Allow-Origin: *
Header Name: [access-control-allow-origin], Value: [*]
[hdr] Access-Control-Allow-Credentials: false
Header Name: [access-control-allow-credentials], Value: [false]
[hdr] Access-Control-Allow-Headers: authorization, content-type, depth, overwrite, destination, range, if, lock-token, timeout
Header Name: [access-control-allow-headers], Value: [authorization, content-type, depth, overwrite, destination, range, if, lock-token, timeout]
[hdr] Access-Control-Allow-Methods: OPTIONS, PROPFIND, PROPPATCH, MKCOL, GET, HEAD, PUT, DELETE, COPY, MOVE, LOCK, UNLOCK
Header Name: [access-control-allow-methods], Value: [OPTIONS, PROPFIND, PROPPATCH, MKCOL, GET, HEAD, PUT, DELETE, COPY, MOVE, LOCK, UNLOCK]
[hdr] Access-Control-Expose-Headers: content-type, content-length, dav, etag, last-modified, location, date, content-range, lock-token
Header Name: [access-control-expose-headers], Value: [content-type, content-length, dav, etag, last-modified, location, date, content-range, lock-token]
[hdr] Access-Control-Max-Age: 86400
Header Name: [access-control-max-age], Value: [86400]
[hdr] 
End of headers.
Running post_headers hooks
Running post_send hooks
auth: Post-send (#0), code is 204 (want 401), WWW-Authenticate is (none)
Running destroy hooks.
Request ends.
auth: Create for WWW-Authenticate
Running pre_send hooks
auth: Sending 'Basic' response.
auth: '/litmus/ccdest/foo.6' is inside auth domain: 1.
Sending request headers:
DELETE /litmus/ccdest/foo.6 HTTP/1.1
User-Agent: litmus/0.13 neon/0.33.0
Connection: TE
TE: trailers
Host: 127.0.0.1:8787
Authorization: Basic dGVzdDp0ZXN0
X-Litmus: copymove: 7 (copy_coll)

Sending request-line and headers:
Request sent; retry is 1.
[status-line] < HTTP/1.1 204 No Content
[hdr] Access-Control-Allow-Origin: *
Header Name: [access-control-allow-origin], Value: [*]
[hdr] Access-Control-Allow-Credentials: false
Header Name: [access-control-allow-credentials], Value: [false]
[hdr] Access-Control-Allow-Headers: authorization, content-type, depth, overwrite, destination, range, if, lock-token, timeout
Header Name: [access-control-allow-headers], Value: [authorization, content-type, depth, overwrite, destination, range, if, lock-token, timeout]
[hdr] Access-Control-Allow-Methods: OPTIONS, PROPFIND, PROPPATCH, MKCOL, GET, HEAD, PUT, DELETE, COPY, MOVE, LOCK, UNLOCK
Header Name: [access-control-allow-methods], Value: [OPTIONS, PROPFIND, PROPPATCH, MKCOL, GET, HEAD, PUT, DELETE, COPY, MOVE, LOCK, UNLOCK]
[hdr] Access-Control-Expose-Headers: content-type, content-length, dav, etag, last-modified, location, date, content-range, lock-token
Header Name: [access-control-expose-headers], Value: [content-type, content-length, dav, etag, last-modified, location, date, content-range, lock-token]
[hdr] Access-Control-Max-Age: 86400
Header Name: [access-control-max-age], Value: [86400]
[hdr] 
End of headers.
Running post_headers hooks
Running post_send hooks
auth: Post-send (#0), code is 204 (want 401), WWW-Authenticate is (none)
Running destroy hooks.
Request ends.
auth: Create for WWW-Authenticate
Running pre_send hooks
auth: Sending 'Basic' response.
auth: '/litmus/ccdest/foo.7' is inside auth domain: 1.
Sending request headers:
DELETE /litmus/ccdest/foo.7 HTTP/1.1
User-Agent: litmus/0.13 neon/0.33.0
Connection: TE
TE: trailers
Host: 127.0.0.1:8787
Authorization: Basic dGVzdDp0ZXN0
X-Litmus: copymove: 7 (copy_coll)

Sending request-line and headers:
Request sent; retry is 1.
[status-line] < HTTP/1.1 204 No Content
[hdr] Access-Control-Allow-Origin: *
Header Name: [access-control-allow-origin], Value: [*]
[hdr] Access-Control-Allow-Credentials: false
Header Name: [access-control-allow-credentials], Value: [false]
[hdr] Access-Control-Allow-Headers: authorization, content-type, depth, overwrite, destination, range, if, lock-token, timeout
Header Name: [access-control-allow-headers], Value: [authorization, content-type, depth, overwrite, destination, range, if, lock-token, timeout]
[hdr] Access-Control-Allow-Methods: OPTIONS, PROPFIND, PROPPATCH, MKCOL, GET, HEAD, PUT, DELETE, COPY, MOVE, LOCK, UNLOCK
Header Name: [access-control-allow-methods], Value: [OPTIONS, PROPFIND, PROPPATCH, MKCOL, GET, HEAD, PUT, DELETE, COPY, MOVE, LOCK, UNLOCK]
[hdr] Access-Control-Expose-Headers: content-type, content-length, dav, etag, last-modified, location, date, content-range, lock-token
Header Name: [access-control-expose-headers], Value: [content-type, content-length, dav, etag, last-modified, location, date, content-range, lock-token]
[hdr] Access-Control-Max-Age: 86400
Header Name: [access-control-max-age], Value: [86400]
[hdr] 
End of headers.
Running post_headers hooks
Running post_send hooks
auth: Post-send (#0), code is 204 (want 401), WWW-Authenticate is (none)
Running destroy hooks.
Request ends.
auth: Create for WWW-Authenticate
Running pre_send hooks
auth: Sending 'Basic' response.
auth: '/litmus/ccdest/foo.8' is inside auth domain: 1.
Sending request headers:
DELETE /litmus/ccdest/foo.8 HTTP/1.1
User-Agent: litmus/0.13 neon/0.33.0
Connection: TE
TE: trailers
Host: 127.0.0.1:8787
Authorization: Basic dGVzdDp0ZXN0
X-Litmus: copymove: 7 (copy_coll)

Sending request-line and headers:
Request sent; retry is 1.
[status-line] < HTTP/1.1 204 No Content
[hdr] Access-Control-Allow-Origin: *
Header Name: [access-control-allow-origin], Value: [*]
[hdr] Access-Control-Allow-Credentials: false
Header Name: [access-control-allow-credentials], Value: [false]
[hdr] Access-Control-Allow-Headers: authorization, content-type, depth, overwrite, destination, range, if, lock-token, timeout
Header Name: [access-control-allow-headers], Value: [authorization, content-type, depth, overwrite, destination, range, if, lock-token, timeout]
[hdr] Access-Control-Allow-Methods: OPTIONS, PROPFIND, PROPPATCH, MKCOL, GET, HEAD, PUT, DELETE, COPY, MOVE, LOCK, UNLOCK
Header Name: [access-control-allow-methods], Value: [OPTIONS, PROPFIND, PROPPATCH, MKCOL, GET, HEAD, PUT, DELETE, COPY, MOVE, LOCK, UNLOCK]
[hdr] Access-Control-Expose-Headers: content-type, content-length, dav, etag, last-modified, location, date, content-range, lock-token
Header Name: [access-control-expose-headers], Value: [content-type, content-length, dav, etag, last-modified, location, date, content-range, lock-token]
[hdr] Access-Control-Max-Age: 86400
Header Name: [access-control-max-age], Value: [86400]
[hdr] 
End of headers.
Running post_headers hooks
Running post_send hooks
auth: Post-send (#0), code is 204 (want 401), WWW-Authenticate is (none)
Running destroy hooks.
Request ends.
auth: Create for WWW-Authenticate
Running pre_send hooks
auth: Sending 'Basic' response.
auth: '/litmus/ccdest/foo.9' is inside auth domain: 1.
Sending request headers:
DELETE /litmus/ccdest/foo.9 HTTP/1.1
User-Agent: litmus/0.13 neon/0.33.0
Connection: TE
TE: trailers
Host: 127.0.0.1:8787
Authorization: Basic dGVzdDp0ZXN0
X-Litmus: copymove: 7 (copy_coll)

Sending request-line and headers:
Request sent; retry is 1.
[status-line] < HTTP/1.1 204 No Content
[hdr] Access-Control-Allow-Origin: *
Header Name: [access-control-allow-origin], Value: [*]
[hdr] Access-Control-Allow-Credentials: false
Header Name: [access-control-allow-credentials], Value: [false]
[hdr] Access-Control-Allow-Headers: authorization, content-type, depth, overwrite, destination, range, if, lock-token, timeout
Header Name: [access-control-allow-headers], Value: [authorization, content-type, depth, overwrite, destination, range, if, lock-token, timeout]
[hdr] Access-Control-Allow-Methods: OPTIONS, PROPFIND, PROPPATCH, MKCOL, GET, HEAD, PUT, DELETE, COPY, MOVE, LOCK, UNLOCK
Header Name: [access-control-allow-methods], Value: [OPTIONS, PROPFIND, PROPPATCH, MKCOL, GET, HEAD, PUT, DELETE, COPY, MOVE, LOCK, UNLOCK]
[hdr] Access-Control-Expose-Headers: content-type, content-length, dav, etag, last-modified, location, date, content-range, lock-token
Header Name: [access-control-expose-headers], Value: [content-type, content-length, dav, etag, last-modified, location, date, content-range, lock-token]
[hdr] Access-Control-Max-Age: 86400
Header Name: [access-control-max-age], Value: [86400]
[hdr] 
End of headers.
Running post_headers hooks
Running post_send hooks
auth: Post-send (#0), code is 204 (want 401), WWW-Authenticate is (none)
Running destroy hooks.
Request ends.
auth: Create for WWW-Authenticate
Running pre_send hooks
auth: Sending 'Basic' response.
auth: '/litmus/ccdest/subcoll/' is inside auth domain: 1.
Sending request headers:
DELETE /litmus/ccdest/subcoll/ HTTP/1.1
User-Agent: litmus/0.13 neon/0.33.0
Connection: TE
TE: trailers
Host: 127.0.0.1:8787
Authorization: Basic dGVzdDp0ZXN0
X-Litmus: copymove: 7 (copy_coll)

Sending request-line and headers:
Request sent; retry is 1.
[status-line] < HTTP/1.1 204 No Content
[hdr] Access-Control-Allow-Origin: *
Header Name: [access-control-allow-origin], Value: [*]
[hdr] Access-Control-Allow-Credentials: false
Header Name: [access-control-allow-credentials], Value: [false]
[hdr] Access-Control-Allow-Headers: authorization, content-type, depth, overwrite, destination, range, if, lock-token, timeout
Header Name: [access-control-allow-headers], Value: [authorization, content-type, depth, overwrite, destination, range, if, lock-token, timeout]
[hdr] Access-Control-Allow-Methods: OPTIONS, PROPFIND, PROPPATCH, MKCOL, GET, HEAD, PUT, DELETE, COPY, MOVE, LOCK, UNLOCK
Header Name: [access-control-allow-methods], Value: [OPTIONS, PROPFIND, PROPPATCH, MKCOL, GET, HEAD, PUT, DELETE, COPY, MOVE, LOCK, UNLOCK]
[hdr] Access-Control-Expose-Headers: content-type, content-length, dav, etag, last-modified, location, date, content-range, lock-token
Header Name: [access-control-expose-headers], Value: [content-type, content-length, dav, etag, last-modified, location, date, content-range, lock-token]
[hdr] Access-Control-Max-Age: 86400
Header Name: [access-control-max-age], Value: [86400]
[hdr] 
End of headers.
Running post_headers hooks
Running post_send hooks
auth: Post-send (#0), code is 204 (want 401), WWW-Authenticate is (none)
Running destroy hooks.
Request ends.
auth: Create for WWW-Authenticate
Running pre_send hooks
auth: Sending 'Basic' response.
auth: '/litmus/ccdest2/' is inside auth domain: 1.
Sending request headers:
DELETE /litmus/ccdest2/ HTTP/1.1
User-Agent: litmus/0.13 neon/0.33.0
Connection: TE
TE: trailers
Host: 127.0.0.1:8787
Authorization: Basic dGVzdDp0ZXN0
X-Litmus: copymove: 7 (copy_coll)

Sending request-line and headers:
Request sent; retry is 1.
[status-line] < HTTP/1.1 204 No Content
[hdr] Access-Control-Allow-Origin: *
Header Name: [access-control-allow-origin], Value: [*]
[hdr] Access-Control-Allow-Credentials: false
Header Name: [access-control-allow-credentials], Value: [false]
[hdr] Access-Control-Allow-Headers: authorization, content-type, depth, overwrite, destination, range, if, lock-token, timeout
Header Name: [access-control-allow-headers], Value: [authorization, content-type, depth, overwrite, destination, range, if, lock-token, timeout]
[hdr] Access-Control-Allow-Methods: OPTIONS, PROPFIND, PROPPATCH, MKCOL, GET, HEAD, PUT, DELETE, COPY, MOVE, LOCK, UNLOCK
Header Name: [access-control-allow-methods], Value: [OPTIONS, PROPFIND, PROPPATCH, MKCOL, GET, HEAD, PUT, DELETE, COPY, MOVE, LOCK, UNLOCK]
[hdr] Access-Control-Expose-Headers: content-type, content-length, dav, etag, last-modified, location, date, content-range, lock-token
Header Name: [access-control-expose-headers], Value: [content-type, content-length, dav, etag, last-modified, location, date, content-range, lock-token]
[hdr] Access-Control-Max-Age: 86400
Header Name: [access-control-max-age], Value: [86400]
[hdr] 
End of headers.
Running post_headers hooks
Running post_send hooks
auth: Post-send (#0), code is 204 (want 401), WWW-Authenticate is (none)
Running destroy hooks.
Request ends.
auth: Create for WWW-Authenticate
Running pre_send hooks
auth: Sending 'Basic' response.
auth: '/litmus/ccdest/' is inside auth domain: 1.
Sending request headers:
DELETE /litmus/ccdest/ HTTP/1.1
User-Agent: litmus/0.13 neon/0.33.0
Connection: TE
TE: trailers
Host: 127.0.0.1:8787
Authorization: Basic dGVzdDp0ZXN0
X-Litmus: copymove: 7 (copy_coll)

Sending request-line and headers:
Request sent; retry is 1.
[status-line] < HTTP/1.1 204 No Content
[hdr] Access-Control-Allow-Origin: *
Header Name: [access-control-allow-origin], Value: [*]
[hdr] Access-Control-Allow-Credentials: false
Header Name: [access-control-allow-credentials], Value: [false]
[hdr] Access-Control-Allow-Headers: authorization, content-type, depth, overwrite, destination, range, if, lock-token, timeout
Header Name: [access-control-allow-headers], Value: [authorization, content-type, depth, overwrite, destination, range, if, lock-token, timeout]
[hdr] Access-Control-Allow-Methods: OPTIONS, PROPFIND, PROPPATCH, MKCOL, GET, HEAD, PUT, DELETE, COPY, MOVE, LOCK, UNLOCK
Header Name: [access-control-allow-methods], Value: [OPTIONS, PROPFIND, PROPPATCH, MKCOL, GET, HEAD, PUT, DELETE, COPY, MOVE, LOCK, UNLOCK]
[hdr] Access-Control-Expose-Headers: content-type, content-length, dav, etag, last-modified, location, date, content-range, lock-token
Header Name: [access-control-expose-headers], Value: [content-type, content-length, dav, etag, last-modified, location, date, content-range, lock-token]
[hdr] Access-Control-Max-Age: 86400
Header Name: [access-control-max-age], Value: [86400]
[hdr] 
End of headers.
Running post_headers hooks
Running post_send hooks
auth: Post-send (#0), code is 204 (want 401), WWW-Authenticate is (none)
Running destroy hooks.
Request ends.
******* Running test 8: copy_shallow ********
auth: Create for WWW-Authenticate
Running pre_send hooks
auth: Sending 'Basic' response.
auth: '/litmus/ccsrc/' is inside auth domain: 1.
Sending request headers:
MKCOL /litmus/ccsrc/ HTTP/1.1
User-Agent: litmus/0.13 neon/0.33.0
Connection: TE
TE: trailers
Host: 127.0.0.1:8787
Authorization: Basic dGVzdDp0ZXN0
X-Litmus: copymove: 8 (copy_shallow)

Sending request-line and headers:
Request sent; retry is 1.
[status-line] < HTTP/1.1 201 Created
[hdr] Content-Length: 0
Header Name: [content-length], Value: [0]
[hdr] Content-Type: text/plain;charset=UTF-8
Header Name: [content-type], Value: [text/plain;charset=UTF-8]
[hdr] Access-Control-Allow-Origin: *
Header Name: [access-control-allow-origin], Value: [*]
[hdr] Access-Control-Allow-Credentials: false
Header Name: [access-control-allow-credentials], Value: [false]
[hdr] Access-Control-Allow-Headers: authorization, content-type, depth, overwrite, destination, range, if, lock-token, timeout
Header Name: [access-control-allow-headers], Value: [authorization, content-type, depth, overwrite, destination, range, if, lock-token, timeout]
[hdr] Access-Control-Allow-Methods: OPTIONS, PROPFIND, PROPPATCH, MKCOL, GET, HEAD, PUT, DELETE, COPY, MOVE, LOCK, UNLOCK
Header Name: [access-control-allow-methods], Value: [OPTIONS, PROPFIND, PROPPATCH, MKCOL, GET, HEAD, PUT, DELETE, COPY, MOVE, LOCK, UNLOCK]
[hdr] Access-Control-Expose-Headers: content-type, content-length, dav, etag, last-modified, location, date, content-range, lock-token
Header Name: [access-control-expose-headers], Value: [content-type, content-length, dav, etag, last-modified, location, date, content-range, lock-token]
[hdr] Access-Control-Max-Age: 86400
Header Name: [access-control-max-age], Value: [86400]
[hdr] 
End of headers.
Running post_headers hooks
Running post_send hooks
auth: Post-send (#0), code is 201 (want 401), WWW-Authenticate is (none)
Running destroy hooks.
Request ends.
auth: Create for WWW-Authenticate
Running pre_send hooks
auth: Sending 'Basic' response.
auth: '/litmus/ccsrc/foo' is inside auth domain: 1.
Sending request headers:
PUT /litmus/ccsrc/foo HTTP/1.1
User-Agent: litmus/0.13 neon/0.33.0
Connection: TE
TE: trailers
Host: 127.0.0.1:8787
Content-Length: 32
Authorization: Basic dGVzdDp0ZXN0
X-Litmus: copymove: 8 (copy_shallow)

Sending request-line and headers:
Sending request body:
Body block (32 bytes):
[This
is
a
test
file
called
foo

]
Request sent; retry is 1.
[status-line] < HTTP/1.1 201 Created
[hdr] Content-Length: 0
Header Name: [content-length], Value: [0]
[hdr] Content-Type: text/plain;charset=UTF-8
Header Name: [content-type], Value: [text/plain;charset=UTF-8]
[hdr] Access-Control-Allow-Origin: *
Header Name: [access-control-allow-origin], Value: [*]
[hdr] Access-Control-Allow-Credentials: false
Header Name: [access-control-allow-credentials], Value: [false]
[hdr] Access-Control-Allow-Headers: authorization, content-type, depth, overwrite, destination, range, if, lock-token, timeout
Header Name: [access-control-allow-headers], Value: [authorization, content-type, depth, overwrite, destination, range, if, lock-token, timeout]
[hdr] Access-Control-Allow-Methods: OPTIONS, PROPFIND, PROPPATCH, MKCOL, GET, HEAD, PUT, DELETE, COPY, MOVE, LOCK, UNLOCK
Header Name: [access-control-allow-methods], Value: [OPTIONS, PROPFIND, PROPPATCH, MKCOL, GET, HEAD, PUT, DELETE, COPY, MOVE, LOCK, UNLOCK]
[hdr] Access-Control-Expose-Headers: content-type, content-length, dav, etag, last-modified, location, date, content-range, lock-token
Header Name: [access-control-expose-headers], Value: [content-type, content-length, dav, etag, last-modified, location, date, content-range, lock-token]
[hdr] Access-Control-Max-Age: 86400
Header Name: [access-control-max-age], Value: [86400]
[hdr] 
End of headers.
Running post_headers hooks
Running post_send hooks
auth: Post-send (#0), code is 201 (want 401), WWW-Authenticate is (none)
Request ends, status 201 class 2xx, error line:
201 Created
Running destroy hooks.
Request ends.
auth: Create for WWW-Authenticate
Running pre_send hooks
auth: Sending 'Basic' response.
auth: '/litmus/ccdest/' is inside auth domain: 1.
Sending request headers:
DELETE /litmus/ccdest/ HTTP/1.1
User-Agent: litmus/0.13 neon/0.33.0
Connection: TE
TE: trailers
Host: 127.0.0.1:8787
Authorization: Basic dGVzdDp0ZXN0
X-Litmus: copymove: 8 (copy_shallow)

Sending request-line and headers:
Request sent; retry is 1.
[status-line] < HTTP/1.1 404 Not Found
[hdr] Content-Length: 9
Header Name: [content-length], Value: [9]
[hdr] Content-Type: text/plain;charset=UTF-8
Header Name: [content-type], Value: [text/plain;charset=UTF-8]
[hdr] Access-Control-Allow-Origin: *
Header Name: [access-control-allow-origin], Value: [*]
[hdr] Access-Control-Allow-Credentials: false
Header Name: [access-control-allow-credentials], Value: [false]
[hdr] Access-Control-Allow-Headers: authorization, content-type, depth, overwrite, destination, range, if, lock-token, timeout
Header Name: [access-control-allow-headers], Value: [authorization, content-type, depth, overwrite, destination, range, if, lock-token, timeout]
[hdr] Access-Control-Allow-Methods: OPTIONS, PROPFIND, PROPPATCH, MKCOL, GET, HEAD, PUT, DELETE, COPY, MOVE, LOCK, UNLOCK
Header Name: [access-control-allow-methods], Value: [OPTIONS, PROPFIND, PROPPATCH, MKCOL, GET, HEAD, PUT, DELETE, COPY, MOVE, LOCK, UNLOCK]
[hdr] Access-Control-Expose-Headers: content-type, content-length, dav, etag, last-modified, location, date, content-range, lock-token
Header Name: [access-control-expose-headers], Value: [content-type, content-length, dav, etag, last-modified, location, date, content-range, lock-token]
[hdr] Access-Control-Max-Age: 86400
Header Name: [access-control-max-age], Value: [86400]
[hdr] 
End of headers.
Running post_headers hooks
Reading 9 bytes of response body.
Got 9 bytes.
Read block (9 bytes):
[Not Found]
Running post_send hooks
auth: Post-send (#0), code is 404 (want 401), WWW-Authenticate is (none)
Running destroy hooks.
Request ends.
auth: Create for WWW-Authenticate
Running pre_send hooks
auth: Sending 'Basic' response.
auth: '/litmus/ccsrc/' is inside auth domain: 1.
Sending request headers:
COPY /litmus/ccsrc/ HTTP/1.1
User-Agent: litmus/0.13 neon/0.33.0
Connection: TE
TE: trailers
Host: 127.0.0.1:8787
Depth: 0
Destination: http://127.0.0.1:8787/litmus/ccdest/
Overwrite: F
Authorization: Basic dGVzdDp0ZXN0
X-Litmus: copymove: 8 (copy_shallow)

Sending request-line and headers:
Request sent; retry is 1.
[status-line] < HTTP/1.1 201 Created
[hdr] Content-Length: 0
Header Name: [content-length], Value: [0]
[hdr] Location: /litmus/ccdest/
Header Name: [location], Value: [/litmus/ccdest/]
[hdr] Content-Type: text/plain;charset=UTF-8
Header Name: [content-type], Value: [text/plain;charset=UTF-8]
[hdr] Access-Control-Allow-Origin: *
Header Name: [access-control-allow-origin], Value: [*]
[hdr] Access-Control-Allow-Credentials: false
Header Name: [access-control-allow-credentials], Value: [false]
[hdr] Access-Control-Allow-Headers: authorization, content-type, depth, overwrite, destination, range, if, lock-token, timeout
Header Name: [access-control-allow-headers], Value: [authorization, content-type, depth, overwrite, destination, range, if, lock-token, timeout]
[hdr] Access-Control-Allow-Methods: OPTIONS, PROPFIND, PROPPATCH, MKCOL, GET, HEAD, PUT, DELETE, COPY, MOVE, LOCK, UNLOCK
Header Name: [access-control-allow-methods], Value: [OPTIONS, PROPFIND, PROPPATCH, MKCOL, GET, HEAD, PUT, DELETE, COPY, MOVE, LOCK, UNLOCK]
[hdr] Access-Control-Expose-Headers: content-type, content-length, dav, etag, last-modified, location, date, content-range, lock-token
Header Name: [access-control-expose-headers], Value: [content-type, content-length, dav, etag, last-modified, location, date, content-range, lock-token]
[hdr] Access-Control-Max-Age: 86400
Header Name: [access-control-max-age], Value: [86400]
[hdr] 
End of headers.
Running post_headers hooks
Running post_send hooks
auth: Post-send (#0), code is 201 (want 401), WWW-Authenticate is (none)
Running destroy hooks.
Request ends.
auth: Create for WWW-Authenticate
Running pre_send hooks
auth: Sending 'Basic' response.
auth: '/litmus/ccsrc/' is inside auth domain: 1.
Sending request headers:
DELETE /litmus/ccsrc/ HTTP/1.1
User-Agent: litmus/0.13 neon/0.33.0
Connection: TE
TE: trailers
Host: 127.0.0.1:8787
Authorization: Basic dGVzdDp0ZXN0
X-Litmus: copymove: 8 (copy_shallow)

Sending request-line and headers:
Request sent; retry is 1.
[status-line] < HTTP/1.1 204 No Content
[hdr] Access-Control-Allow-Origin: *
Header Name: [access-control-allow-origin], Value: [*]
[hdr] Access-Control-Allow-Credentials: false
Header Name: [access-control-allow-credentials], Value: [false]
[hdr] Access-Control-Allow-Headers: authorization, content-type, depth, overwrite, destination, range, if, lock-token, timeout
Header Name: [access-control-allow-headers], Value: [authorization, content-type, depth, overwrite, destination, range, if, lock-token, timeout]
[hdr] Access-Control-Allow-Methods: OPTIONS, PROPFIND, PROPPATCH, MKCOL, GET, HEAD, PUT, DELETE, COPY, MOVE, LOCK, UNLOCK
Header Name: [access-control-allow-methods], Value: [OPTIONS, PROPFIND, PROPPATCH, MKCOL, GET, HEAD, PUT, DELETE, COPY, MOVE, LOCK, UNLOCK]
[hdr] Access-Control-Expose-Headers: content-type, content-length, dav, etag, last-modified, location, date, content-range, lock-token
Header Name: [access-control-expose-headers], Value: [content-type, content-length, dav, etag, last-modified, location, date, content-range, lock-token]
[hdr] Access-Control-Max-Age: 86400
Header Name: [access-control-max-age], Value: [86400]
[hdr] 
End of headers.
Running post_headers hooks
Running post_send hooks
auth: Post-send (#0), code is 204 (want 401), WWW-Authenticate is (none)
Running destroy hooks.
Request ends.
auth: Create for WWW-Authenticate
Running pre_send hooks
auth: Sending 'Basic' response.
auth: '/litmus/foo' is inside auth domain: 1.
Sending request headers:
DELETE /litmus/foo HTTP/1.1
User-Agent: litmus/0.13 neon/0.33.0
Connection: TE
TE: trailers
Host: 127.0.0.1:8787
Authorization: Basic dGVzdDp0ZXN0
X-Litmus: copymove: 8 (copy_shallow)

Sending request-line and headers:
Request sent; retry is 1.
[status-line] < HTTP/1.1 404 Not Found
[hdr] Content-Length: 9
Header Name: [content-length], Value: [9]
[hdr] Content-Type: text/plain;charset=UTF-8
Header Name: [content-type], Value: [text/plain;charset=UTF-8]
[hdr] Access-Control-Allow-Origin: *
Header Name: [access-control-allow-origin], Value: [*]
[hdr] Access-Control-Allow-Credentials: false
Header Name: [access-control-allow-credentials], Value: [false]
[hdr] Access-Control-Allow-Headers: authorization, content-type, depth, overwrite, destination, range, if, lock-token, timeout
Header Name: [access-control-allow-headers], Value: [authorization, content-type, depth, overwrite, destination, range, if, lock-token, timeout]
[hdr] Access-Control-Allow-Methods: OPTIONS, PROPFIND, PROPPATCH, MKCOL, GET, HEAD, PUT, DELETE, COPY, MOVE, LOCK, UNLOCK
Header Name: [access-control-allow-methods], Value: [OPTIONS, PROPFIND, PROPPATCH, MKCOL, GET, HEAD, PUT, DELETE, COPY, MOVE, LOCK, UNLOCK]
[hdr] Access-Control-Expose-Headers: content-type, content-length, dav, etag, last-modified, location, date, content-range, lock-token
Header Name: [access-control-expose-headers], Value: [content-type, content-length, dav, etag, last-modified, location, date, content-range, lock-token]
[hdr] Access-Control-Max-Age: 86400
Header Name: [access-control-max-age], Value: [86400]
[hdr] 
End of headers.
Running post_headers hooks
Reading 9 bytes of response body.
Got 9 bytes.
Read block (9 bytes):
[Not Found]
Running post_send hooks
auth: Post-send (#0), code is 404 (want 401), WWW-Authenticate is (none)
Running destroy hooks.
Request ends.
auth: Create for WWW-Authenticate
Running pre_send hooks
auth: Sending 'Basic' response.
auth: '/litmus/ccdest/' is inside auth domain: 1.
Sending request headers:
DELETE /litmus/ccdest/ HTTP/1.1
User-Agent: litmus/0.13 neon/0.33.0
Connection: TE
TE: trailers
Host: 127.0.0.1:8787
Authorization: Basic dGVzdDp0ZXN0
X-Litmus: copymove: 8 (copy_shallow)

Sending request-line and headers:
Request sent; retry is 1.
[status-line] < HTTP/1.1 204 No Content
[hdr] Access-Control-Allow-Origin: *
Header Name: [access-control-allow-origin], Value: [*]
[hdr] Access-Control-Allow-Credentials: false
Header Name: [access-control-allow-credentials], Value: [false]
[hdr] Access-Control-Allow-Headers: authorization, content-type, depth, overwrite, destination, range, if, lock-token, timeout
Header Name: [access-control-allow-headers], Value: [authorization, content-type, depth, overwrite, destination, range, if, lock-token, timeout]
[hdr] Access-Control-Allow-Methods: OPTIONS, PROPFIND, PROPPATCH, MKCOL, GET, HEAD, PUT, DELETE, COPY, MOVE, LOCK, UNLOCK
Header Name: [access-control-allow-methods], Value: [OPTIONS, PROPFIND, PROPPATCH, MKCOL, GET, HEAD, PUT, DELETE, COPY, MOVE, LOCK, UNLOCK]
[hdr] Access-Control-Expose-Headers: content-type, content-length, dav, etag, last-modified, location, date, content-range, lock-token
Header Name: [access-control-expose-headers], Value: [content-type, content-length, dav, etag, last-modified, location, date, content-range, lock-token]
[hdr] Access-Control-Max-Age: 86400
Header Name: [access-control-max-age], Value: [86400]
[hdr] 
End of headers.
Running post_headers hooks
Running post_send hooks
auth: Post-send (#0), code is 204 (want 401), WWW-Authenticate is (none)
Running destroy hooks.
Request ends.
******* Running test 9: move ********
auth: Create for WWW-Authenticate
Running pre_send hooks
auth: Sending 'Basic' response.
auth: '/litmus/move' is inside auth domain: 1.
Sending request headers:
PUT /litmus/move HTTP/1.1
User-Agent: litmus/0.13 neon/0.33.0
Connection: TE
TE: trailers
Host: 127.0.0.1:8787
Content-Length: 32
Authorization: Basic dGVzdDp0ZXN0
X-Litmus: copymove: 9 (move)

Sending request-line and headers:
Sending request body:
Body block (32 bytes):
[This
is
a
test
file
called
foo

]
Request sent; retry is 1.
[status-line] < HTTP/1.1 201 Created
[hdr] Content-Length: 0
Header Name: [content-length], Value: [0]
[hdr] Content-Type: text/plain;charset=UTF-8
Header Name: [content-type], Value: [text/plain;charset=UTF-8]
[hdr] Access-Control-Allow-Origin: *
Header Name: [access-control-allow-origin], Value: [*]
[hdr] Access-Control-Allow-Credentials: false
Header Name: [access-control-allow-credentials], Value: [false]
[hdr] Access-Control-Allow-Headers: authorization, content-type, depth, overwrite, destination, range, if, lock-token, timeout
Header Name: [access-control-allow-headers], Value: [authorization, content-type, depth, overwrite, destination, range, if, lock-token, timeout]
[hdr] Access-Control-Allow-Methods: OPTIONS, PROPFIND, PROPPATCH, MKCOL, GET, HEAD, PUT, DELETE, COPY, MOVE, LOCK, UNLOCK
Header Name: [access-control-allow-methods], Value: [OPTIONS, PROPFIND, PROPPATCH, MKCOL, GET, HEAD, PUT, DELETE, COPY, MOVE, LOCK, UNLOCK]
[hdr] Access-Control-Expose-Headers: content-type, content-length, dav, etag, last-modified, location, date, content-range, lock-token
Header Name: [access-control-expose-headers], Value: [content-type, content-length, dav, etag, last-modified, location, date, content-range, lock-token]
[hdr] Access-Control-Max-Age: 86400
Header Name: [access-control-max-age], Value: [86400]
[hdr] 
End of headers.
Running post_headers hooks
Running post_send hooks
auth: Post-send (#0), code is 201 (want 401), WWW-Authenticate is (none)
Request ends, status 201 class 2xx, error line:
201 Created
Running destroy hooks.
Request ends.
auth: Create for WWW-Authenticate
Running pre_send hooks
auth: Sending 'Basic' response.
auth: '/litmus/move2' is inside auth domain: 1.
Sending request headers:
PUT /litmus/move2 HTTP/1.1
User-Agent: litmus/0.13 neon/0.33.0
Connection: TE
TE: trailers
Host: 127.0.0.1:8787
Content-Length: 32
Authorization: Basic dGVzdDp0ZXN0
X-Litmus: copymove: 9 (move)

Sending request-line and headers:
Sending request body:
Body block (32 bytes):
[This
is
a
test
file
called
foo

]
Request sent; retry is 1.
[status-line] < HTTP/1.1 201 Created
[hdr] Content-Length: 0
Header Name: [content-length], Value: [0]
[hdr] Content-Type: text/plain;charset=UTF-8
Header Name: [content-type], Value: [text/plain;charset=UTF-8]
[hdr] Access-Control-Allow-Origin: *
Header Name: [access-control-allow-origin], Value: [*]
[hdr] Access-Control-Allow-Credentials: false
Header Name: [access-control-allow-credentials], Value: [false]
[hdr] Access-Control-Allow-Headers: authorization, content-type, depth, overwrite, destination, range, if, lock-token, timeout
Header Name: [access-control-allow-headers], Value: [authorization, content-type, depth, overwrite, destination, range, if, lock-token, timeout]
[hdr] Access-Control-Allow-Methods: OPTIONS, PROPFIND, PROPPATCH, MKCOL, GET, HEAD, PUT, DELETE, COPY, MOVE, LOCK, UNLOCK
Header Name: [access-control-allow-methods], Value: [OPTIONS, PROPFIND, PROPPATCH, MKCOL, GET, HEAD, PUT, DELETE, COPY, MOVE, LOCK, UNLOCK]
[hdr] Access-Control-Expose-Headers: content-type, content-length, dav, etag, last-modified, location, date, content-range, lock-token
Header Name: [access-control-expose-headers], Value: [content-type, content-length, dav, etag, last-modified, location, date, content-range, lock-token]
[hdr] Access-Control-Max-Age: 86400
Header Name: [access-control-max-age], Value: [86400]
[hdr] 
End of headers.
Running post_headers hooks
Running post_send hooks
auth: Post-send (#0), code is 201 (want 401), WWW-Authenticate is (none)
Request ends, status 201 class 2xx, error line:
201 Created
Running destroy hooks.
Request ends.
auth: Create for WWW-Authenticate
Running pre_send hooks
auth: Sending 'Basic' response.
auth: '/litmus/movecoll/' is inside auth domain: 1.
Sending request headers:
MKCOL /litmus/movecoll/ HTTP/1.1
User-Agent: litmus/0.13 neon/0.33.0
Connection: TE
TE: trailers
Host: 127.0.0.1:8787
Authorization: Basic dGVzdDp0ZXN0
X-Litmus: copymove: 9 (move)

Sending request-line and headers:
Request sent; retry is 1.
[status-line] < HTTP/1.1 201 Created
[hdr] Content-Length: 0
Header Name: [content-length], Value: [0]
[hdr] Content-Type: text/plain;charset=UTF-8
Header Name: [content-type], Value: [text/plain;charset=UTF-8]
[hdr] Access-Control-Allow-Origin: *
Header Name: [access-control-allow-origin], Value: [*]
[hdr] Access-Control-Allow-Credentials: false
Header Name: [access-control-allow-credentials], Value: [false]
[hdr] Access-Control-Allow-Headers: authorization, content-type, depth, overwrite, destination, range, if, lock-token, timeout
Header Name: [access-control-allow-headers], Value: [authorization, content-type, depth, overwrite, destination, range, if, lock-token, timeout]
[hdr] Access-Control-Allow-Methods: OPTIONS, PROPFIND, PROPPATCH, MKCOL, GET, HEAD, PUT, DELETE, COPY, MOVE, LOCK, UNLOCK
Header Name: [access-control-allow-methods], Value: [OPTIONS, PROPFIND, PROPPATCH, MKCOL, GET, HEAD, PUT, DELETE, COPY, MOVE, LOCK, UNLOCK]
[hdr] Access-Control-Expose-Headers: content-type, content-length, dav, etag, last-modified, location, date, content-range, lock-token
Header Name: [access-control-expose-headers], Value: [content-type, content-length, dav, etag, last-modified, location, date, content-range, lock-token]
[hdr] Access-Control-Max-Age: 86400
Header Name: [access-control-max-age], Value: [86400]
[hdr] 
End of headers.
Running post_headers hooks
Running post_send hooks
auth: Post-send (#0), code is 201 (want 401), WWW-Authenticate is (none)
Running destroy hooks.
Request ends.
auth: Create for WWW-Authenticate
Running pre_send hooks
auth: Sending 'Basic' response.
auth: '/litmus/move' is inside auth domain: 1.
Sending request headers:
MOVE /litmus/move HTTP/1.1
User-Agent: litmus/0.13 neon/0.33.0
Connection: TE
TE: trailers
Host: 127.0.0.1:8787
Destination: http://127.0.0.1:8787/litmus/movedest
Overwrite: F
Authorization: Basic dGVzdDp0ZXN0
X-Litmus: copymove: 9 (move)

Sending request-line and headers:
Request sent; retry is 1.
[status-line] < HTTP/1.1 201 Created
[hdr] Content-Length: 0
Header Name: [content-length], Value: [0]
[hdr] Location: /litmus/movedest
Header Name: [location], Value: [/litmus/movedest]
[hdr] Content-Type: text/plain;charset=UTF-8
Header Name: [content-type], Value: [text/plain;charset=UTF-8]
[hdr] Access-Control-Allow-Origin: *
Header Name: [access-control-allow-origin], Value: [*]
[hdr] Access-Control-Allow-Credentials: false
Header Name: [access-control-allow-credentials], Value: [false]
[hdr] Access-Control-Allow-Headers: authorization, content-type, depth, overwrite, destination, range, if, lock-token, timeout
Header Name: [access-control-allow-headers], Value: [authorization, content-type, depth, overwrite, destination, range, if, lock-token, timeout]
[hdr] Access-Control-Allow-Methods: OPTIONS, PROPFIND, PROPPATCH, MKCOL, GET, HEAD, PUT, DELETE, COPY, MOVE, LOCK, UNLOCK
Header Name: [access-control-allow-methods], Value: [OPTIONS, PROPFIND, PROPPATCH, MKCOL, GET, HEAD, PUT, DELETE, COPY, MOVE, LOCK, UNLOCK]
[hdr] Access-Control-Expose-Headers: content-type, content-length, dav, etag, last-modified, location, date, content-range, lock-token
Header Name: [access-control-expose-headers], Value: [content-type, content-length, dav, etag, last-modified, location, date, content-range, lock-token]
[hdr] Access-Control-Max-Age: 86400
Header Name: [access-control-max-age], Value: [86400]
[hdr] 
End of headers.
Running post_headers hooks
Running post_send hooks
auth: Post-send (#0), code is 201 (want 401), WWW-Authenticate is (none)
Running destroy hooks.
Request ends.
auth: Create for WWW-Authenticate
Running pre_send hooks
auth: Sending 'Basic' response.
auth: '/litmus/move2' is inside auth domain: 1.
Sending request headers:
MOVE /litmus/move2 HTTP/1.1
User-Agent: litmus/0.13 neon/0.33.0
Connection: TE
TE: trailers
Host: 127.0.0.1:8787
Destination: http://127.0.0.1:8787/litmus/movedest
Overwrite: F
Authorization: Basic dGVzdDp0ZXN0
X-Litmus: copymove: 9 (move)

Sending request-line and headers:
Request sent; retry is 1.
[status-line] < HTTP/1.1 412 Precondition Failed
[hdr] Content-Length: 19
Header Name: [content-length], Value: [19]
[hdr] Content-Type: text/plain;charset=UTF-8
Header Name: [content-type], Value: [text/plain;charset=UTF-8]
[hdr] Access-Control-Allow-Origin: *
Header Name: [access-control-allow-origin], Value: [*]
[hdr] Access-Control-Allow-Credentials: false
Header Name: [access-control-allow-credentials], Value: [false]
[hdr] Access-Control-Allow-Headers: authorization, content-type, depth, overwrite, destination, range, if, lock-token, timeout
Header Name: [access-control-allow-headers], Value: [authorization, content-type, depth, overwrite, destination, range, if, lock-token, timeout]
[hdr] Access-Control-Allow-Methods: OPTIONS, PROPFIND, PROPPATCH, MKCOL, GET, HEAD, PUT, DELETE, COPY, MOVE, LOCK, UNLOCK
Header Name: [access-control-allow-methods], Value: [OPTIONS, PROPFIND, PROPPATCH, MKCOL, GET, HEAD, PUT, DELETE, COPY, MOVE, LOCK, UNLOCK]
[hdr] Access-Control-Expose-Headers: content-type, content-length, dav, etag, last-modified, location, date, content-range, lock-token
Header Name: [access-control-expose-headers], Value: [content-type, content-length, dav, etag, last-modified, location, date, content-range, lock-token]
[hdr] Access-Control-Max-Age: 86400
Header Name: [access-control-max-age], Value: [86400]
[hdr] 
End of headers.
Running post_headers hooks
Reading 19 bytes of response body.
Got 19 bytes.
Read block (19 bytes):
[Precondition Failed]
Running post_send hooks
auth: Post-send (#0), code is 412 (want 401), WWW-Authenticate is (none)
Running destroy hooks.
Request ends.
auth: Create for WWW-Authenticate
Running pre_send hooks
auth: Sending 'Basic' response.
auth: '/litmus/move2' is inside auth domain: 1.
Sending request headers:
MOVE /litmus/move2 HTTP/1.1
User-Agent: litmus/0.13 neon/0.33.0
Connection: TE
TE: trailers
Host: 127.0.0.1:8787
Destination: http://127.0.0.1:8787/litmus/movedest
Overwrite: T
Authorization: Basic dGVzdDp0ZXN0
X-Litmus: copymove: 9 (move)

Sending request-line and headers:
Request sent; retry is 1.
[status-line] < HTTP/1.1 204 No Content
[hdr] Access-Control-Allow-Origin: *
Header Name: [access-control-allow-origin], Value: [*]
[hdr] Access-Control-Allow-Credentials: false
Header Name: [access-control-allow-credentials], Value: [false]
[hdr] Access-Control-Allow-Headers: authorization, content-type, depth, overwrite, destination, range, if, lock-token, timeout
Header Name: [access-control-allow-headers], Value: [authorization, content-type, depth, overwrite, destination, range, if, lock-token, timeout]
[hdr] Access-Control-Allow-Methods: OPTIONS, PROPFIND, PROPPATCH, MKCOL, GET, HEAD, PUT, DELETE, COPY, MOVE, LOCK, UNLOCK
Header Name: [access-control-allow-methods], Value: [OPTIONS, PROPFIND, PROPPATCH, MKCOL, GET, HEAD, PUT, DELETE, COPY, MOVE, LOCK, UNLOCK]
[hdr] Access-Control-Expose-Headers: content-type, content-length, dav, etag, last-modified, location, date, content-range, lock-token
Header Name: [access-control-expose-headers], Value: [content-type, content-length, dav, etag, last-modified, location, date, content-range, lock-token]
[hdr] Access-Control-Max-Age: 86400
Header Name: [access-control-max-age], Value: [86400]
[hdr] 
End of headers.
Running post_headers hooks
Running post_send hooks
auth: Post-send (#0), code is 204 (want 401), WWW-Authenticate is (none)
Running destroy hooks.
Request ends.
auth: Create for WWW-Authenticate
Running pre_send hooks
auth: Sending 'Basic' response.
auth: '/litmus/movedest' is inside auth domain: 1.
Sending request headers:
MOVE /litmus/movedest HTTP/1.1
User-Agent: litmus/0.13 neon/0.33.0
Connection: TE
TE: trailers
Host: 127.0.0.1:8787
Destination: http://127.0.0.1:8787/litmus/movecoll/
Overwrite: T
Authorization: Basic dGVzdDp0ZXN0
X-Litmus: copymove: 9 (move)

Sending request-line and headers:
Request sent; retry is 1.
[status-line] < HTTP/1.1 204 No Content
[hdr] Access-Control-Allow-Origin: *
Header Name: [access-control-allow-origin], Value: [*]
[hdr] Access-Control-Allow-Credentials: false
Header Name: [access-control-allow-credentials], Value: [false]
[hdr] Access-Control-Allow-Headers: authorization, content-type, depth, overwrite, destination, range, if, lock-token, timeout
Header Name: [access-control-allow-headers], Value: [authorization, content-type, depth, overwrite, destination, range, if, lock-token, timeout]
[hdr] Access-Control-Allow-Methods: OPTIONS, PROPFIND, PROPPATCH, MKCOL, GET, HEAD, PUT, DELETE, COPY, MOVE, LOCK, UNLOCK
Header Name: [access-control-allow-methods], Value: [OPTIONS, PROPFIND, PROPPATCH, MKCOL, GET, HEAD, PUT, DELETE, COPY, MOVE, LOCK, UNLOCK]
[hdr] Access-Control-Expose-Headers: content-type, content-length, dav, etag, last-modified, location, date, content-range, lock-token
Header Name: [access-control-expose-headers], Value: [content-type, content-length, dav, etag, last-modified, location, date, content-range, lock-token]
[hdr] Access-Control-Max-Age: 86400
Header Name: [access-control-max-age], Value: [86400]
[hdr] 
End of headers.
Running post_headers hooks
Running post_send hooks
auth: Post-send (#0), code is 204 (want 401), WWW-Authenticate is (none)
Running destroy hooks.
Request ends.
auth: Create for WWW-Authenticate
Running pre_send hooks
auth: Sending 'Basic' response.
auth: '/litmus/movecoll' is inside auth domain: 1.
Sending request headers:
DELETE /litmus/movecoll HTTP/1.1
User-Agent: litmus/0.13 neon/0.33.0
Connection: TE
TE: trailers
Host: 127.0.0.1:8787
Authorization: Basic dGVzdDp0ZXN0
X-Litmus: copymove: 9 (move)

Sending request-line and headers:
Request sent; retry is 1.
[status-line] < HTTP/1.1 204 No Content
[hdr] Access-Control-Allow-Origin: *
Header Name: [access-control-allow-origin], Value: [*]
[hdr] Access-Control-Allow-Credentials: false
Header Name: [access-control-allow-credentials], Value: [false]
[hdr] Access-Control-Allow-Headers: authorization, content-type, depth, overwrite, destination, range, if, lock-token, timeout
Header Name: [access-control-allow-headers], Value: [authorization, content-type, depth, overwrite, destination, range, if, lock-token, timeout]
[hdr] Access-Control-Allow-Methods: OPTIONS, PROPFIND, PROPPATCH, MKCOL, GET, HEAD, PUT, DELETE, COPY, MOVE, LOCK, UNLOCK
Header Name: [access-control-allow-methods], Value: [OPTIONS, PROPFIND, PROPPATCH, MKCOL, GET, HEAD, PUT, DELETE, COPY, MOVE, LOCK, UNLOCK]
[hdr] Access-Control-Expose-Headers: content-type, content-length, dav, etag, last-modified, location, date, content-range, lock-token
Header Name: [access-control-expose-headers], Value: [content-type, content-length, dav, etag, last-modified, location, date, content-range, lock-token]
[hdr] Access-Control-Max-Age: 86400
Header Name: [access-control-max-age], Value: [86400]
[hdr] 
End of headers.
Running post_headers hooks
Running post_send hooks
auth: Post-send (#0), code is 204 (want 401), WWW-Authenticate is (none)
Running destroy hooks.
Request ends.
******* Running test 10: move_coll ********
auth: Create for WWW-Authenticate
Running pre_send hooks
auth: Sending 'Basic' response.
auth: '/litmus/mvsrc/' is inside auth domain: 1.
Sending request headers:
MKCOL /litmus/mvsrc/ HTTP/1.1
User-Agent: litmus/0.13 neon/0.33.0
Connection: TE
TE: trailers
Host: 127.0.0.1:8787
Authorization: Basic dGVzdDp0ZXN0
X-Litmus: copymove: 10 (move_coll)

Sending request-line and headers:
Request sent; retry is 1.
[status-line] < HTTP/1.1 201 Created
[hdr] Content-Length: 0
Header Name: [content-length], Value: [0]
[hdr] Content-Type: text/plain;charset=UTF-8
Header Name: [content-type], Value: [text/plain;charset=UTF-8]
[hdr] Access-Control-Allow-Origin: *
Header Name: [access-control-allow-origin], Value: [*]
[hdr] Access-Control-Allow-Credentials: false
Header Name: [access-control-allow-credentials], Value: [false]
[hdr] Access-Control-Allow-Headers: authorization, content-type, depth, overwrite, destination, range, if, lock-token, timeout
Header Name: [access-control-allow-headers], Value: [authorization, content-type, depth, overwrite, destination, range, if, lock-token, timeout]
[hdr] Access-Control-Allow-Methods: OPTIONS, PROPFIND, PROPPATCH, MKCOL, GET, HEAD, PUT, DELETE, COPY, MOVE, LOCK, UNLOCK
Header Name: [access-control-allow-methods], Value: [OPTIONS, PROPFIND, PROPPATCH, MKCOL, GET, HEAD, PUT, DELETE, COPY, MOVE, LOCK, UNLOCK]
[hdr] Access-Control-Expose-Headers: content-type, content-length, dav, etag, last-modified, location, date, content-range, lock-token
Header Name: [access-control-expose-headers], Value: [content-type, content-length, dav, etag, last-modified, location, date, content-range, lock-token]
[hdr] Access-Control-Max-Age: 86400
Header Name: [access-control-max-age], Value: [86400]
[hdr] 
End of headers.
Running post_headers hooks
Running post_send hooks
auth: Post-send (#0), code is 201 (want 401), WWW-Authenticate is (none)
Running destroy hooks.
Request ends.
auth: Create for WWW-Authenticate
Running pre_send hooks
auth: Sending 'Basic' response.
auth: '/litmus/mvsrc/foo.0' is inside auth domain: 1.
Sending request headers:
PUT /litmus/mvsrc/foo.0 HTTP/1.1
User-Agent: litmus/0.13 neon/0.33.0
Connection: TE
TE: trailers
Host: 127.0.0.1:8787
Content-Length: 32
Authorization: Basic dGVzdDp0ZXN0
X-Litmus: copymove: 10 (move_coll)

Sending request-line and headers:
Sending request body:
Body block (32 bytes):
[This
is
a
test
file
called
foo

]
Request sent; retry is 1.
[status-line] < HTTP/1.1 201 Created
[hdr] Content-Length: 0
Header Name: [content-length], Value: [0]
[hdr] Content-Type: text/plain;charset=UTF-8
Header Name: [content-type], Value: [text/plain;charset=UTF-8]
[hdr] Access-Control-Allow-Origin: *
Header Name: [access-control-allow-origin], Value: [*]
[hdr] Access-Control-Allow-Credentials: false
Header Name: [access-control-allow-credentials], Value: [false]
[hdr] Access-Control-Allow-Headers: authorization, content-type, depth, overwrite, destination, range, if, lock-token, timeout
Header Name: [access-control-allow-headers], Value: [authorization, content-type, depth, overwrite, destination, range, if, lock-token, timeout]
[hdr] Access-Control-Allow-Methods: OPTIONS, PROPFIND, PROPPATCH, MKCOL, GET, HEAD, PUT, DELETE, COPY, MOVE, LOCK, UNLOCK
Header Name: [access-control-allow-methods], Value: [OPTIONS, PROPFIND, PROPPATCH, MKCOL, GET, HEAD, PUT, DELETE, COPY, MOVE, LOCK, UNLOCK]
[hdr] Access-Control-Expose-Headers: content-type, content-length, dav, etag, last-modified, location, date, content-range, lock-token
Header Name: [access-control-expose-headers], Value: [content-type, content-length, dav, etag, last-modified, location, date, content-range, lock-token]
[hdr] Access-Control-Max-Age: 86400
Header Name: [access-control-max-age], Value: [86400]
[hdr] 
End of headers.
Running post_headers hooks
Running post_send hooks
auth: Post-send (#0), code is 201 (want 401), WWW-Authenticate is (none)
Request ends, status 201 class 2xx, error line:
201 Created
Running destroy hooks.
Request ends.
auth: Create for WWW-Authenticate
Running pre_send hooks
auth: Sending 'Basic' response.
auth: '/litmus/mvsrc/foo.1' is inside auth domain: 1.
Sending request headers:
PUT /litmus/mvsrc/foo.1 HTTP/1.1
User-Agent: litmus/0.13 neon/0.33.0
Connection: TE
TE: trailers
Host: 127.0.0.1:8787
Content-Length: 32
Authorization: Basic dGVzdDp0ZXN0
X-Litmus: copymove: 10 (move_coll)

Sending request-line and headers:
Sending request body:
Body block (32 bytes):
[This
is
a
test
file
called
foo

]
Request sent; retry is 1.
[status-line] < HTTP/1.1 201 Created
[hdr] Content-Length: 0
Header Name: [content-length], Value: [0]
[hdr] Content-Type: text/plain;charset=UTF-8
Header Name: [content-type], Value: [text/plain;charset=UTF-8]
[hdr] Access-Control-Allow-Origin: *
Header Name: [access-control-allow-origin], Value: [*]
[hdr] Access-Control-Allow-Credentials: false
Header Name: [access-control-allow-credentials], Value: [false]
[hdr] Access-Control-Allow-Headers: authorization, content-type, depth, overwrite, destination, range, if, lock-token, timeout
Header Name: [access-control-allow-headers], Value: [authorization, content-type, depth, overwrite, destination, range, if, lock-token, timeout]
[hdr] Access-Control-Allow-Methods: OPTIONS, PROPFIND, PROPPATCH, MKCOL, GET, HEAD, PUT, DELETE, COPY, MOVE, LOCK, UNLOCK
Header Name: [access-control-allow-methods], Value: [OPTIONS, PROPFIND, PROPPATCH, MKCOL, GET, HEAD, PUT, DELETE, COPY, MOVE, LOCK, UNLOCK]
[hdr] Access-Control-Expose-Headers: content-type, content-length, dav, etag, last-modified, location, date, content-range, lock-token
Header Name: [access-control-expose-headers], Value: [content-type, content-length, dav, etag, last-modified, location, date, content-range, lock-token]
[hdr] Access-Control-Max-Age: 86400
Header Name: [access-control-max-age], Value: [86400]
[hdr] 
End of headers.
Running post_headers hooks
Running post_send hooks
auth: Post-send (#0), code is 201 (want 401), WWW-Authenticate is (none)
Request ends, status 201 class 2xx, error line:
201 Created
Running destroy hooks.
Request ends.
auth: Create for WWW-Authenticate
Running pre_send hooks
auth: Sending 'Basic' response.
auth: '/litmus/mvsrc/foo.2' is inside auth domain: 1.
Sending request headers:
PUT /litmus/mvsrc/foo.2 HTTP/1.1
User-Agent: litmus/0.13 neon/0.33.0
Connection: TE
TE: trailers
Host: 127.0.0.1:8787
Content-Length: 32
Authorization: Basic dGVzdDp0ZXN0
X-Litmus: copymove: 10 (move_coll)

Sending request-line and headers:
Sending request body:
Body block (32 bytes):
[This
is
a
test
file
called
foo

]
Request sent; retry is 1.
[status-line] < HTTP/1.1 201 Created
[hdr] Content-Length: 0
Header Name: [content-length], Value: [0]
[hdr] Content-Type: text/plain;charset=UTF-8
Header Name: [content-type], Value: [text/plain;charset=UTF-8]
[hdr] Access-Control-Allow-Origin: *
Header Name: [access-control-allow-origin], Value: [*]
[hdr] Access-Control-Allow-Credentials: false
Header Name: [access-control-allow-credentials], Value: [false]
[hdr] Access-Control-Allow-Headers: authorization, content-type, depth, overwrite, destination, range, if, lock-token, timeout
Header Name: [access-control-allow-headers], Value: [authorization, content-type, depth, overwrite, destination, range, if, lock-token, timeout]
[hdr] Access-Control-Allow-Methods: OPTIONS, PROPFIND, PROPPATCH, MKCOL, GET, HEAD, PUT, DELETE, COPY, MOVE, LOCK, UNLOCK
Header Name: [access-control-allow-methods], Value: [OPTIONS, PROPFIND, PROPPATCH, MKCOL, GET, HEAD, PUT, DELETE, COPY, MOVE, LOCK, UNLOCK]
[hdr] Access-Control-Expose-Headers: content-type, content-length, dav, etag, last-modified, location, date, content-range, lock-token
Header Name: [access-control-expose-headers], Value: [content-type, content-length, dav, etag, last-modified, location, date, content-range, lock-token]
[hdr] Access-Control-Max-Age: 86400
Header Name: [access-control-max-age], Value: [86400]
[hdr] 
End of headers.
Running post_headers hooks
Running post_send hooks
auth: Post-send (#0), code is 201 (want 401), WWW-Authenticate is (none)
Request ends, status 201 class 2xx, error line:
201 Created
Running destroy hooks.
Request ends.
auth: Create for WWW-Authenticate
Running pre_send hooks
auth: Sending 'Basic' response.
auth: '/litmus/mvsrc/foo.3' is inside auth domain: 1.
Sending request headers:
PUT /litmus/mvsrc/foo.3 HTTP/1.1
User-Agent: litmus/0.13 neon/0.33.0
Connection: TE
TE: trailers
Host: 127.0.0.1:8787
Content-Length: 32
Authorization: Basic dGVzdDp0ZXN0
X-Litmus: copymove: 10 (move_coll)

Sending request-line and headers:
Sending request body:
Body block (32 bytes):
[This
is
a
test
file
called
foo

]
Request sent; retry is 1.
[status-line] < HTTP/1.1 201 Created
[hdr] Content-Length: 0
Header Name: [content-length], Value: [0]
[hdr] Content-Type: text/plain;charset=UTF-8
Header Name: [content-type], Value: [text/plain;charset=UTF-8]
[hdr] Access-Control-Allow-Origin: *
Header Name: [access-control-allow-origin], Value: [*]
[hdr] Access-Control-Allow-Credentials: false
Header Name: [access-control-allow-credentials], Value: [false]
[hdr] Access-Control-Allow-Headers: authorization, content-type, depth, overwrite, destination, range, if, lock-token, timeout
Header Name: [access-control-allow-headers], Value: [authorization, content-type, depth, overwrite, destination, range, if, lock-token, timeout]
[hdr] Access-Control-Allow-Methods: OPTIONS, PROPFIND, PROPPATCH, MKCOL, GET, HEAD, PUT, DELETE, COPY, MOVE, LOCK, UNLOCK
Header Name: [access-control-allow-methods], Value: [OPTIONS, PROPFIND, PROPPATCH, MKCOL, GET, HEAD, PUT, DELETE, COPY, MOVE, LOCK, UNLOCK]
[hdr] Access-Control-Expose-Headers: content-type, content-length, dav, etag, last-modified, location, date, content-range, lock-token
Header Name: [access-control-expose-headers], Value: [content-type, content-length, dav, etag, last-modified, location, date, content-range, lock-token]
[hdr] Access-Control-Max-Age: 86400
Header Name: [access-control-max-age], Value: [86400]
[hdr] 
End of headers.
Running post_headers hooks
Running post_send hooks
auth: Post-send (#0), code is 201 (want 401), WWW-Authenticate is (none)
Request ends, status 201 class 2xx, error line:
201 Created
Running destroy hooks.
Request ends.
auth: Create for WWW-Authenticate
Running pre_send hooks
auth: Sending 'Basic' response.
auth: '/litmus/mvsrc/foo.4' is inside auth domain: 1.
Sending request headers:
PUT /litmus/mvsrc/foo.4 HTTP/1.1
User-Agent: litmus/0.13 neon/0.33.0
Connection: TE
TE: trailers
Host: 127.0.0.1:8787
Content-Length: 32
Authorization: Basic dGVzdDp0ZXN0
X-Litmus: copymove: 10 (move_coll)

Sending request-line and headers:
Sending request body:
Body block (32 bytes):
[This
is
a
test
file
called
foo

]
Request sent; retry is 1.
[status-line] < HTTP/1.1 201 Created
[hdr] Content-Length: 0
Header Name: [content-length], Value: [0]
[hdr] Content-Type: text/plain;charset=UTF-8
Header Name: [content-type], Value: [text/plain;charset=UTF-8]
[hdr] Access-Control-Allow-Origin: *
Header Name: [access-control-allow-origin], Value: [*]
[hdr] Access-Control-Allow-Credentials: false
Header Name: [access-control-allow-credentials], Value: [false]
[hdr] Access-Control-Allow-Headers: authorization, content-type, depth, overwrite, destination, range, if, lock-token, timeout
Header Name: [access-control-allow-headers], Value: [authorization, content-type, depth, overwrite, destination, range, if, lock-token, timeout]
[hdr] Access-Control-Allow-Methods: OPTIONS, PROPFIND, PROPPATCH, MKCOL, GET, HEAD, PUT, DELETE, COPY, MOVE, LOCK, UNLOCK
Header Name: [access-control-allow-methods], Value: [OPTIONS, PROPFIND, PROPPATCH, MKCOL, GET, HEAD, PUT, DELETE, COPY, MOVE, LOCK, UNLOCK]
[hdr] Access-Control-Expose-Headers: content-type, content-length, dav, etag, last-modified, location, date, content-range, lock-token
Header Name: [access-control-expose-headers], Value: [content-type, content-length, dav, etag, last-modified, location, date, content-range, lock-token]
[hdr] Access-Control-Max-Age: 86400
Header Name: [access-control-max-age], Value: [86400]
[hdr] 
End of headers.
Running post_headers hooks
Running post_send hooks
auth: Post-send (#0), code is 201 (want 401), WWW-Authenticate is (none)
Request ends, status 201 class 2xx, error line:
201 Created
Running destroy hooks.
Request ends.
auth: Create for WWW-Authenticate
Running pre_send hooks
auth: Sending 'Basic' response.
auth: '/litmus/mvsrc/foo.5' is inside auth domain: 1.
Sending request headers:
PUT /litmus/mvsrc/foo.5 HTTP/1.1
User-Agent: litmus/0.13 neon/0.33.0
Connection: TE
TE: trailers
Host: 127.0.0.1:8787
Content-Length: 32
Authorization: Basic dGVzdDp0ZXN0
X-Litmus: copymove: 10 (move_coll)

Sending request-line and headers:
Sending request body:
Body block (32 bytes):
[This
is
a
test
file
called
foo

]
Request sent; retry is 1.
[status-line] < HTTP/1.1 201 Created
[hdr] Content-Length: 0
Header Name: [content-length], Value: [0]
[hdr] Content-Type: text/plain;charset=UTF-8
Header Name: [content-type], Value: [text/plain;charset=UTF-8]
[hdr] Access-Control-Allow-Origin: *
Header Name: [access-control-allow-origin], Value: [*]
[hdr] Access-Control-Allow-Credentials: false
Header Name: [access-control-allow-credentials], Value: [false]
[hdr] Access-Control-Allow-Headers: authorization, content-type, depth, overwrite, destination, range, if, lock-token, timeout
Header Name: [access-control-allow-headers], Value: [authorization, content-type, depth, overwrite, destination, range, if, lock-token, timeout]
[hdr] Access-Control-Allow-Methods: OPTIONS, PROPFIND, PROPPATCH, MKCOL, GET, HEAD, PUT, DELETE, COPY, MOVE, LOCK, UNLOCK
Header Name: [access-control-allow-methods], Value: [OPTIONS, PROPFIND, PROPPATCH, MKCOL, GET, HEAD, PUT, DELETE, COPY, MOVE, LOCK, UNLOCK]
[hdr] Access-Control-Expose-Headers: content-type, content-length, dav, etag, last-modified, location, date, content-range, lock-token
Header Name: [access-control-expose-headers], Value: [content-type, content-length, dav, etag, last-modified, location, date, content-range, lock-token]
[hdr] Access-Control-Max-Age: 86400
Header Name: [access-control-max-age], Value: [86400]
[hdr] 
End of headers.
Running post_headers hooks
Running post_send hooks
auth: Post-send (#0), code is 201 (want 401), WWW-Authenticate is (none)
Request ends, status 201 class 2xx, error line:
201 Created
Running destroy hooks.
Request ends.
auth: Create for WWW-Authenticate
Running pre_send hooks
auth: Sending 'Basic' response.
auth: '/litmus/mvsrc/foo.6' is inside auth domain: 1.
Sending request headers:
PUT /litmus/mvsrc/foo.6 HTTP/1.1
User-Agent: litmus/0.13 neon/0.33.0
Connection: TE
TE: trailers
Host: 127.0.0.1:8787
Content-Length: 32
Authorization: Basic dGVzdDp0ZXN0
X-Litmus: copymove: 10 (move_coll)

Sending request-line and headers:
Sending request body:
Body block (32 bytes):
[This
is
a
test
file
called
foo

]
Request sent; retry is 1.
[status-line] < HTTP/1.1 201 Created
[hdr] Content-Length: 0
Header Name: [content-length], Value: [0]
[hdr] Content-Type: text/plain;charset=UTF-8
Header Name: [content-type], Value: [text/plain;charset=UTF-8]
[hdr] Access-Control-Allow-Origin: *
Header Name: [access-control-allow-origin], Value: [*]
[hdr] Access-Control-Allow-Credentials: false
Header Name: [access-control-allow-credentials], Value: [false]
[hdr] Access-Control-Allow-Headers: authorization, content-type, depth, overwrite, destination, range, if, lock-token, timeout
Header Name: [access-control-allow-headers], Value: [authorization, content-type, depth, overwrite, destination, range, if, lock-token, timeout]
[hdr] Access-Control-Allow-Methods: OPTIONS, PROPFIND, PROPPATCH, MKCOL, GET, HEAD, PUT, DELETE, COPY, MOVE, LOCK, UNLOCK
Header Name: [access-control-allow-methods], Value: [OPTIONS, PROPFIND, PROPPATCH, MKCOL, GET, HEAD, PUT, DELETE, COPY, MOVE, LOCK, UNLOCK]
[hdr] Access-Control-Expose-Headers: content-type, content-length, dav, etag, last-modified, location, date, content-range, lock-token
Header Name: [access-control-expose-headers], Value: [content-type, content-length, dav, etag, last-modified, location, date, content-range, lock-token]
[hdr] Access-Control-Max-Age: 86400
Header Name: [access-control-max-age], Value: [86400]
[hdr] 
End of headers.
Running post_headers hooks
Running post_send hooks
auth: Post-send (#0), code is 201 (want 401), WWW-Authenticate is (none)
Request ends, status 201 class 2xx, error line:
201 Created
Running destroy hooks.
Request ends.
auth: Create for WWW-Authenticate
Running pre_send hooks
auth: Sending 'Basic' response.
auth: '/litmus/mvsrc/foo.7' is inside auth domain: 1.
Sending request headers:
PUT /litmus/mvsrc/foo.7 HTTP/1.1
User-Agent: litmus/0.13 neon/0.33.0
Connection: TE
TE: trailers
Host: 127.0.0.1:8787
Content-Length: 32
Authorization: Basic dGVzdDp0ZXN0
X-Litmus: copymove: 10 (move_coll)

Sending request-line and headers:
Sending request body:
Body block (32 bytes):
[This
is
a
test
file
called
foo

]
Request sent; retry is 1.
[status-line] < HTTP/1.1 201 Created
[hdr] Content-Length: 0
Header Name: [content-length], Value: [0]
[hdr] Content-Type: text/plain;charset=UTF-8
Header Name: [content-type], Value: [text/plain;charset=UTF-8]
[hdr] Access-Control-Allow-Origin: *
Header Name: [access-control-allow-origin], Value: [*]
[hdr] Access-Control-Allow-Credentials: false
Header Name: [access-control-allow-credentials], Value: [false]
[hdr] Access-Control-Allow-Headers: authorization, content-type, depth, overwrite, destination, range, if, lock-token, timeout
Header Name: [access-control-allow-headers], Value: [authorization, content-type, depth, overwrite, destination, range, if, lock-token, timeout]
[hdr] Access-Control-Allow-Methods: OPTIONS, PROPFIND, PROPPATCH, MKCOL, GET, HEAD, PUT, DELETE, COPY, MOVE, LOCK, UNLOCK
Header Name: [access-control-allow-methods], Value: [OPTIONS, PROPFIND, PROPPATCH, MKCOL, GET, HEAD, PUT, DELETE, COPY, MOVE, LOCK, UNLOCK]
[hdr] Access-Control-Expose-Headers: content-type, content-length, dav, etag, last-modified, location, date, content-range, lock-token
Header Name: [access-control-expose-headers], Value: [content-type, content-length, dav, etag, last-modified, location, date, content-range, lock-token]
[hdr] Access-Control-Max-Age: 86400
Header Name: [access-control-max-age], Value: [86400]
[hdr] 
End of headers.
Running post_headers hooks
Running post_send hooks
auth: Post-send (#0), code is 201 (want 401), WWW-Authenticate is (none)
Request ends, status 201 class 2xx, error line:
201 Created
Running destroy hooks.
Request ends.
auth: Create for WWW-Authenticate
Running pre_send hooks
auth: Sending 'Basic' response.
auth: '/litmus/mvsrc/foo.8' is inside auth domain: 1.
Sending request headers:
PUT /litmus/mvsrc/foo.8 HTTP/1.1
User-Agent: litmus/0.13 neon/0.33.0
Connection: TE
TE: trailers
Host: 127.0.0.1:8787
Content-Length: 32
Authorization: Basic dGVzdDp0ZXN0
X-Litmus: copymove: 10 (move_coll)

Sending request-line and headers:
Sending request body:
Body block (32 bytes):
[This
is
a
test
file
called
foo

]
Request sent; retry is 1.
[status-line] < HTTP/1.1 201 Created
[hdr] Content-Length: 0
Header Name: [content-length], Value: [0]
[hdr] Content-Type: text/plain;charset=UTF-8
Header Name: [content-type], Value: [text/plain;charset=UTF-8]
[hdr] Access-Control-Allow-Origin: *
Header Name: [access-control-allow-origin], Value: [*]
[hdr] Access-Control-Allow-Credentials: false
Header Name: [access-control-allow-credentials], Value: [false]
[hdr] Access-Control-Allow-Headers: authorization, content-type, depth, overwrite, destination, range, if, lock-token, timeout
Header Name: [access-control-allow-headers], Value: [authorization, content-type, depth, overwrite, destination, range, if, lock-token, timeout]
[hdr] Access-Control-Allow-Methods: OPTIONS, PROPFIND, PROPPATCH, MKCOL, GET, HEAD, PUT, DELETE, COPY, MOVE, LOCK, UNLOCK
Header Name: [access-control-allow-methods], Value: [OPTIONS, PROPFIND, PROPPATCH, MKCOL, GET, HEAD, PUT, DELETE, COPY, MOVE, LOCK, UNLOCK]
[hdr] Access-Control-Expose-Headers: content-type, content-length, dav, etag, last-modified, location, date, content-range, lock-token
Header Name: [access-control-expose-headers], Value: [content-type, content-length, dav, etag, last-modified, location, date, content-range, lock-token]
[hdr] Access-Control-Max-Age: 86400
Header Name: [access-control-max-age], Value: [86400]
[hdr] 
End of headers.
Running post_headers hooks
Running post_send hooks
auth: Post-send (#0), code is 201 (want 401), WWW-Authenticate is (none)
Request ends, status 201 class 2xx, error line:
201 Created
Running destroy hooks.
Request ends.
auth: Create for WWW-Authenticate
Running pre_send hooks
auth: Sending 'Basic' response.
auth: '/litmus/mvsrc/foo.9' is inside auth domain: 1.
Sending request headers:
PUT /litmus/mvsrc/foo.9 HTTP/1.1
User-Agent: litmus/0.13 neon/0.33.0
Connection: TE
TE: trailers
Host: 127.0.0.1:8787
Content-Length: 32
Authorization: Basic dGVzdDp0ZXN0
X-Litmus: copymove: 10 (move_coll)

Sending request-line and headers:
Sending request body:
Body block (32 bytes):
[This
is
a
test
file
called
foo

]
Request sent; retry is 1.
[status-line] < HTTP/1.1 201 Created
[hdr] Content-Length: 0
Header Name: [content-length], Value: [0]
[hdr] Content-Type: text/plain;charset=UTF-8
Header Name: [content-type], Value: [text/plain;charset=UTF-8]
[hdr] Access-Control-Allow-Origin: *
Header Name: [access-control-allow-origin], Value: [*]
[hdr] Access-Control-Allow-Credentials: false
Header Name: [access-control-allow-credentials], Value: [false]
[hdr] Access-Control-Allow-Headers: authorization, content-type, depth, overwrite, destination, range, if, lock-token, timeout
Header Name: [access-control-allow-headers], Value: [authorization, content-type, depth, overwrite, destination, range, if, lock-token, timeout]
[hdr] Access-Control-Allow-Methods: OPTIONS, PROPFIND, PROPPATCH, MKCOL, GET, HEAD, PUT, DELETE, COPY, MOVE, LOCK, UNLOCK
Header Name: [access-control-allow-methods], Value: [OPTIONS, PROPFIND, PROPPATCH, MKCOL, GET, HEAD, PUT, DELETE, COPY, MOVE, LOCK, UNLOCK]
[hdr] Access-Control-Expose-Headers: content-type, content-length, dav, etag, last-modified, location, date, content-range, lock-token
Header Name: [access-control-expose-headers], Value: [content-type, content-length, dav, etag, last-modified, location, date, content-range, lock-token]
[hdr] Access-Control-Max-Age: 86400
Header Name: [access-control-max-age], Value: [86400]
[hdr] 
End of headers.
Running post_headers hooks
Running post_send hooks
auth: Post-send (#0), code is 201 (want 401), WWW-Authenticate is (none)
Request ends, status 201 class 2xx, error line:
201 Created
Running destroy hooks.
Request ends.
auth: Create for WWW-Authenticate
Running pre_send hooks
auth: Sending 'Basic' response.
auth: '/litmus/mvnoncoll' is inside auth domain: 1.
Sending request headers:
PUT /litmus/mvnoncoll HTTP/1.1
User-Agent: litmus/0.13 neon/0.33.0
Connection: TE
TE: trailers
Host: 127.0.0.1:8787
Content-Length: 32
Authorization: Basic dGVzdDp0ZXN0
X-Litmus: copymove: 10 (move_coll)

Sending request-line and headers:
Sending request body:
Body block (32 bytes):
[This
is
a
test
file
called
foo

]
Request sent; retry is 1.
[status-line] < HTTP/1.1 201 Created
[hdr] Content-Length: 0
Header Name: [content-length], Value: [0]
[hdr] Content-Type: text/plain;charset=UTF-8
Header Name: [content-type], Value: [text/plain;charset=UTF-8]
[hdr] Access-Control-Allow-Origin: *
Header Name: [access-control-allow-origin], Value: [*]
[hdr] Access-Control-Allow-Credentials: false
Header Name: [access-control-allow-credentials], Value: [false]
[hdr] Access-Control-Allow-Headers: authorization, content-type, depth, overwrite, destination, range, if, lock-token, timeout
Header Name: [access-control-allow-headers], Value: [authorization, content-type, depth, overwrite, destination, range, if, lock-token, timeout]
[hdr] Access-Control-Allow-Methods: OPTIONS, PROPFIND, PROPPATCH, MKCOL, GET, HEAD, PUT, DELETE, COPY, MOVE, LOCK, UNLOCK
Header Name: [access-control-allow-methods], Value: [OPTIONS, PROPFIND, PROPPATCH, MKCOL, GET, HEAD, PUT, DELETE, COPY, MOVE, LOCK, UNLOCK]
[hdr] Access-Control-Expose-Headers: content-type, content-length, dav, etag, last-modified, location, date, content-range, lock-token
Header Name: [access-control-expose-headers], Value: [content-type, content-length, dav, etag, last-modified, location, date, content-range, lock-token]
[hdr] Access-Control-Max-Age: 86400
Header Name: [access-control-max-age], Value: [86400]
[hdr] 
End of headers.
Running post_headers hooks
Running post_send hooks
auth: Post-send (#0), code is 201 (want 401), WWW-Authenticate is (none)
Request ends, status 201 class 2xx, error line:
201 Created
Running destroy hooks.
Request ends.
auth: Create for WWW-Authenticate
Running pre_send hooks
auth: Sending 'Basic' response.
auth: '/litmus/mvsrc/subcoll/' is inside auth domain: 1.
Sending request headers:
MKCOL /litmus/mvsrc/subcoll/ HTTP/1.1
User-Agent: litmus/0.13 neon/0.33.0
Connection: TE
TE: trailers
Host: 127.0.0.1:8787
Authorization: Basic dGVzdDp0ZXN0
X-Litmus: copymove: 10 (move_coll)

Sending request-line and headers:
Request sent; retry is 1.
[status-line] < HTTP/1.1 201 Created
[hdr] Content-Length: 0
Header Name: [content-length], Value: [0]
[hdr] Content-Type: text/plain;charset=UTF-8
Header Name: [content-type], Value: [text/plain;charset=UTF-8]
[hdr] Access-Control-Allow-Origin: *
Header Name: [access-control-allow-origin], Value: [*]
[hdr] Access-Control-Allow-Credentials: false
Header Name: [access-control-allow-credentials], Value: [false]
[hdr] Access-Control-Allow-Headers: authorization, content-type, depth, overwrite, destination, range, if, lock-token, timeout
Header Name: [access-control-allow-headers], Value: [authorization, content-type, depth, overwrite, destination, range, if, lock-token, timeout]
[hdr] Access-Control-Allow-Methods: OPTIONS, PROPFIND, PROPPATCH, MKCOL, GET, HEAD, PUT, DELETE, COPY, MOVE, LOCK, UNLOCK
Header Name: [access-control-allow-methods], Value: [OPTIONS, PROPFIND, PROPPATCH, MKCOL, GET, HEAD, PUT, DELETE, COPY, MOVE, LOCK, UNLOCK]
[hdr] Access-Control-Expose-Headers: content-type, content-length, dav, etag, last-modified, location, date, content-range, lock-token
Header Name: [access-control-expose-headers], Value: [content-type, content-length, dav, etag, last-modified, location, date, content-range, lock-token]
[hdr] Access-Control-Max-Age: 86400
Header Name: [access-control-max-age], Value: [86400]
[hdr] 
End of headers.
Running post_headers hooks
Running post_send hooks
auth: Post-send (#0), code is 201 (want 401), WWW-Authenticate is (none)
Running destroy hooks.
Request ends.
auth: Create for WWW-Authenticate
Running pre_send hooks
auth: Sending 'Basic' response.
auth: '/litmus/mvsrc/' is inside auth domain: 1.
Sending request headers:
COPY /litmus/mvsrc/ HTTP/1.1
User-Agent: litmus/0.13 neon/0.33.0
Connection: TE
TE: trailers
Host: 127.0.0.1:8787
Depth: infinity
Destination: http://127.0.0.1:8787/litmus/mvdest2/
Overwrite: F
Authorization: Basic dGVzdDp0ZXN0
X-Litmus: copymove: 10 (move_coll)

Sending request-line and headers:
Request sent; retry is 1.
[status-line] < HTTP/1.1 201 Created
[hdr] Content-Length: 0
Header Name: [content-length], Value: [0]
[hdr] Location: /litmus/mvdest2/
Header Name: [location], Value: [/litmus/mvdest2/]
[hdr] Content-Type: text/plain;charset=UTF-8
Header Name: [content-type], Value: [text/plain;charset=UTF-8]
[hdr] Access-Control-Allow-Origin: *
Header Name: [access-control-allow-origin], Value: [*]
[hdr] Access-Control-Allow-Credentials: false
Header Name: [access-control-allow-credentials], Value: [false]
[hdr] Access-Control-Allow-Headers: authorization, content-type, depth, overwrite, destination, range, if, lock-token, timeout
Header Name: [access-control-allow-headers], Value: [authorization, content-type, depth, overwrite, destination, range, if, lock-token, timeout]
[hdr] Access-Control-Allow-Methods: OPTIONS, PROPFIND, PROPPATCH, MKCOL, GET, HEAD, PUT, DELETE, COPY, MOVE, LOCK, UNLOCK
Header Name: [access-control-allow-methods], Value: [OPTIONS, PROPFIND, PROPPATCH, MKCOL, GET, HEAD, PUT, DELETE, COPY, MOVE, LOCK, UNLOCK]
[hdr] Access-Control-Expose-Headers: content-type, content-length, dav, etag, last-modified, location, date, content-range, lock-token
Header Name: [access-control-expose-headers], Value: [content-type, content-length, dav, etag, last-modified, location, date, content-range, lock-token]
[hdr] Access-Control-Max-Age: 86400
Header Name: [access-control-max-age], Value: [86400]
[hdr] 
End of headers.
Running post_headers hooks
Running post_send hooks
auth: Post-send (#0), code is 201 (want 401), WWW-Authenticate is (none)
Running destroy hooks.
Request ends.
auth: Create for WWW-Authenticate
Running pre_send hooks
auth: Sending 'Basic' response.
auth: '/litmus/mvsrc/' is inside auth domain: 1.
Sending request headers:
MOVE /litmus/mvsrc/ HTTP/1.1
User-Agent: litmus/0.13 neon/0.33.0
Connection: TE
TE: trailers
Host: 127.0.0.1:8787
Destination: http://127.0.0.1:8787/litmus/mvdest/
Overwrite: F
Authorization: Basic dGVzdDp0ZXN0
X-Litmus: copymove: 10 (move_coll)

Sending request-line and headers:
Request sent; retry is 1.
[status-line] < HTTP/1.1 201 Created
[hdr] Content-Length: 0
Header Name: [content-length], Value: [0]
[hdr] Location: /litmus/mvdest/
Header Name: [location], Value: [/litmus/mvdest/]
[hdr] Content-Type: text/plain;charset=UTF-8
Header Name: [content-type], Value: [text/plain;charset=UTF-8]
[hdr] Access-Control-Allow-Origin: *
Header Name: [access-control-allow-origin], Value: [*]
[hdr] Access-Control-Allow-Credentials: false
Header Name: [access-control-allow-credentials], Value: [false]
[hdr] Access-Control-Allow-Headers: authorization, content-type, depth, overwrite, destination, range, if, lock-token, timeout
Header Name: [access-control-allow-headers], Value: [authorization, content-type, depth, overwrite, destination, range, if, lock-token, timeout]
[hdr] Access-Control-Allow-Methods: OPTIONS, PROPFIND, PROPPATCH, MKCOL, GET, HEAD, PUT, DELETE, COPY, MOVE, LOCK, UNLOCK
Header Name: [access-control-allow-methods], Value: [OPTIONS, PROPFIND, PROPPATCH, MKCOL, GET, HEAD, PUT, DELETE, COPY, MOVE, LOCK, UNLOCK]
[hdr] Access-Control-Expose-Headers: content-type, content-length, dav, etag, last-modified, location, date, content-range, lock-token
Header Name: [access-control-expose-headers], Value: [content-type, content-length, dav, etag, last-modified, location, date, content-range, lock-token]
[hdr] Access-Control-Max-Age: 86400
Header Name: [access-control-max-age], Value: [86400]
[hdr] 
End of headers.
Running post_headers hooks
Running post_send hooks
auth: Post-send (#0), code is 201 (want 401), WWW-Authenticate is (none)
Running destroy hooks.
Request ends.
auth: Create for WWW-Authenticate
Running pre_send hooks
auth: Sending 'Basic' response.
auth: '/litmus/mvdest/' is inside auth domain: 1.
Sending request headers:
MOVE /litmus/mvdest/ HTTP/1.1
User-Agent: litmus/0.13 neon/0.33.0
Connection: TE
TE: trailers
Host: 127.0.0.1:8787
Destination: http://127.0.0.1:8787/litmus/mvdest2/
Overwrite: F
Authorization: Basic dGVzdDp0ZXN0
X-Litmus: copymove: 10 (move_coll)

Sending request-line and headers:
Request sent; retry is 1.
[status-line] < HTTP/1.1 412 Precondition Failed
[hdr] Content-Length: 19
Header Name: [content-length], Value: [19]
[hdr] Content-Type: text/plain;charset=UTF-8
Header Name: [content-type], Value: [text/plain;charset=UTF-8]
[hdr] Access-Control-Allow-Origin: *
Header Name: [access-control-allow-origin], Value: [*]
[hdr] Access-Control-Allow-Credentials: false
Header Name: [access-control-allow-credentials], Value: [false]
[hdr] Access-Control-Allow-Headers: authorization, content-type, depth, overwrite, destination, range, if, lock-token, timeout
Header Name: [access-control-allow-headers], Value: [authorization, content-type, depth, overwrite, destination, range, if, lock-token, timeout]
[hdr] Access-Control-Allow-Methods: OPTIONS, PROPFIND, PROPPATCH, MKCOL, GET, HEAD, PUT, DELETE, COPY, MOVE, LOCK, UNLOCK
Header Name: [access-control-allow-methods], Value: [OPTIONS, PROPFIND, PROPPATCH, MKCOL, GET, HEAD, PUT, DELETE, COPY, MOVE, LOCK, UNLOCK]
[hdr] Access-Control-Expose-Headers: content-type, content-length, dav, etag, last-modified, location, date, content-range, lock-token
Header Name: [access-control-expose-headers], Value: [content-type, content-length, dav, etag, last-modified, location, date, content-range, lock-token]
[hdr] Access-Control-Max-Age: 86400
Header Name: [access-control-max-age], Value: [86400]
[hdr] 
End of headers.
Running post_headers hooks
Reading 19 bytes of response body.
Got 19 bytes.
Read block (19 bytes):
[Precondition Failed]
Running post_send hooks
auth: Post-send (#0), code is 412 (want 401), WWW-Authenticate is (none)
Running destroy hooks.
Request ends.
auth: Create for WWW-Authenticate
Running pre_send hooks
auth: Sending 'Basic' response.
auth: '/litmus/mvdest2/' is inside auth domain: 1.
Sending request headers:
MOVE /litmus/mvdest2/ HTTP/1.1
User-Agent: litmus/0.13 neon/0.33.0
Connection: TE
TE: trailers
Host: 127.0.0.1:8787
Destination: http://127.0.0.1:8787/litmus/mvdest/
Overwrite: T
Authorization: Basic dGVzdDp0ZXN0
X-Litmus: copymove: 10 (move_coll)

Sending request-line and headers:
Request sent; retry is 1.
[status-line] < HTTP/1.1 204 No Content
[hdr] Access-Control-Allow-Origin: *
Header Name: [access-control-allow-origin], Value: [*]
[hdr] Access-Control-Allow-Credentials: false
Header Name: [access-control-allow-credentials], Value: [false]
[hdr] Access-Control-Allow-Headers: authorization, content-type, depth, overwrite, destination, range, if, lock-token, timeout
Header Name: [access-control-allow-headers], Value: [authorization, content-type, depth, overwrite, destination, range, if, lock-token, timeout]
[hdr] Access-Control-Allow-Methods: OPTIONS, PROPFIND, PROPPATCH, MKCOL, GET, HEAD, PUT, DELETE, COPY, MOVE, LOCK, UNLOCK
Header Name: [access-control-allow-methods], Value: [OPTIONS, PROPFIND, PROPPATCH, MKCOL, GET, HEAD, PUT, DELETE, COPY, MOVE, LOCK, UNLOCK]
[hdr] Access-Control-Expose-Headers: content-type, content-length, dav, etag, last-modified, location, date, content-range, lock-token
Header Name: [access-control-expose-headers], Value: [content-type, content-length, dav, etag, last-modified, location, date, content-range, lock-token]
[hdr] Access-Control-Max-Age: 86400
Header Name: [access-control-max-age], Value: [86400]
[hdr] 
End of headers.
Running post_headers hooks
Running post_send hooks
auth: Post-send (#0), code is 204 (want 401), WWW-Authenticate is (none)
Running destroy hooks.
Request ends.
auth: Create for WWW-Authenticate
Running pre_send hooks
auth: Sending 'Basic' response.
auth: '/litmus/mvdest/' is inside auth domain: 1.
Sending request headers:
COPY /litmus/mvdest/ HTTP/1.1
User-Agent: litmus/0.13 neon/0.33.0
Connection: TE
TE: trailers
Host: 127.0.0.1:8787
Depth: infinity
Destination: http://127.0.0.1:8787/litmus/mvdest2/
Overwrite: F
Authorization: Basic dGVzdDp0ZXN0
X-Litmus: copymove: 10 (move_coll)

Sending request-line and headers:
Request sent; retry is 1.
[status-line] < HTTP/1.1 201 Created
[hdr] Content-Length: 0
Header Name: [content-length], Value: [0]
[hdr] Location: /litmus/mvdest2/
Header Name: [location], Value: [/litmus/mvdest2/]
[hdr] Content-Type: text/plain;charset=UTF-8
Header Name: [content-type], Value: [text/plain;charset=UTF-8]
[hdr] Access-Control-Allow-Origin: *
Header Name: [access-control-allow-origin], Value: [*]
[hdr] Access-Control-Allow-Credentials: false
Header Name: [access-control-allow-credentials], Value: [false]
[hdr] Access-Control-Allow-Headers: authorization, content-type, depth, overwrite, destination, range, if, lock-token, timeout
Header Name: [access-control-allow-headers], Value: [authorization, content-type, depth, overwrite, destination, range, if, lock-token, timeout]
[hdr] Access-Control-Allow-Methods: OPTIONS, PROPFIND, PROPPATCH, MKCOL, GET, HEAD, PUT, DELETE, COPY, MOVE, LOCK, UNLOCK
Header Name: [access-control-allow-methods], Value: [OPTIONS, PROPFIND, PROPPATCH, MKCOL, GET, HEAD, PUT, DELETE, COPY, MOVE, LOCK, UNLOCK]
[hdr] Access-Control-Expose-Headers: content-type, content-length, dav, etag, last-modified, location, date, content-range, lock-token
Header Name: [access-control-expose-headers], Value: [content-type, content-length, dav, etag, last-modified, location, date, content-range, lock-token]
[hdr] Access-Control-Max-Age: 86400
Header Name: [access-control-max-age], Value: [86400]
[hdr] 
End of headers.
Running post_headers hooks
Running post_send hooks
auth: Post-send (#0), code is 201 (want 401), WWW-Authenticate is (none)
Running destroy hooks.
Request ends.
auth: Create for WWW-Authenticate
Running pre_send hooks
auth: Sending 'Basic' response.
auth: '/litmus/mvdest/foo.0' is inside auth domain: 1.
Sending request headers:
DELETE /litmus/mvdest/foo.0 HTTP/1.1
User-Agent: litmus/0.13 neon/0.33.0
Connection: TE
TE: trailers
Host: 127.0.0.1:8787
Authorization: Basic dGVzdDp0ZXN0
X-Litmus: copymove: 10 (move_coll)

Sending request-line and headers:
Request sent; retry is 1.
[status-line] < HTTP/1.1 204 No Content
[hdr] Access-Control-Allow-Origin: *
Header Name: [access-control-allow-origin], Value: [*]
[hdr] Access-Control-Allow-Credentials: false
Header Name: [access-control-allow-credentials], Value: [false]
[hdr] Access-Control-Allow-Headers: authorization, content-type, depth, overwrite, destination, range, if, lock-token, timeout
Header Name: [access-control-allow-headers], Value: [authorization, content-type, depth, overwrite, destination, range, if, lock-token, timeout]
[hdr] Access-Control-Allow-Methods: OPTIONS, PROPFIND, PROPPATCH, MKCOL, GET, HEAD, PUT, DELETE, COPY, MOVE, LOCK, UNLOCK
Header Name: [access-control-allow-methods], Value: [OPTIONS, PROPFIND, PROPPATCH, MKCOL, GET, HEAD, PUT, DELETE, COPY, MOVE, LOCK, UNLOCK]
[hdr] Access-Control-Expose-Headers: content-type, content-length, dav, etag, last-modified, location, date, content-range, lock-token
Header Name: [access-control-expose-headers], Value: [content-type, content-length, dav, etag, last-modified, location, date, content-range, lock-token]
[hdr] Access-Control-Max-Age: 86400
Header Name: [access-control-max-age], Value: [86400]
[hdr] 
End of headers.
Running post_headers hooks
Running post_send hooks
auth: Post-send (#0), code is 204 (want 401), WWW-Authenticate is (none)
Running destroy hooks.
Request ends.
auth: Create for WWW-Authenticate
Running pre_send hooks
auth: Sending 'Basic' response.
auth: '/litmus/mvdest/foo.1' is inside auth domain: 1.
Sending request headers:
DELETE /litmus/mvdest/foo.1 HTTP/1.1
User-Agent: litmus/0.13 neon/0.33.0
Connection: TE
TE: trailers
Host: 127.0.0.1:8787
Authorization: Basic dGVzdDp0ZXN0
X-Litmus: copymove: 10 (move_coll)

Sending request-line and headers:
Request sent; retry is 1.
[status-line] < HTTP/1.1 204 No Content
[hdr] Access-Control-Allow-Origin: *
Header Name: [access-control-allow-origin], Value: [*]
[hdr] Access-Control-Allow-Credentials: false
Header Name: [access-control-allow-credentials], Value: [false]
[hdr] Access-Control-Allow-Headers: authorization, content-type, depth, overwrite, destination, range, if, lock-token, timeout
Header Name: [access-control-allow-headers], Value: [authorization, content-type, depth, overwrite, destination, range, if, lock-token, timeout]
[hdr] Access-Control-Allow-Methods: OPTIONS, PROPFIND, PROPPATCH, MKCOL, GET, HEAD, PUT, DELETE, COPY, MOVE, LOCK, UNLOCK
Header Name: [access-control-allow-methods], Value: [OPTIONS, PROPFIND, PROPPATCH, MKCOL, GET, HEAD, PUT, DELETE, COPY, MOVE, LOCK, UNLOCK]
[hdr] Access-Control-Expose-Headers: content-type, content-length, dav, etag, last-modified, location, date, content-range, lock-token
Header Name: [access-control-expose-headers], Value: [content-type, content-length, dav, etag, last-modified, location, date, content-range, lock-token]
[hdr] Access-Control-Max-Age: 86400
Header Name: [access-control-max-age], Value: [86400]
[hdr] 
End of headers.
Running post_headers hooks
Running post_send hooks
auth: Post-send (#0), code is 204 (want 401), WWW-Authenticate is (none)
Running destroy hooks.
Request ends.
auth: Create for WWW-Authenticate
Running pre_send hooks
auth: Sending 'Basic' response.
auth: '/litmus/mvdest/foo.2' is inside auth domain: 1.
Sending request headers:
DELETE /litmus/mvdest/foo.2 HTTP/1.1
User-Agent: litmus/0.13 neon/0.33.0
Connection: TE
TE: trailers
Host: 127.0.0.1:8787
Authorization: Basic dGVzdDp0ZXN0
X-Litmus: copymove: 10 (move_coll)

Sending request-line and headers:
Request sent; retry is 1.
[status-line] < HTTP/1.1 204 No Content
[hdr] Access-Control-Allow-Origin: *
Header Name: [access-control-allow-origin], Value: [*]
[hdr] Access-Control-Allow-Credentials: false
Header Name: [access-control-allow-credentials], Value: [false]
[hdr] Access-Control-Allow-Headers: authorization, content-type, depth, overwrite, destination, range, if, lock-token, timeout
Header Name: [access-control-allow-headers], Value: [authorization, content-type, depth, overwrite, destination, range, if, lock-token, timeout]
[hdr] Access-Control-Allow-Methods: OPTIONS, PROPFIND, PROPPATCH, MKCOL, GET, HEAD, PUT, DELETE, COPY, MOVE, LOCK, UNLOCK
Header Name: [access-control-allow-methods], Value: [OPTIONS, PROPFIND, PROPPATCH, MKCOL, GET, HEAD, PUT, DELETE, COPY, MOVE, LOCK, UNLOCK]
[hdr] Access-Control-Expose-Headers: content-type, content-length, dav, etag, last-modified, location, date, content-range, lock-token
Header Name: [access-control-expose-headers], Value: [content-type, content-length, dav, etag, last-modified, location, date, content-range, lock-token]
[hdr] Access-Control-Max-Age: 86400
Header Name: [access-control-max-age], Value: [86400]
[hdr] 
End of headers.
Running post_headers hooks
Running post_send hooks
auth: Post-send (#0), code is 204 (want 401), WWW-Authenticate is (none)
Running destroy hooks.
Request ends.
auth: Create for WWW-Authenticate
Running pre_send hooks
auth: Sending 'Basic' response.
auth: '/litmus/mvdest/foo.3' is inside auth domain: 1.
Sending request headers:
DELETE /litmus/mvdest/foo.3 HTTP/1.1
User-Agent: litmus/0.13 neon/0.33.0
Connection: TE
TE: trailers
Host: 127.0.0.1:8787
Authorization: Basic dGVzdDp0ZXN0
X-Litmus: copymove: 10 (move_coll)

Sending request-line and headers:
Request sent; retry is 1.
[status-line] < HTTP/1.1 204 No Content
[hdr] Access-Control-Allow-Origin: *
Header Name: [access-control-allow-origin], Value: [*]
[hdr] Access-Control-Allow-Credentials: false
Header Name: [access-control-allow-credentials], Value: [false]
[hdr] Access-Control-Allow-Headers: authorization, content-type, depth, overwrite, destination, range, if, lock-token, timeout
Header Name: [access-control-allow-headers], Value: [authorization, content-type, depth, overwrite, destination, range, if, lock-token, timeout]
[hdr] Access-Control-Allow-Methods: OPTIONS, PROPFIND, PROPPATCH, MKCOL, GET, HEAD, PUT, DELETE, COPY, MOVE, LOCK, UNLOCK
Header Name: [access-control-allow-methods], Value: [OPTIONS, PROPFIND, PROPPATCH, MKCOL, GET, HEAD, PUT, DELETE, COPY, MOVE, LOCK, UNLOCK]
[hdr] Access-Control-Expose-Headers: content-type, content-length, dav, etag, last-modified, location, date, content-range, lock-token
Header Name: [access-control-expose-headers], Value: [content-type, content-length, dav, etag, last-modified, location, date, content-range, lock-token]
[hdr] Access-Control-Max-Age: 86400
Header Name: [access-control-max-age], Value: [86400]
[hdr] 
End of headers.
Running post_headers hooks
Running post_send hooks
auth: Post-send (#0), code is 204 (want 401), WWW-Authenticate is (none)
Running destroy hooks.
Request ends.
auth: Create for WWW-Authenticate
Running pre_send hooks
auth: Sending 'Basic' response.
auth: '/litmus/mvdest/foo.4' is inside auth domain: 1.
Sending request headers:
DELETE /litmus/mvdest/foo.4 HTTP/1.1
User-Agent: litmus/0.13 neon/0.33.0
Connection: TE
TE: trailers
Host: 127.0.0.1:8787
Authorization: Basic dGVzdDp0ZXN0
X-Litmus: copymove: 10 (move_coll)

Sending request-line and headers:
Request sent; retry is 1.
[status-line] < HTTP/1.1 204 No Content
[hdr] Access-Control-Allow-Origin: *
Header Name: [access-control-allow-origin], Value: [*]
[hdr] Access-Control-Allow-Credentials: false
Header Name: [access-control-allow-credentials], Value: [false]
[hdr] Access-Control-Allow-Headers: authorization, content-type, depth, overwrite, destination, range, if, lock-token, timeout
Header Name: [access-control-allow-headers], Value: [authorization, content-type, depth, overwrite, destination, range, if, lock-token, timeout]
[hdr] Access-Control-Allow-Methods: OPTIONS, PROPFIND, PROPPATCH, MKCOL, GET, HEAD, PUT, DELETE, COPY, MOVE, LOCK, UNLOCK
Header Name: [access-control-allow-methods], Value: [OPTIONS, PROPFIND, PROPPATCH, MKCOL, GET, HEAD, PUT, DELETE, COPY, MOVE, LOCK, UNLOCK]
[hdr] Access-Control-Expose-Headers: content-type, content-length, dav, etag, last-modified, location, date, content-range, lock-token
Header Name: [access-control-expose-headers], Value: [content-type, content-length, dav, etag, last-modified, location, date, content-range, lock-token]
[hdr] Access-Control-Max-Age: 86400
Header Name: [access-control-max-age], Value: [86400]
[hdr] 
End of headers.
Running post_headers hooks
Running post_send hooks
auth: Post-send (#0), code is 204 (want 401), WWW-Authenticate is (none)
Running destroy hooks.
Request ends.
auth: Create for WWW-Authenticate
Running pre_send hooks
auth: Sending 'Basic' response.
auth: '/litmus/mvdest/foo.5' is inside auth domain: 1.
Sending request headers:
DELETE /litmus/mvdest/foo.5 HTTP/1.1
User-Agent: litmus/0.13 neon/0.33.0
Connection: TE
TE: trailers
Host: 127.0.0.1:8787
Authorization: Basic dGVzdDp0ZXN0
X-Litmus: copymove: 10 (move_coll)

Sending request-line and headers:
Request sent; retry is 1.
[status-line] < HTTP/1.1 204 No Content
[hdr] Access-Control-Allow-Origin: *
Header Name: [access-control-allow-origin], Value: [*]
[hdr] Access-Control-Allow-Credentials: false
Header Name: [access-control-allow-credentials], Value: [false]
[hdr] Access-Control-Allow-Headers: authorization, content-type, depth, overwrite, destination, range, if, lock-token, timeout
Header Name: [access-control-allow-headers], Value: [authorization, content-type, depth, overwrite, destination, range, if, lock-token, timeout]
[hdr] Access-Control-Allow-Methods: OPTIONS, PROPFIND, PROPPATCH, MKCOL, GET, HEAD, PUT, DELETE, COPY, MOVE, LOCK, UNLOCK
Header Name: [access-control-allow-methods], Value: [OPTIONS, PROPFIND, PROPPATCH, MKCOL, GET, HEAD, PUT, DELETE, COPY, MOVE, LOCK, UNLOCK]
[hdr] Access-Control-Expose-Headers: content-type, content-length, dav, etag, last-modified, location, date, content-range, lock-token
Header Name: [access-control-expose-headers], Value: [content-type, content-length, dav, etag, last-modified, location, date, content-range, lock-token]
[hdr] Access-Control-Max-Age: 86400
Header Name: [access-control-max-age], Value: [86400]
[hdr] 
End of headers.
Running post_headers hooks
Running post_send hooks
auth: Post-send (#0), code is 204 (want 401), WWW-Authenticate is (none)
Running destroy hooks.
Request ends.
auth: Create for WWW-Authenticate
Running pre_send hooks
auth: Sending 'Basic' response.
auth: '/litmus/mvdest/foo.6' is inside auth domain: 1.
Sending request headers:
DELETE /litmus/mvdest/foo.6 HTTP/1.1
User-Agent: litmus/0.13 neon/0.33.0
Connection: TE
TE: trailers
Host: 127.0.0.1:8787
Authorization: Basic dGVzdDp0ZXN0
X-Litmus: copymove: 10 (move_coll)

Sending request-line and headers:
Request sent; retry is 1.
[status-line] < HTTP/1.1 204 No Content
[hdr] Access-Control-Allow-Origin: *
Header Name: [access-control-allow-origin], Value: [*]
[hdr] Access-Control-Allow-Credentials: false
Header Name: [access-control-allow-credentials], Value: [false]
[hdr] Access-Control-Allow-Headers: authorization, content-type, depth, overwrite, destination, range, if, lock-token, timeout
Header Name: [access-control-allow-headers], Value: [authorization, content-type, depth, overwrite, destination, range, if, lock-token, timeout]
[hdr] Access-Control-Allow-Methods: OPTIONS, PROPFIND, PROPPATCH, MKCOL, GET, HEAD, PUT, DELETE, COPY, MOVE, LOCK, UNLOCK
Header Name: [access-control-allow-methods], Value: [OPTIONS, PROPFIND, PROPPATCH, MKCOL, GET, HEAD, PUT, DELETE, COPY, MOVE, LOCK, UNLOCK]
[hdr] Access-Control-Expose-Headers: content-type, content-length, dav, etag, last-modified, location, date, content-range, lock-token
Header Name: [access-control-expose-headers], Value: [content-type, content-length, dav, etag, last-modified, location, date, content-range, lock-token]
[hdr] Access-Control-Max-Age: 86400
Header Name: [access-control-max-age], Value: [86400]
[hdr] 
End of headers.
Running post_headers hooks
Running post_send hooks
auth: Post-send (#0), code is 204 (want 401), WWW-Authenticate is (none)
Running destroy hooks.
Request ends.
auth: Create for WWW-Authenticate
Running pre_send hooks
auth: Sending 'Basic' response.
auth: '/litmus/mvdest/foo.7' is inside auth domain: 1.
Sending request headers:
DELETE /litmus/mvdest/foo.7 HTTP/1.1
User-Agent: litmus/0.13 neon/0.33.0
Connection: TE
TE: trailers
Host: 127.0.0.1:8787
Authorization: Basic dGVzdDp0ZXN0
X-Litmus: copymove: 10 (move_coll)

Sending request-line and headers:
Request sent; retry is 1.
[status-line] < HTTP/1.1 204 No Content
[hdr] Access-Control-Allow-Origin: *
Header Name: [access-control-allow-origin], Value: [*]
[hdr] Access-Control-Allow-Credentials: false
Header Name: [access-control-allow-credentials], Value: [false]
[hdr] Access-Control-Allow-Headers: authorization, content-type, depth, overwrite, destination, range, if, lock-token, timeout
Header Name: [access-control-allow-headers], Value: [authorization, content-type, depth, overwrite, destination, range, if, lock-token, timeout]
[hdr] Access-Control-Allow-Methods: OPTIONS, PROPFIND, PROPPATCH, MKCOL, GET, HEAD, PUT, DELETE, COPY, MOVE, LOCK, UNLOCK
Header Name: [access-control-allow-methods], Value: [OPTIONS, PROPFIND, PROPPATCH, MKCOL, GET, HEAD, PUT, DELETE, COPY, MOVE, LOCK, UNLOCK]
[hdr] Access-Control-Expose-Headers: content-type, content-length, dav, etag, last-modified, location, date, content-range, lock-token
Header Name: [access-control-expose-headers], Value: [content-type, content-length, dav, etag, last-modified, location, date, content-range, lock-token]
[hdr] Access-Control-Max-Age: 86400
Header Name: [access-control-max-age], Value: [86400]
[hdr] 
End of headers.
Running post_headers hooks
Running post_send hooks
auth: Post-send (#0), code is 204 (want 401), WWW-Authenticate is (none)
Running destroy hooks.
Request ends.
auth: Create for WWW-Authenticate
Running pre_send hooks
auth: Sending 'Basic' response.
auth: '/litmus/mvdest/foo.8' is inside auth domain: 1.
Sending request headers:
DELETE /litmus/mvdest/foo.8 HTTP/1.1
User-Agent: litmus/0.13 neon/0.33.0
Connection: TE
TE: trailers
Host: 127.0.0.1:8787
Authorization: Basic dGVzdDp0ZXN0
X-Litmus: copymove: 10 (move_coll)

Sending request-line and headers:
Request sent; retry is 1.
[status-line] < HTTP/1.1 204 No Content
[hdr] Access-Control-Allow-Origin: *
Header Name: [access-control-allow-origin], Value: [*]
[hdr] Access-Control-Allow-Credentials: false
Header Name: [access-control-allow-credentials], Value: [false]
[hdr] Access-Control-Allow-Headers: authorization, content-type, depth, overwrite, destination, range, if, lock-token, timeout
Header Name: [access-control-allow-headers], Value: [authorization, content-type, depth, overwrite, destination, range, if, lock-token, timeout]
[hdr] Access-Control-Allow-Methods: OPTIONS, PROPFIND, PROPPATCH, MKCOL, GET, HEAD, PUT, DELETE, COPY, MOVE, LOCK, UNLOCK
Header Name: [access-control-allow-methods], Value: [OPTIONS, PROPFIND, PROPPATCH, MKCOL, GET, HEAD, PUT, DELETE, COPY, MOVE, LOCK, UNLOCK]
[hdr] Access-Control-Expose-Headers: content-type, content-length, dav, etag, last-modified, location, date, content-range, lock-token
Header Name: [access-control-expose-headers], Value: [content-type, content-length, dav, etag, last-modified, location, date, content-range, lock-token]
[hdr] Access-Control-Max-Age: 86400
Header Name: [access-control-max-age], Value: [86400]
[hdr] 
End of headers.
Running post_headers hooks
Running post_send hooks
auth: Post-send (#0), code is 204 (want 401), WWW-Authenticate is (none)
Running destroy hooks.
Request ends.
auth: Create for WWW-Authenticate
Running pre_send hooks
auth: Sending 'Basic' response.
auth: '/litmus/mvdest/foo.9' is inside auth domain: 1.
Sending request headers:
DELETE /litmus/mvdest/foo.9 HTTP/1.1
User-Agent: litmus/0.13 neon/0.33.0
Connection: TE
TE: trailers
Host: 127.0.0.1:8787
Authorization: Basic dGVzdDp0ZXN0
X-Litmus: copymove: 10 (move_coll)

Sending request-line and headers:
Request sent; retry is 1.
[status-line] < HTTP/1.1 204 No Content
[hdr] Access-Control-Allow-Origin: *
Header Name: [access-control-allow-origin], Value: [*]
[hdr] Access-Control-Allow-Credentials: false
Header Name: [access-control-allow-credentials], Value: [false]
[hdr] Access-Control-Allow-Headers: authorization, content-type, depth, overwrite, destination, range, if, lock-token, timeout
Header Name: [access-control-allow-headers], Value: [authorization, content-type, depth, overwrite, destination, range, if, lock-token, timeout]
[hdr] Access-Control-Allow-Methods: OPTIONS, PROPFIND, PROPPATCH, MKCOL, GET, HEAD, PUT, DELETE, COPY, MOVE, LOCK, UNLOCK
Header Name: [access-control-allow-methods], Value: [OPTIONS, PROPFIND, PROPPATCH, MKCOL, GET, HEAD, PUT, DELETE, COPY, MOVE, LOCK, UNLOCK]
[hdr] Access-Control-Expose-Headers: content-type, content-length, dav, etag, last-modified, location, date, content-range, lock-token
Header Name: [access-control-expose-headers], Value: [content-type, content-length, dav, etag, last-modified, location, date, content-range, lock-token]
[hdr] Access-Control-Max-Age: 86400
Header Name: [access-control-max-age], Value: [86400]
[hdr] 
End of headers.
Running post_headers hooks
Running post_send hooks
auth: Post-send (#0), code is 204 (want 401), WWW-Authenticate is (none)
Running destroy hooks.
Request ends.
auth: Create for WWW-Authenticate
Running pre_send hooks
auth: Sending 'Basic' response.
auth: '/litmus/mvdest/subcoll/' is inside auth domain: 1.
Sending request headers:
DELETE /litmus/mvdest/subcoll/ HTTP/1.1
User-Agent: litmus/0.13 neon/0.33.0
Connection: TE
TE: trailers
Host: 127.0.0.1:8787
Authorization: Basic dGVzdDp0ZXN0
X-Litmus: copymove: 10 (move_coll)

Sending request-line and headers:
Request sent; retry is 1.
[status-line] < HTTP/1.1 204 No Content
[hdr] Access-Control-Allow-Origin: *
Header Name: [access-control-allow-origin], Value: [*]
[hdr] Access-Control-Allow-Credentials: false
Header Name: [access-control-allow-credentials], Value: [false]
[hdr] Access-Control-Allow-Headers: authorization, content-type, depth, overwrite, destination, range, if, lock-token, timeout
Header Name: [access-control-allow-headers], Value: [authorization, content-type, depth, overwrite, destination, range, if, lock-token, timeout]
[hdr] Access-Control-Allow-Methods: OPTIONS, PROPFIND, PROPPATCH, MKCOL, GET, HEAD, PUT, DELETE, COPY, MOVE, LOCK, UNLOCK
Header Name: [access-control-allow-methods], Value: [OPTIONS, PROPFIND, PROPPATCH, MKCOL, GET, HEAD, PUT, DELETE, COPY, MOVE, LOCK, UNLOCK]
[hdr] Access-Control-Expose-Headers: content-type, content-length, dav, etag, last-modified, location, date, content-range, lock-token
Header Name: [access-control-expose-headers], Value: [content-type, content-length, dav, etag, last-modified, location, date, content-range, lock-token]
[hdr] Access-Control-Max-Age: 86400
Header Name: [access-control-max-age], Value: [86400]
[hdr] 
End of headers.
Running post_headers hooks
Running post_send hooks
auth: Post-send (#0), code is 204 (want 401), WWW-Authenticate is (none)
Running destroy hooks.
Request ends.
auth: Create for WWW-Authenticate
Running pre_send hooks
auth: Sending 'Basic' response.
auth: '/litmus/mvdest2/' is inside auth domain: 1.
Sending request headers:
MOVE /litmus/mvdest2/ HTTP/1.1
User-Agent: litmus/0.13 neon/0.33.0
Connection: TE
TE: trailers
Host: 127.0.0.1:8787
Destination: http://127.0.0.1:8787/litmus/mvnoncoll
Overwrite: T
Authorization: Basic dGVzdDp0ZXN0
X-Litmus: copymove: 10 (move_coll)

Sending request-line and headers:
Request sent; retry is 1.
[status-line] < HTTP/1.1 204 No Content
[hdr] Access-Control-Allow-Origin: *
Header Name: [access-control-allow-origin], Value: [*]
[hdr] Access-Control-Allow-Credentials: false
Header Name: [access-control-allow-credentials], Value: [false]
[hdr] Access-Control-Allow-Headers: authorization, content-type, depth, overwrite, destination, range, if, lock-token, timeout
Header Name: [access-control-allow-headers], Value: [authorization, content-type, depth, overwrite, destination, range, if, lock-token, timeout]
[hdr] Access-Control-Allow-Methods: OPTIONS, PROPFIND, PROPPATCH, MKCOL, GET, HEAD, PUT, DELETE, COPY, MOVE, LOCK, UNLOCK
Header Name: [access-control-allow-methods], Value: [OPTIONS, PROPFIND, PROPPATCH, MKCOL, GET, HEAD, PUT, DELETE, COPY, MOVE, LOCK, UNLOCK]
[hdr] Access-Control-Expose-Headers: content-type, content-length, dav, etag, last-modified, location, date, content-range, lock-token
Header Name: [access-control-expose-headers], Value: [content-type, content-length, dav, etag, last-modified, location, date, content-range, lock-token]
[hdr] Access-Control-Max-Age: 86400
Header Name: [access-control-max-age], Value: [86400]
[hdr] 
End of headers.
Running post_headers hooks
Running post_send hooks
auth: Post-send (#0), code is 204 (want 401), WWW-Authenticate is (none)
Running destroy hooks.
Request ends.
******* Running test 11: move_cleanup ********
auth: Create for WWW-Authenticate
Running pre_send hooks
auth: Sending 'Basic' response.
auth: '/litmus/mvdest/' is inside auth domain: 1.
Sending request headers:
DELETE /litmus/mvdest/ HTTP/1.1
User-Agent: litmus/0.13 neon/0.33.0
Connection: TE
TE: trailers
Host: 127.0.0.1:8787
Authorization: Basic dGVzdDp0ZXN0
X-Litmus: copymove: 11 (move_cleanup)

Sending request-line and headers:
Request sent; retry is 1.
[status-line] < HTTP/1.1 204 No Content
[hdr] Access-Control-Allow-Origin: *
Header Name: [access-control-allow-origin], Value: [*]
[hdr] Access-Control-Allow-Credentials: false
Header Name: [access-control-allow-credentials], Value: [false]
[hdr] Access-Control-Allow-Headers: authorization, content-type, depth, overwrite, destination, range, if, lock-token, timeout
Header Name: [access-control-allow-headers], Value: [authorization, content-type, depth, overwrite, destination, range, if, lock-token, timeout]
[hdr] Access-Control-Allow-Methods: OPTIONS, PROPFIND, PROPPATCH, MKCOL, GET, HEAD, PUT, DELETE, COPY, MOVE, LOCK, UNLOCK
Header Name: [access-control-allow-methods], Value: [OPTIONS, PROPFIND, PROPPATCH, MKCOL, GET, HEAD, PUT, DELETE, COPY, MOVE, LOCK, UNLOCK]
[hdr] Access-Control-Expose-Headers: content-type, content-length, dav, etag, last-modified, location, date, content-range, lock-token
Header Name: [access-control-expose-headers], Value: [content-type, content-length, dav, etag, last-modified, location, date, content-range, lock-token]
[hdr] Access-Control-Max-Age: 86400
Header Name: [access-control-max-age], Value: [86400]
[hdr] 
End of headers.
Running post_headers hooks
Running post_send hooks
auth: Post-send (#0), code is 204 (want 401), WWW-Authenticate is (none)
Running destroy hooks.
Request ends.
auth: Create for WWW-Authenticate
Running pre_send hooks
auth: Sending 'Basic' response.
auth: '/litmus/mvdest2/' is inside auth domain: 1.
Sending request headers:
DELETE /litmus/mvdest2/ HTTP/1.1
User-Agent: litmus/0.13 neon/0.33.0
Connection: TE
TE: trailers
Host: 127.0.0.1:8787
Authorization: Basic dGVzdDp0ZXN0
X-Litmus: copymove: 11 (move_cleanup)

Sending request-line and headers:
Request sent; retry is 1.
[status-line] < HTTP/1.1 404 Not Found
[hdr] Content-Length: 9
Header Name: [content-length], Value: [9]
[hdr] Content-Type: text/plain;charset=UTF-8
Header Name: [content-type], Value: [text/plain;charset=UTF-8]
[hdr] Access-Control-Allow-Origin: *
Header Name: [access-control-allow-origin], Value: [*]
[hdr] Access-Control-Allow-Credentials: false
Header Name: [access-control-allow-credentials], Value: [false]
[hdr] Access-Control-Allow-Headers: authorization, content-type, depth, overwrite, destination, range, if, lock-token, timeout
Header Name: [access-control-allow-headers], Value: [authorization, content-type, depth, overwrite, destination, range, if, lock-token, timeout]
[hdr] Access-Control-Allow-Methods: OPTIONS, PROPFIND, PROPPATCH, MKCOL, GET, HEAD, PUT, DELETE, COPY, MOVE, LOCK, UNLOCK
Header Name: [access-control-allow-methods], Value: [OPTIONS, PROPFIND, PROPPATCH, MKCOL, GET, HEAD, PUT, DELETE, COPY, MOVE, LOCK, UNLOCK]
[hdr] Access-Control-Expose-Headers: content-type, content-length, dav, etag, last-modified, location, date, content-range, lock-token
Header Name: [access-control-expose-headers], Value: [content-type, content-length, dav, etag, last-modified, location, date, content-range, lock-token]
[hdr] Access-Control-Max-Age: 86400
Header Name: [access-control-max-age], Value: [86400]
[hdr] 
End of headers.
Running post_headers hooks
Reading 9 bytes of response body.
Got 9 bytes.
Read block (9 bytes):
[Not Found]
Running post_send hooks
auth: Post-send (#0), code is 404 (want 401), WWW-Authenticate is (none)
Running destroy hooks.
Request ends.
auth: Create for WWW-Authenticate
Running pre_send hooks
auth: Sending 'Basic' response.
auth: '/litmus/mvnoncoll' is inside auth domain: 1.
Sending request headers:
DELETE /litmus/mvnoncoll HTTP/1.1
User-Agent: litmus/0.13 neon/0.33.0
Connection: TE
TE: trailers
Host: 127.0.0.1:8787
Authorization: Basic dGVzdDp0ZXN0
X-Litmus: copymove: 11 (move_cleanup)

Sending request-line and headers:
Request sent; retry is 1.
[status-line] < HTTP/1.1 204 No Content
[hdr] Access-Control-Allow-Origin: *
Header Name: [access-control-allow-origin], Value: [*]
[hdr] Access-Control-Allow-Credentials: false
Header Name: [access-control-allow-credentials], Value: [false]
[hdr] Access-Control-Allow-Headers: authorization, content-type, depth, overwrite, destination, range, if, lock-token, timeout
Header Name: [access-control-allow-headers], Value: [authorization, content-type, depth, overwrite, destination, range, if, lock-token, timeout]
[hdr] Access-Control-Allow-Methods: OPTIONS, PROPFIND, PROPPATCH, MKCOL, GET, HEAD, PUT, DELETE, COPY, MOVE, LOCK, UNLOCK
Header Name: [access-control-allow-methods], Value: [OPTIONS, PROPFIND, PROPPATCH, MKCOL, GET, HEAD, PUT, DELETE, COPY, MOVE, LOCK, UNLOCK]
[hdr] Access-Control-Expose-Headers: content-type, content-length, dav, etag, last-modified, location, date, content-range, lock-token
Header Name: [access-control-expose-headers], Value: [content-type, content-length, dav, etag, last-modified, location, date, content-range, lock-token]
[hdr] Access-Control-Max-Age: 86400
Header Name: [access-control-max-age], Value: [86400]
[hdr] 
End of headers.
Running post_headers hooks
Running post_send hooks
auth: Post-send (#0), code is 204 (want 401), WWW-Authenticate is (none)
Running destroy hooks.
Request ends.
******* Running test 12: finish ********
sess: Destroying session.
sess: Closing connection.
sess: Connection closed.
Version string: neon 0.33.0: Library build, IPv6, libxml 2.9.14, zlib 1.3, GNU TLS 3.8.3.
******* Running test 0: init ********
******* Running test 1: begin ********
HTTP session to http://127.0.0.1:8787 begins.
sess: Using IP literal address for 127.0.0.1
HTTP session to http://127.0.0.1:8787 begins.
sess: Using IP literal address for 127.0.0.1
auth: Create for WWW-Authenticate
Running pre_send hooks
Sending request headers:
DELETE /litmus/ HTTP/1.1
User-Agent: litmus/0.13 neon/0.33.0
Keep-Alive: 
Connection: TE, Keep-Alive
TE: trailers
Host: 127.0.0.1:8787
X-Litmus: props: 1 (begin)

Sending request-line and headers:
req: Connecting to 127.0.0.1:8787
Request sent; retry is 0.
[status-line] < HTTP/1.1 401 Unauthorized
[hdr] Content-Length: 12
Header Name: [content-length], Value: [12]
[hdr] Content-Type: text/plain;charset=UTF-8
Header Name: [content-type], Value: [text/plain;charset=UTF-8]
[hdr] WWW-Authenticate: Basic realm="webdav"
Header Name: [www-authenticate], Value: [Basic realm="webdav"]
[hdr] 
End of headers.
Running post_headers hooks
Reading 12 bytes of response body.
Got 12 bytes.
Read block (12 bytes):
[Unauthorized]
Running post_send hooks
auth: Post-send (#0), code is 401 (want 401), WWW-Authenticate is Basic realm="webdav"
auth: Got challenge (code 401).
auth: Got 'Basic' challenge.
auth: Trying Basic challenge...
auth: Basic auth scope is: /litmus/
auth: Accepted Basic challenge.
Running pre_send hooks
auth: Sending 'Basic' response.
auth: '/litmus/' is inside auth domain: 1.
Sending request headers:
DELETE /litmus/ HTTP/1.1
User-Agent: litmus/0.13 neon/0.33.0
Keep-Alive: 
Connection: TE, Keep-Alive
TE: trailers
Host: 127.0.0.1:8787
Authorization: Basic dGVzdDp0ZXN0
X-Litmus: props: 1 (begin)

Sending request-line and headers:
Request sent; retry is 1.
[status-line] < HTTP/1.1 204 No Content
[hdr] Access-Control-Allow-Origin: *
Header Name: [access-control-allow-origin], Value: [*]
[hdr] Access-Control-Allow-Credentials: false
Header Name: [access-control-allow-credentials], Value: [false]
[hdr] Access-Control-Allow-Headers: authorization, content-type, depth, overwrite, destination, range, if, lock-token, timeout
Header Name: [access-control-allow-headers], Value: [authorization, content-type, depth, overwrite, destination, range, if, lock-token, timeout]
[hdr] Access-Control-Allow-Methods: OPTIONS, PROPFIND, PROPPATCH, MKCOL, GET, HEAD, PUT, DELETE, COPY, MOVE, LOCK, UNLOCK
Header Name: [access-control-allow-methods], Value: [OPTIONS, PROPFIND, PROPPATCH, MKCOL, GET, HEAD, PUT, DELETE, COPY, MOVE, LOCK, UNLOCK]
[hdr] Access-Control-Expose-Headers: content-type, content-length, dav, etag, last-modified, location, date, content-range, lock-token
Header Name: [access-control-expose-headers], Value: [content-type, content-length, dav, etag, last-modified, location, date, content-range, lock-token]
[hdr] Access-Control-Max-Age: 86400
Header Name: [access-control-max-age], Value: [86400]
[hdr] 
End of headers.
Running post_headers hooks
Running post_send hooks
auth: Post-send (#1), code is 204 (want 401), WWW-Authenticate is (none)
Running destroy hooks.
Request ends.
auth: Create for WWW-Authenticate
Running pre_send hooks
auth: Sending 'Basic' response.
auth: '/litmus/' is inside auth domain: 1.
Sending request headers:
MKCOL /litmus/ HTTP/1.1
User-Agent: litmus/0.13 neon/0.33.0
Connection: TE
TE: trailers
Host: 127.0.0.1:8787
Authorization: Basic dGVzdDp0ZXN0
X-Litmus: props: 1 (begin)

Sending request-line and headers:
Request sent; retry is 1.
[status-line] < HTTP/1.1 201 Created
[hdr] Content-Length: 0
Header Name: [content-length], Value: [0]
[hdr] Content-Type: text/plain;charset=UTF-8
Header Name: [content-type], Value: [text/plain;charset=UTF-8]
[hdr] Access-Control-Allow-Origin: *
Header Name: [access-control-allow-origin], Value: [*]
[hdr] Access-Control-Allow-Credentials: false
Header Name: [access-control-allow-credentials], Value: [false]
[hdr] Access-Control-Allow-Headers: authorization, content-type, depth, overwrite, destination, range, if, lock-token, timeout
Header Name: [access-control-allow-headers], Value: [authorization, content-type, depth, overwrite, destination, range, if, lock-token, timeout]
[hdr] Access-Control-Allow-Methods: OPTIONS, PROPFIND, PROPPATCH, MKCOL, GET, HEAD, PUT, DELETE, COPY, MOVE, LOCK, UNLOCK
Header Name: [access-control-allow-methods], Value: [OPTIONS, PROPFIND, PROPPATCH, MKCOL, GET, HEAD, PUT, DELETE, COPY, MOVE, LOCK, UNLOCK]
[hdr] Access-Control-Expose-Headers: content-type, content-length, dav, etag, last-modified, location, date, content-range, lock-token
Header Name: [access-control-expose-headers], Value: [content-type, content-length, dav, etag, last-modified, location, date, content-range, lock-token]
[hdr] Access-Control-Max-Age: 86400
Header Name: [access-control-max-age], Value: [86400]
[hdr] 
End of headers.
Running post_headers hooks
Running post_send hooks
auth: Post-send (#0), code is 201 (want 401), WWW-Authenticate is (none)
Running destroy hooks.
Request ends.
******* Running test 2: propfind_invalid ********
auth: Create for WWW-Authenticate
Running pre_send hooks
auth: Sending 'Basic' response.
auth: '/litmus/' is inside auth domain: 1.
Sending request headers:
PROPFIND /litmus/ HTTP/1.1
User-Agent: litmus/0.13 neon/0.33.0
Connection: TE
TE: trailers
Host: 127.0.0.1:8787
Content-Length: 5
Depth: 0
Authorization: Basic dGVzdDp0ZXN0
X-Litmus: props: 2 (propfind_invalid)

Sending request-line and headers:
Sending request body:
Body block (5 bytes):
[<foo>]
Request sent; retry is 1.
[status-line] < HTTP/1.1 400 Bad Request
[hdr] Content-Length: 11
Header Name: [content-length], Value: [11]
[hdr] Content-Type: text/plain;charset=UTF-8
Header Name: [content-type], Value: [text/plain;charset=UTF-8]
[hdr] Access-Control-Allow-Origin: *
Header Name: [access-control-allow-origin], Value: [*]
[hdr] Access-Control-Allow-Credentials: false
Header Name: [access-control-allow-credentials], Value: [false]
[hdr] Access-Control-Allow-Headers: authorization, content-type, depth, overwrite, destination, range, if, lock-token, timeout
Header Name: [access-control-allow-headers], Value: [authorization, content-type, depth, overwrite, destination, range, if, lock-token, timeout]
[hdr] Access-Control-Allow-Methods: OPTIONS, PROPFIND, PROPPATCH, MKCOL, GET, HEAD, PUT, DELETE, COPY, MOVE, LOCK, UNLOCK
Header Name: [access-control-allow-methods], Value: [OPTIONS, PROPFIND, PROPPATCH, MKCOL, GET, HEAD, PUT, DELETE, COPY, MOVE, LOCK, UNLOCK]
[hdr] Access-Control-Expose-Headers: content-type, content-length, dav, etag, last-modified, location, date, content-range, lock-token
Header Name: [access-control-expose-headers], Value: [content-type, content-length, dav, etag, last-modified, location, date, content-range, lock-token]
[hdr] Access-Control-Max-Age: 86400
Header Name: [access-control-max-age], Value: [86400]
[hdr] 
End of headers.
Running post_headers hooks
Reading 11 bytes of response body.
Got 11 bytes.
Read block (11 bytes):
[Bad Request]
Running post_send hooks
auth: Post-send (#0), code is 400 (want 401), WWW-Authenticate is (none)
Request ends, status 400 class 4xx, error line:
400 Bad Request
Running destroy hooks.
Request ends.
******* Running test 3: propfind_invalid2 ********
auth: Create for WWW-Authenticate
Running pre_send hooks
auth: Sending 'Basic' response.
auth: '/litmus/' is inside auth domain: 1.
Sending request headers:
PROPFIND /litmus/ HTTP/1.1
User-Agent: litmus/0.13 neon/0.33.0
Connection: TE
TE: trailers
Host: 127.0.0.1:8787
Content-Length: 80
Depth: 0
Authorization: Basic dGVzdDp0ZXN0
X-Litmus: props: 3 (propfind_invalid2)

Sending request-line and headers:
Sending request body:
Body block (80 bytes):
[<D:propfind xmlns:D="DAV:"><D:prop><bar:foo xmlns:bar=""/></D:prop></D:propfind>]
Request sent; retry is 1.
[status-line] < HTTP/1.1 400 Bad Request
[hdr] Content-Length: 11
Header Name: [content-length], Value: [11]
[hdr] Content-Type: text/plain;charset=UTF-8
Header Name: [content-type], Value: [text/plain;charset=UTF-8]
[hdr] Access-Control-Allow-Origin: *
Header Name: [access-control-allow-origin], Value: [*]
[hdr] Access-Control-Allow-Credentials: false
Header Name: [access-control-allow-credentials], Value: [false]
[hdr] Access-Control-Allow-Headers: authorization, content-type, depth, overwrite, destination, range, if, lock-token, timeout
Header Name: [access-control-allow-headers], Value: [authorization, content-type, depth, overwrite, destination, range, if, lock-token, timeout]
[hdr] Access-Control-Allow-Methods: OPTIONS, PROPFIND, PROPPATCH, MKCOL, GET, HEAD, PUT, DELETE, COPY, MOVE, LOCK, UNLOCK
Header Name: [access-control-allow-methods], Value: [OPTIONS, PROPFIND, PROPPATCH, MKCOL, GET, HEAD, PUT, DELETE, COPY, MOVE, LOCK, UNLOCK]
[hdr] Access-Control-Expose-Headers: content-type, content-length, dav, etag, last-modified, location, date, content-range, lock-token
Header Name: [access-control-expose-headers], Value: [content-type, content-length, dav, etag, last-modified, location, date, content-range, lock-token]
[hdr] Access-Control-Max-Age: 86400
Header Name: [access-control-max-age], Value: [86400]
[hdr] 
End of headers.
Running post_headers hooks
Reading 11 bytes of response body.
Got 11 bytes.
Read block (11 bytes):
[Bad Request]
Running post_send hooks
auth: Post-send (#0), code is 400 (want 401), WWW-Authenticate is (none)
Request ends, status 400 class 4xx, error line:
400 Bad Request
Running destroy hooks.
Request ends.
******* Running test 4: propfind_d0 ********
auth: Create for WWW-Authenticate
Running pre_send hooks
auth: Sending 'Basic' response.
auth: '/litmus/' is inside auth domain: 1.
Sending request headers:
PROPFIND /litmus/ HTTP/1.1
User-Agent: litmus/0.13 neon/0.33.0
Connection: TE
TE: trailers
Host: 127.0.0.1:8787
Depth: 0
Content-Length: 304
Content-Type: application/xml
Authorization: Basic dGVzdDp0ZXN0
X-Litmus: props: 4 (propfind_d0)

Sending request-line and headers:
Sending request body:
Body block (304 bytes):
[<?xml version="1.0" encoding="utf-8"?>
<propfind xmlns="DAV:"><prop>
<getcontentlength xmlns="DAV:"/>
<getlastmodified xmlns="DAV:"/>
<displayname xmlns="DAV:"/>
<resourcetype xmlns="DAV:"/>
<foo xmlns="http://example.com/neon/litmus/"/>
<bar xmlns="http://example.com/neon/litmus/"/>
</prop></propfind>
]
Request sent; retry is 1.
[status-line] < HTTP/1.1 207 Multi-Status
[hdr] Content-Length: 600
Header Name: [content-length], Value: [600]
[hdr] Content-Type: application/xml; charset=utf-8
Header Name: [content-type], Value: [application/xml; charset=utf-8]
[hdr] Access-Control-Allow-Origin: *
Header Name: [access-control-allow-origin], Value: [*]
[hdr] Access-Control-Allow-Credentials: false
Header Name: [access-control-allow-credentials], Value: [false]
[hdr] Access-Control-Allow-Headers: authorization, content-type, depth, overwrite, destination, range, if, lock-token, timeout
Header Name: [access-control-allow-headers], Value: [authorization, content-type, depth, overwrite, destination, range, if, lock-token, timeout]
[hdr] Access-Control-Allow-Methods: OPTIONS, PROPFIND, PROPPATCH, MKCOL, GET, HEAD, PUT, DELETE, COPY, MOVE, LOCK, UNLOCK
Header Name: [access-control-allow-methods], Value: [OPTIONS, PROPFIND, PROPPATCH, MKCOL, GET, HEAD, PUT, DELETE, COPY, MOVE, LOCK, UNLOCK]
[hdr] Access-Control-Expose-Headers: content-type, content-length, dav, etag, last-modified, location, date, content-range, lock-token
Header Name: [access-control-expose-headers], Value: [content-type, content-length, dav, etag, last-modified, location, date, content-range, lock-token]
[hdr] Access-Control-Max-Age: 86400
Header Name: [access-control-max-age], Value: [86400]
[hdr] 
End of headers.
Running post_headers hooks
Reading 600 bytes of response body.
Got 600 bytes.
Read block (600 bytes):
[<?xml version="1.0" encoding="utf-8"?>
<multistatus xmlns="DAV:">
	<response>
		<href>/litmus/</href>
		<propstat>
			<prop>
			<getcontentlength>0</getcontentlength>
				<getlastmodified>Sun, 08 Mar 2026 08:50:23 GMT</getlastmodified>
				<resourcetype><collection /></resourcetype>
			</prop>
			<status>HTTP/1.1 200 OK</status>
		</propstat>
		<propstat>
			<prop>
			<displayname xmlns="DAV:" />
				<foo xmlns="http://example.com/neon/litmus/" />
				<bar xmlns="http://example.com/neon/litmus/" />
			</prop>
			<status>HTTP/1.1 404 Not Found</status>
		</propstat>
	</response>
</multistatus>
]
XML: Parsing 600 bytes.
XML: start-element (0, {DAV:, multistatus}) => 1
XML: char-data (1) returns 0
XML: start-element (1, {DAV:, response}) => 2
XML: char-data (2) returns 0
XML: start-element (2, {DAV:, href}) => 4
XML: char-data (4) returns 0
XML: end-element (4, {DAV:, href})
XML: char-data (2) returns 0
XML: start-element (2, {DAV:, propstat}) => 7
XML: char-data (7) returns 0
XML: start-element (7, {DAV:, prop}) => 50
XML: char-data (50) returns 0
Got property #0: {DAV:}getcontentlength.
XML: start-element (50, {DAV:, getcontentlength}) => 99
XML: char-data (99) returns 0
XML: end-element (99, {DAV:, getcontentlength})
XML: char-data (50) returns 0
Got property #1: {DAV:}getlastmodified.
XML: start-element (50, {DAV:, getlastmodified}) => 99
XML: char-data (99) returns 0
XML: end-element (99, {DAV:, getlastmodified})
XML: char-data (50) returns 0
XML: start-element (50, {DAV:, resourcetype}) => 201
XML: start-element (201, {DAV:, collection}) => 0
XML: end-element (0, {DAV:, collection})
XML: end-element (201, {DAV:, resourcetype})
XML: char-data (50) returns 0
XML: end-element (50, {DAV:, prop})
XML: char-data (7) returns 0
XML: start-element (7, {DAV:, status}) => 6
XML: char-data (6) returns 0
Decoded status line: HTTP/1.1 200 OK
XML: end-element (6, {DAV:, status})
XML: char-data (7) returns 0
XML: end-element (7, {DAV:, propstat})
XML: char-data (2) returns 0
XML: start-element (2, {DAV:, propstat}) => 7
XML: char-data (7) returns 0
XML: start-element (7, {DAV:, prop}) => 50
XML: char-data (50) returns 0
Got property #0: {DAV:}displayname.
XML: start-element (50, {DAV:, displayname}) => 99
XML: end-element (99, {DAV:, displayname})
XML: char-data (50) returns 0
Got property #1: {http://example.com/neon/litmus/}foo.
XML: start-element (50, {http://example.com/neon/litmus/, foo}) => 99
XML: end-element (99, {http://example.com/neon/litmus/, foo})
XML: char-data (50) returns 0
Got property #2: {http://example.com/neon/litmus/}bar.
XML: start-element (50, {http://example.com/neon/litmus/, bar}) => 99
XML: end-element (99, {http://example.com/neon/litmus/, bar})
XML: char-data (50) returns 0
XML: end-element (50, {DAV:, prop})
XML: char-data (7) returns 0
XML: start-element (7, {DAV:, status}) => 6
XML: char-data (6) returns 0
Decoded status line: HTTP/1.1 404 Not Found
XML: end-element (6, {DAV:, status})
XML: char-data (7) returns 0
XML: end-element (7, {DAV:, propstat})
XML: char-data (2) returns 0
XML: end-element (2, {DAV:, response})
XML: char-data (1) returns 0
XML: end-element (1, {DAV:, multistatus})
XML: xmlParseChunk returned 0
XML: End of document.
XML: xmlParseChunk returned 0
Running post_send hooks
auth: Post-send (#0), code is 207 (want 401), WWW-Authenticate is (none)
Request ends, status 207 class 2xx, error line:
207 Multi-Status
******* Running test 5: propinit ********
auth: Create for WWW-Authenticate
Running pre_send hooks
auth: Sending 'Basic' response.
auth: '/litmus/prop' is inside auth domain: 1.
Sending request headers:
DELETE /litmus/prop HTTP/1.1
User-Agent: litmus/0.13 neon/0.33.0
Connection: TE
TE: trailers
Host: 127.0.0.1:8787
Authorization: Basic dGVzdDp0ZXN0
X-Litmus: props: 5 (propinit)

Sending request-line and headers:
Request sent; retry is 1.
[status-line] < HTTP/1.1 404 Not Found
[hdr] Content-Length: 9
Header Name: [content-length], Value: [9]
[hdr] Content-Type: text/plain;charset=UTF-8
Header Name: [content-type], Value: [text/plain;charset=UTF-8]
[hdr] Access-Control-Allow-Origin: *
Header Name: [access-control-allow-origin], Value: [*]
[hdr] Access-Control-Allow-Credentials: false
Header Name: [access-control-allow-credentials], Value: [false]
[hdr] Access-Control-Allow-Headers: authorization, content-type, depth, overwrite, destination, range, if, lock-token, timeout
Header Name: [access-control-allow-headers], Value: [authorization, content-type, depth, overwrite, destination, range, if, lock-token, timeout]
[hdr] Access-Control-Allow-Methods: OPTIONS, PROPFIND, PROPPATCH, MKCOL, GET, HEAD, PUT, DELETE, COPY, MOVE, LOCK, UNLOCK
Header Name: [access-control-allow-methods], Value: [OPTIONS, PROPFIND, PROPPATCH, MKCOL, GET, HEAD, PUT, DELETE, COPY, MOVE, LOCK, UNLOCK]
[hdr] Access-Control-Expose-Headers: content-type, content-length, dav, etag, last-modified, location, date, content-range, lock-token
Header Name: [access-control-expose-headers], Value: [content-type, content-length, dav, etag, last-modified, location, date, content-range, lock-token]
[hdr] Access-Control-Max-Age: 86400
Header Name: [access-control-max-age], Value: [86400]
[hdr] 
End of headers.
Running post_headers hooks
Reading 9 bytes of response body.
Got 9 bytes.
Read block (9 bytes):
[Not Found]
Running post_send hooks
auth: Post-send (#0), code is 404 (want 401), WWW-Authenticate is (none)
Running destroy hooks.
Request ends.
auth: Create for WWW-Authenticate
Running pre_send hooks
auth: Sending 'Basic' response.
auth: '/litmus/prop' is inside auth domain: 1.
Sending request headers:
PUT /litmus/prop HTTP/1.1
User-Agent: litmus/0.13 neon/0.33.0
Connection: TE
TE: trailers
Host: 127.0.0.1:8787
Content-Length: 32
Authorization: Basic dGVzdDp0ZXN0
X-Litmus: props: 5 (propinit)

Sending request-line and headers:
Sending request body:
Body block (32 bytes):
[This
is
a
test
file
called
foo

]
Request sent; retry is 1.
[status-line] < HTTP/1.1 201 Created
[hdr] Content-Length: 0
Header Name: [content-length], Value: [0]
[hdr] Content-Type: text/plain;charset=UTF-8
Header Name: [content-type], Value: [text/plain;charset=UTF-8]
[hdr] Access-Control-Allow-Origin: *
Header Name: [access-control-allow-origin], Value: [*]
[hdr] Access-Control-Allow-Credentials: false
Header Name: [access-control-allow-credentials], Value: [false]
[hdr] Access-Control-Allow-Headers: authorization, content-type, depth, overwrite, destination, range, if, lock-token, timeout
Header Name: [access-control-allow-headers], Value: [authorization, content-type, depth, overwrite, destination, range, if, lock-token, timeout]
[hdr] Access-Control-Allow-Methods: OPTIONS, PROPFIND, PROPPATCH, MKCOL, GET, HEAD, PUT, DELETE, COPY, MOVE, LOCK, UNLOCK
Header Name: [access-control-allow-methods], Value: [OPTIONS, PROPFIND, PROPPATCH, MKCOL, GET, HEAD, PUT, DELETE, COPY, MOVE, LOCK, UNLOCK]
[hdr] Access-Control-Expose-Headers: content-type, content-length, dav, etag, last-modified, location, date, content-range, lock-token
Header Name: [access-control-expose-headers], Value: [content-type, content-length, dav, etag, last-modified, location, date, content-range, lock-token]
[hdr] Access-Control-Max-Age: 86400
Header Name: [access-control-max-age], Value: [86400]
[hdr] 
End of headers.
Running post_headers hooks
Running post_send hooks
auth: Post-send (#0), code is 201 (want 401), WWW-Authenticate is (none)
Request ends, status 201 class 2xx, error line:
201 Created
Running destroy hooks.
Request ends.
******* Running test 6: propset ********
auth: Create for WWW-Authenticate
Running pre_send hooks
auth: Sending 'Basic' response.
auth: '/litmus/prop' is inside auth domain: 1.
Sending request headers:
PROPPATCH /litmus/prop HTTP/1.1
User-Agent: litmus/0.13 neon/0.33.0
Connection: TE
TE: trailers
Host: 127.0.0.1:8787
Content-Length: 1033
Content-Type: application/xml
Authorization: Basic dGVzdDp0ZXN0
X-Litmus: props: 6 (propset)

Sending request-line and headers:
Sending request body:
Body block (1033 bytes):
[<?xml version="1.0" encoding="utf-8" ?>
<D:propertyupdate xmlns:D="DAV:"><D:set><D:prop><prop0 xmlns="http://example.com/neon/litmus/">value0</prop0></D:prop></D:set>
<D:set><D:prop><prop1 xmlns="http://example.com/neon/litmus/">value1</prop1></D:prop></D:set>
<D:set><D:prop><prop2 xmlns="http://example.com/neon/litmus/">value2</prop2></D:prop></D:set>
<D:set><D:prop><prop3 xmlns="http://example.com/neon/litmus/">value3</prop3></D:prop></D:set>
<D:set><D:prop><prop4 xmlns="http://example.com/neon/litmus/">value4</prop4></D:prop></D:set>
<D:set><D:prop><prop5 xmlns="http://example.com/neon/litmus/">value5</prop5></D:prop></D:set>
<D:set><D:prop><prop6 xmlns="http://example.com/neon/litmus/">value6</prop6></D:prop></D:set>
<D:set><D:prop><prop7 xmlns="http://example.com/neon/litmus/">value7</prop7></D:prop></D:set>
<D:set><D:prop><prop8 xmlns="http://example.com/neon/litmus/">value8</prop8></D:prop></D:set>
<D:set><D:prop><prop9 xmlns="http://example.com/neon/litmus/">value9</prop9></D:prop></D:set>
</D:propertyupdate>
]
Request sent; retry is 1.
[status-line] < HTTP/1.1 207 Multi-Status
[hdr] Content-Length: 757
Header Name: [content-length], Value: [757]
[hdr] Content-Type: application/xml; charset=utf-8
Header Name: [content-type], Value: [application/xml; charset=utf-8]
[hdr] Access-Control-Allow-Origin: *
Header Name: [access-control-allow-origin], Value: [*]
[hdr] Access-Control-Allow-Credentials: false
Header Name: [access-control-allow-credentials], Value: [false]
[hdr] Access-Control-Allow-Headers: authorization, content-type, depth, overwrite, destination, range, if, lock-token, timeout
Header Name: [access-control-allow-headers], Value: [authorization, content-type, depth, overwrite, destination, range, if, lock-token, timeout]
[hdr] Access-Control-Allow-Methods: OPTIONS, PROPFIND, PROPPATCH, MKCOL, GET, HEAD, PUT, DELETE, COPY, MOVE, LOCK, UNLOCK
Header Name: [access-control-allow-methods], Value: [OPTIONS, PROPFIND, PROPPATCH, MKCOL, GET, HEAD, PUT, DELETE, COPY, MOVE, LOCK, UNLOCK]
[hdr] Access-Control-Expose-Headers: content-type, content-length, dav, etag, last-modified, location, date, content-range, lock-token
Header Name: [access-control-expose-headers], Value: [content-type, content-length, dav, etag, last-modified, location, date, content-range, lock-token]
[hdr] Access-Control-Max-Age: 86400
Header Name: [access-control-max-age], Value: [86400]
[hdr] 
End of headers.
Running post_headers hooks
Reading 757 bytes of response body.
Got 757 bytes.
Read block (757 bytes):
[<?xml version="1.0" encoding="utf-8"?>
<multistatus xmlns="DAV:">
	<response>
		<href>/litmus/prop</href>
		<propstat>
			<prop>
				<prop0 xmlns="http://example.com/neon/litmus/" />
				<prop1 xmlns="http://example.com/neon/litmus/" />
				<prop2 xmlns="http://example.com/neon/litmus/" />
				<prop3 xmlns="http://example.com/neon/litmus/" />
				<prop4 xmlns="http://example.com/neon/litmus/" />
				<prop5 xmlns="http://example.com/neon/litmus/" />
				<prop6 xmlns="http://example.com/neon/litmus/" />
				<prop7 xmlns="http://example.com/neon/litmus/" />
				<prop8 xmlns="http://example.com/neon/litmus/" />
				<prop9 xmlns="http://example.com/neon/litmus/" />
			</prop>
			<status>HTTP/1.1 200 OK</status>
		</propstat>
	</response>
</multistatus>]
XML: Parsing 757 bytes.
XML: start-element (0, {DAV:, multistatus}) => 1
XML: char-data (1) returns 0
XML: start-element (1, {DAV:, response}) => 2
XML: char-data (2) returns 0
XML: start-element (2, {DAV:, href}) => 4
XML: char-data (4) returns 0
XML: end-element (4, {DAV:, href})
XML: char-data (2) returns 0
XML: start-element (2, {DAV:, propstat}) => 7
XML: char-data (7) returns 0
XML: start-element (7, {DAV:, prop}) => 50
XML: char-data (50) returns 0
XML: start-element (50, {http://example.com/neon/litmus/, prop0}) => 0
XML: end-element (0, {http://example.com/neon/litmus/, prop0})
XML: char-data (50) returns 0
XML: start-element (50, {http://example.com/neon/litmus/, prop1}) => 0
XML: end-element (0, {http://example.com/neon/litmus/, prop1})
XML: char-data (50) returns 0
XML: start-element (50, {http://example.com/neon/litmus/, prop2}) => 0
XML: end-element (0, {http://example.com/neon/litmus/, prop2})
XML: char-data (50) returns 0
XML: start-element (50, {http://example.com/neon/litmus/, prop3}) => 0
XML: end-element (0, {http://example.com/neon/litmus/, prop3})
XML: char-data (50) returns 0
XML: start-element (50, {http://example.com/neon/litmus/, prop4}) => 0
XML: end-element (0, {http://example.com/neon/litmus/, prop4})
XML: char-data (50) returns 0
XML: start-element (50, {http://example.com/neon/litmus/, prop5}) => 0
XML: end-element (0, {http://example.com/neon/litmus/, prop5})
XML: char-data (50) returns 0
XML: start-element (50, {http://example.com/neon/litmus/, prop6}) => 0
XML: end-element (0, {http://example.com/neon/litmus/, prop6})
XML: char-data (50) returns 0
XML: start-element (50, {http://example.com/neon/litmus/, prop7}) => 0
XML: end-element (0, {http://example.com/neon/litmus/, prop7})
XML: char-data (50) returns 0
XML: start-element (50, {http://example.com/neon/litmus/, prop8}) => 0
XML: end-element (0, {http://example.com/neon/litmus/, prop8})
XML: char-data (50) returns 0
XML: start-element (50, {http://example.com/neon/litmus/, prop9}) => 0
XML: end-element (0, {http://example.com/neon/litmus/, prop9})
XML: char-data (50) returns 0
XML: end-element (50, {DAV:, prop})
XML: char-data (7) returns 0
XML: start-element (7, {DAV:, status}) => 6
XML: char-data (6) returns 0
Decoded status line: HTTP/1.1 200 OK
XML: end-element (6, {DAV:, status})
XML: char-data (7) returns 0
XML: end-element (7, {DAV:, propstat})
XML: char-data (2) returns 0
XML: end-element (2, {DAV:, response})
XML: char-data (1) returns 0
XML: end-element (1, {DAV:, multistatus})
XML: xmlParseChunk returned 0
XML: End of document.
XML: xmlParseChunk returned 0
Running post_send hooks
auth: Post-send (#0), code is 207 (want 401), WWW-Authenticate is (none)
Running destroy hooks.
Request ends.
******* Running test 7: propget ********
auth: Create for WWW-Authenticate
Running pre_send hooks
auth: Sending 'Basic' response.
auth: '/litmus/prop' is inside auth domain: 1.
Sending request headers:
PROPFIND /litmus/prop HTTP/1.1
User-Agent: litmus/0.13 neon/0.33.0
Connection: TE
TE: trailers
Host: 127.0.0.1:8787
Depth: 0
Content-Length: 578
Content-Type: application/xml
Authorization: Basic dGVzdDp0ZXN0
X-Litmus: props: 7 (propget)

Sending request-line and headers:
Sending request body:
Body block (578 bytes):
[<?xml version="1.0" encoding="utf-8"?>
<propfind xmlns="DAV:"><prop>
<prop0 xmlns="http://example.com/neon/litmus/"/>
<prop1 xmlns="http://example.com/neon/litmus/"/>
<prop2 xmlns="http://example.com/neon/litmus/"/>
<prop3 xmlns="http://example.com/neon/litmus/"/>
<prop4 xmlns="http://example.com/neon/litmus/"/>
<prop5 xmlns="http://example.com/neon/litmus/"/>
<prop6 xmlns="http://example.com/neon/litmus/"/>
<prop7 xmlns="http://example.com/neon/litmus/"/>
<prop8 xmlns="http://example.com/neon/litmus/"/>
<prop9 xmlns="http://example.com/neon/litmus/"/>
</prop></propfind>
]
Request sent; retry is 1.
[status-line] < HTTP/1.1 207 Multi-Status
[hdr] Content-Length: 877
Header Name: [content-length], Value: [877]
[hdr] Content-Type: application/xml; charset=utf-8
Header Name: [content-type], Value: [application/xml; charset=utf-8]
[hdr] Access-Control-Allow-Origin: *
Header Name: [access-control-allow-origin], Value: [*]
[hdr] Access-Control-Allow-Credentials: false
Header Name: [access-control-allow-credentials], Value: [false]
[hdr] Access-Control-Allow-Headers: authorization, content-type, depth, overwrite, destination, range, if, lock-token, timeout
Header Name: [access-control-allow-headers], Value: [authorization, content-type, depth, overwrite, destination, range, if, lock-token, timeout]
[hdr] Access-Control-Allow-Methods: OPTIONS, PROPFIND, PROPPATCH, MKCOL, GET, HEAD, PUT, DELETE, COPY, MOVE, LOCK, UNLOCK
Header Name: [access-control-allow-methods], Value: [OPTIONS, PROPFIND, PROPPATCH, MKCOL, GET, HEAD, PUT, DELETE, COPY, MOVE, LOCK, UNLOCK]
[hdr] Access-Control-Expose-Headers: content-type, content-length, dav, etag, last-modified, location, date, content-range, lock-token
Header Name: [access-control-expose-headers], Value: [content-type, content-length, dav, etag, last-modified, location, date, content-range, lock-token]
[hdr] Access-Control-Max-Age: 86400
Header Name: [access-control-max-age], Value: [86400]
[hdr] 
End of headers.
Running post_headers hooks
Reading 877 bytes of response body.
Got 877 bytes.
Read block (877 bytes):
[<?xml version="1.0" encoding="utf-8"?>
<multistatus xmlns="DAV:">
	<response>
		<href>/litmus/prop</href>
		<propstat>
			<prop>
			<prop0 xmlns="http://example.com/neon/litmus/">value0</prop0>
				<prop1 xmlns="http://example.com/neon/litmus/">value1</prop1>
				<prop2 xmlns="http://example.com/neon/litmus/">value2</prop2>
				<prop3 xmlns="http://example.com/neon/litmus/">value3</prop3>
				<prop4 xmlns="http://example.com/neon/litmus/">value4</prop4>
				<prop5 xmlns="http://example.com/neon/litmus/">value5</prop5>
				<prop6 xmlns="http://example.com/neon/litmus/">value6</prop6>
				<prop7 xmlns="http://example.com/neon/litmus/">value7</prop7>
				<prop8 xmlns="http://example.com/neon/litmus/">value8</prop8>
				<prop9 xmlns="http://example.com/neon/litmus/">value9</prop9>
			</prop>
			<status>HTTP/1.1 200 OK</status>
		</propstat>
	</response>
</multistatus>
]
XML: Parsing 877 bytes.
XML: start-element (0, {DAV:, multistatus}) => 1
XML: char-data (1) returns 0
XML: start-element (1, {DAV:, response}) => 2
XML: char-data (2) returns 0
XML: start-element (2, {DAV:, href}) => 4
XML: char-data (4) returns 0
XML: end-element (4, {DAV:, href})
XML: char-data (2) returns 0
XML: start-element (2, {DAV:, propstat}) => 7
XML: char-data (7) returns 0
XML: start-element (7, {DAV:, prop}) => 50
XML: char-data (50) returns 0
Got property #0: {http://example.com/neon/litmus/}prop0.
XML: start-element (50, {http://example.com/neon/litmus/, prop0}) => 99
XML: char-data (99) returns 0
XML: end-element (99, {http://example.com/neon/litmus/, prop0})
XML: char-data (50) returns 0
Got property #1: {http://example.com/neon/litmus/}prop1.
XML: start-element (50, {http://example.com/neon/litmus/, prop1}) => 99
XML: char-data (99) returns 0
XML: end-element (99, {http://example.com/neon/litmus/, prop1})
XML: char-data (50) returns 0
Got property #2: {http://example.com/neon/litmus/}prop2.
XML: start-element (50, {http://example.com/neon/litmus/, prop2}) => 99
XML: char-data (99) returns 0
XML: end-element (99, {http://example.com/neon/litmus/, prop2})
XML: char-data (50) returns 0
Got property #3: {http://example.com/neon/litmus/}prop3.
XML: start-element (50, {http://example.com/neon/litmus/, prop3}) => 99
XML: char-data (99) returns 0
XML: end-element (99, {http://example.com/neon/litmus/, prop3})
XML: char-data (50) returns 0
Got property #4: {http://example.com/neon/litmus/}prop4.
XML: start-element (50, {http://example.com/neon/litmus/, prop4}) => 99
XML: char-data (99) returns 0
XML: end-element (99, {http://example.com/neon/litmus/, prop4})
XML: char-data (50) returns 0
Got property #5: {http://example.com/neon/litmus/}prop5.
XML: start-element (50, {http://example.com/neon/litmus/, prop5}) => 99
XML: char-data (99) returns 0
XML: end-element (99, {http://example.com/neon/litmus/, prop5})
XML: char-data (50) returns 0
Got property #6: {http://example.com/neon/litmus/}prop6.
XML: start-element (50, {http://example.com/neon/litmus/, prop6}) => 99
XML: char-data (99) returns 0
XML: end-element (99, {http://example.com/neon/litmus/, prop6})
XML: char-data (50) returns 0
Got property #7: {http://example.com/neon/litmus/}prop7.
XML: start-element (50, {http://example.com/neon/litmus/, prop7}) => 99
XML: char-data (99) returns 0
XML: end-element (99, {http://example.com/neon/litmus/, prop7})
XML: char-data (50) returns 0
Got property #8: {http://example.com/neon/litmus/}prop8.
XML: start-element (50, {http://example.com/neon/litmus/, prop8}) => 99
XML: char-data (99) returns 0
XML: end-element (99, {http://example.com/neon/litmus/, prop8})
XML: char-data (50) returns 0
Got property #9: {http://example.com/neon/litmus/}prop9.
XML: start-element (50, {http://example.com/neon/litmus/, prop9}) => 99
XML: char-data (99) returns 0
XML: end-element (99, {http://example.com/neon/litmus/, prop9})
XML: char-data (50) returns 0
XML: end-element (50, {DAV:, prop})
XML: char-data (7) returns 0
XML: start-element (7, {DAV:, status}) => 6
XML: char-data (6) returns 0
Decoded status line: HTTP/1.1 200 OK
XML: end-element (6, {DAV:, status})
XML: char-data (7) returns 0
XML: end-element (7, {DAV:, propstat})
XML: char-data (2) returns 0
XML: end-element (2, {DAV:, response})
XML: char-data (1) returns 0
XML: end-element (1, {DAV:, multistatus})
XML: xmlParseChunk returned 0
XML: End of document.
XML: xmlParseChunk returned 0
Running post_send hooks
auth: Post-send (#0), code is 207 (want 401), WWW-Authenticate is (none)
Request ends, status 207 class 2xx, error line:
207 Multi-Status
Running destroy hooks.
Request ends.
******* Running test 8: propextended ********
auth: Create for WWW-Authenticate
Running pre_send hooks
auth: Sending 'Basic' response.
auth: '/litmus/prop' is inside auth domain: 1.
Sending request headers:
PROPFIND /litmus/prop HTTP/1.1
User-Agent: litmus/0.13 neon/0.33.0
Connection: TE
TE: trailers
Host: 127.0.0.1:8787
Content-Length: 92
Authorization: Basic dGVzdDp0ZXN0
X-Litmus: props: 8 (propextended)

Sending request-line and headers:
Sending request body:
Body block (92 bytes):
[<?xml version="1.0" encoding="utf-8" ?><propfind xmlns="DAV:"><foobar/><allprop/></propfind>]
Request sent; retry is 1.
[status-line] < HTTP/1.1 207 Multi-Status
[hdr] Content-Length: 1304
Header Name: [content-length], Value: [1304]
[hdr] Content-Type: application/xml; charset=utf-8
Header Name: [content-type], Value: [application/xml; charset=utf-8]
[hdr] Access-Control-Allow-Origin: *
Header Name: [access-control-allow-origin], Value: [*]
[hdr] Access-Control-Allow-Credentials: false
Header Name: [access-control-allow-credentials], Value: [false]
[hdr] Access-Control-Allow-Headers: authorization, content-type, depth, overwrite, destination, range, if, lock-token, timeout
Header Name: [access-control-allow-headers], Value: [authorization, content-type, depth, overwrite, destination, range, if, lock-token, timeout]
[hdr] Access-Control-Allow-Methods: OPTIONS, PROPFIND, PROPPATCH, MKCOL, GET, HEAD, PUT, DELETE, COPY, MOVE, LOCK, UNLOCK
Header Name: [access-control-allow-methods], Value: [OPTIONS, PROPFIND, PROPPATCH, MKCOL, GET, HEAD, PUT, DELETE, COPY, MOVE, LOCK, UNLOCK]
[hdr] Access-Control-Expose-Headers: content-type, content-length, dav, etag, last-modified, location, date, content-range, lock-token
Header Name: [access-control-expose-headers], Value: [content-type, content-length, dav, etag, last-modified, location, date, content-range, lock-token]
[hdr] Access-Control-Max-Age: 86400
Header Name: [access-control-max-age], Value: [86400]
[hdr] 
End of headers.
Running post_headers hooks
Reading 1304 bytes of response body.
Got 1304 bytes.
Read block (1304 bytes):
[<?xml version="1.0" encoding="utf-8"?>
<multistatus xmlns="DAV:">
	<response>
		<href>/litmus/prop</href>
		<propstat>
			<prop>
			<creationdate>Sun, 08 Mar 2026 08:50:23 GMT</creationdate>
				<getcontentlength>32</getcontentlength>
				<getetag>c3d40b11121145ec31f5c1acc078b648</getetag>
				<getlastmodified>Sun, 08 Mar 2026 08:50:23 GMT</getlastmodified>
				<resourcetype></resourcetype>
				<supportedlock><lockentry><lockscope><exclusive /></lockscope><locktype><write /></locktype></lockentry></supportedlock>
				<lockdiscovery></lockdiscovery>
				<prop0 xmlns="http://example.com/neon/litmus/">value0</prop0>
				<prop1 xmlns="http://example.com/neon/litmus/">value1</prop1>
				<prop2 xmlns="http://example.com/neon/litmus/">value2</prop2>
				<prop3 xmlns="http://example.com/neon/litmus/">value3</prop3>
				<prop4 xmlns="http://example.com/neon/litmus/">value4</prop4>
				<prop5 xmlns="http://example.com/neon/litmus/">value5</prop5>
				<prop6 xmlns="http://example.com/neon/litmus/">value6</prop6>
				<prop7 xmlns="http://example.com/neon/litmus/">value7</prop7>
				<prop8 xmlns="http://example.com/neon/litmus/">value8</prop8>
				<prop9 xmlns="http://example.com/neon/litmus/">value9</prop9>
			</prop>
			<status>HTTP/1.1 200 OK</status>
		</propstat>
	</response>
</multistatus>
]
XML: Parsing 1304 bytes.
XML: start-element (0, {DAV:, multistatus}) => 0
XML: end-element (0, {DAV:, multistatus})
XML: xmlParseChunk returned 0
XML: End of document.
XML: xmlParseChunk returned 0
Running post_send hooks
auth: Post-send (#0), code is 207 (want 401), WWW-Authenticate is (none)
Request ends, status 207 class 2xx, error line:
207 Multi-Status
Running destroy hooks.
Request ends.
******* Running test 9: propmove ********
auth: Create for WWW-Authenticate
Running pre_send hooks
auth: Sending 'Basic' response.
auth: '/litmus/prop2' is inside auth domain: 1.
Sending request headers:
DELETE /litmus/prop2 HTTP/1.1
User-Agent: litmus/0.13 neon/0.33.0
Connection: TE
TE: trailers
Host: 127.0.0.1:8787
Authorization: Basic dGVzdDp0ZXN0
X-Litmus: props: 9 (propmove)

Sending request-line and headers:
Request sent; retry is 1.
[status-line] < HTTP/1.1 404 Not Found
[hdr] Content-Length: 9
Header Name: [content-length], Value: [9]
[hdr] Content-Type: text/plain;charset=UTF-8
Header Name: [content-type], Value: [text/plain;charset=UTF-8]
[hdr] Access-Control-Allow-Origin: *
Header Name: [access-control-allow-origin], Value: [*]
[hdr] Access-Control-Allow-Credentials: false
Header Name: [access-control-allow-credentials], Value: [false]
[hdr] Access-Control-Allow-Headers: authorization, content-type, depth, overwrite, destination, range, if, lock-token, timeout
Header Name: [access-control-allow-headers], Value: [authorization, content-type, depth, overwrite, destination, range, if, lock-token, timeout]
[hdr] Access-Control-Allow-Methods: OPTIONS, PROPFIND, PROPPATCH, MKCOL, GET, HEAD, PUT, DELETE, COPY, MOVE, LOCK, UNLOCK
Header Name: [access-control-allow-methods], Value: [OPTIONS, PROPFIND, PROPPATCH, MKCOL, GET, HEAD, PUT, DELETE, COPY, MOVE, LOCK, UNLOCK]
[hdr] Access-Control-Expose-Headers: content-type, content-length, dav, etag, last-modified, location, date, content-range, lock-token
Header Name: [access-control-expose-headers], Value: [content-type, content-length, dav, etag, last-modified, location, date, content-range, lock-token]
[hdr] Access-Control-Max-Age: 86400
Header Name: [access-control-max-age], Value: [86400]
[hdr] 
End of headers.
Running post_headers hooks
Reading 9 bytes of response body.
Got 9 bytes.
Read block (9 bytes):
[Not Found]
Running post_send hooks
auth: Post-send (#0), code is 404 (want 401), WWW-Authenticate is (none)
Running destroy hooks.
Request ends.
auth: Create for WWW-Authenticate
Running pre_send hooks
auth: Sending 'Basic' response.
auth: '/litmus/prop' is inside auth domain: 1.
Sending request headers:
MOVE /litmus/prop HTTP/1.1
User-Agent: litmus/0.13 neon/0.33.0
Connection: TE
TE: trailers
Host: 127.0.0.1:8787
Destination: http://127.0.0.1:8787/litmus/prop2
Overwrite: F
Authorization: Basic dGVzdDp0ZXN0
X-Litmus: props: 9 (propmove)

Sending request-line and headers:
Request sent; retry is 1.
[status-line] < HTTP/1.1 201 Created
[hdr] Content-Length: 0
Header Name: [content-length], Value: [0]
[hdr] Location: /litmus/prop2
Header Name: [location], Value: [/litmus/prop2]
[hdr] Content-Type: text/plain;charset=UTF-8
Header Name: [content-type], Value: [text/plain;charset=UTF-8]
[hdr] Access-Control-Allow-Origin: *
Header Name: [access-control-allow-origin], Value: [*]
[hdr] Access-Control-Allow-Credentials: false
Header Name: [access-control-allow-credentials], Value: [false]
[hdr] Access-Control-Allow-Headers: authorization, content-type, depth, overwrite, destination, range, if, lock-token, timeout
Header Name: [access-control-allow-headers], Value: [authorization, content-type, depth, overwrite, destination, range, if, lock-token, timeout]
[hdr] Access-Control-Allow-Methods: OPTIONS, PROPFIND, PROPPATCH, MKCOL, GET, HEAD, PUT, DELETE, COPY, MOVE, LOCK, UNLOCK
Header Name: [access-control-allow-methods], Value: [OPTIONS, PROPFIND, PROPPATCH, MKCOL, GET, HEAD, PUT, DELETE, COPY, MOVE, LOCK, UNLOCK]
[hdr] Access-Control-Expose-Headers: content-type, content-length, dav, etag, last-modified, location, date, content-range, lock-token
Header Name: [access-control-expose-headers], Value: [content-type, content-length, dav, etag, last-modified, location, date, content-range, lock-token]
[hdr] Access-Control-Max-Age: 86400
Header Name: [access-control-max-age], Value: [86400]
[hdr] 
End of headers.
Running post_headers hooks
Running post_send hooks
auth: Post-send (#0), code is 201 (want 401), WWW-Authenticate is (none)
Running destroy hooks.
Request ends.
******* Running test 10: propget ********
auth: Create for WWW-Authenticate
Running pre_send hooks
auth: Sending 'Basic' response.
auth: '/litmus/prop2' is inside auth domain: 1.
Sending request headers:
PROPFIND /litmus/prop2 HTTP/1.1
User-Agent: litmus/0.13 neon/0.33.0
Connection: TE
TE: trailers
Host: 127.0.0.1:8787
Depth: 0
Content-Length: 578
Content-Type: application/xml
Authorization: Basic dGVzdDp0ZXN0
X-Litmus: props: 10 (propget)

Sending request-line and headers:
Sending request body:
Body block (578 bytes):
[<?xml version="1.0" encoding="utf-8"?>
<propfind xmlns="DAV:"><prop>
<prop0 xmlns="http://example.com/neon/litmus/"/>
<prop1 xmlns="http://example.com/neon/litmus/"/>
<prop2 xmlns="http://example.com/neon/litmus/"/>
<prop3 xmlns="http://example.com/neon/litmus/"/>
<prop4 xmlns="http://example.com/neon/litmus/"/>
<prop5 xmlns="http://example.com/neon/litmus/"/>
<prop6 xmlns="http://example.com/neon/litmus/"/>
<prop7 xmlns="http://example.com/neon/litmus/"/>
<prop8 xmlns="http://example.com/neon/litmus/"/>
<prop9 xmlns="http://example.com/neon/litmus/"/>
</prop></propfind>
]
Request sent; retry is 1.
[status-line] < HTTP/1.1 207 Multi-Status
[hdr] Content-Length: 878
Header Name: [content-length], Value: [878]
[hdr] Content-Type: application/xml; charset=utf-8
Header Name: [content-type], Value: [application/xml; charset=utf-8]
[hdr] Access-Control-Allow-Origin: *
Header Name: [access-control-allow-origin], Value: [*]
[hdr] Access-Control-Allow-Credentials: false
Header Name: [access-control-allow-credentials], Value: [false]
[hdr] Access-Control-Allow-Headers: authorization, content-type, depth, overwrite, destination, range, if, lock-token, timeout
Header Name: [access-control-allow-headers], Value: [authorization, content-type, depth, overwrite, destination, range, if, lock-token, timeout]
[hdr] Access-Control-Allow-Methods: OPTIONS, PROPFIND, PROPPATCH, MKCOL, GET, HEAD, PUT, DELETE, COPY, MOVE, LOCK, UNLOCK
Header Name: [access-control-allow-methods], Value: [OPTIONS, PROPFIND, PROPPATCH, MKCOL, GET, HEAD, PUT, DELETE, COPY, MOVE, LOCK, UNLOCK]
[hdr] Access-Control-Expose-Headers: content-type, content-length, dav, etag, last-modified, location, date, content-range, lock-token
Header Name: [access-control-expose-headers], Value: [content-type, content-length, dav, etag, last-modified, location, date, content-range, lock-token]
[hdr] Access-Control-Max-Age: 86400
Header Name: [access-control-max-age], Value: [86400]
[hdr] 
End of headers.
Running post_headers hooks
Reading 878 bytes of response body.
Got 878 bytes.
Read block (878 bytes):
[<?xml version="1.0" encoding="utf-8"?>
<multistatus xmlns="DAV:">
	<response>
		<href>/litmus/prop2</href>
		<propstat>
			<prop>
			<prop0 xmlns="http://example.com/neon/litmus/">value0</prop0>
				<prop1 xmlns="http://example.com/neon/litmus/">value1</prop1>
				<prop2 xmlns="http://example.com/neon/litmus/">value2</prop2>
				<prop3 xmlns="http://example.com/neon/litmus/">value3</prop3>
				<prop4 xmlns="http://example.com/neon/litmus/">value4</prop4>
				<prop5 xmlns="http://example.com/neon/litmus/">value5</prop5>
				<prop6 xmlns="http://example.com/neon/litmus/">value6</prop6>
				<prop7 xmlns="http://example.com/neon/litmus/">value7</prop7>
				<prop8 xmlns="http://example.com/neon/litmus/">value8</prop8>
				<prop9 xmlns="http://example.com/neon/litmus/">value9</prop9>
			</prop>
			<status>HTTP/1.1 200 OK</status>
		</propstat>
	</response>
</multistatus>
]
XML: Parsing 878 bytes.
XML: start-element (0, {DAV:, multistatus}) => 1
XML: char-data (1) returns 0
XML: start-element (1, {DAV:, response}) => 2
XML: char-data (2) returns 0
XML: start-element (2, {DAV:, href}) => 4
XML: char-data (4) returns 0
XML: end-element (4, {DAV:, href})
XML: char-data (2) returns 0
XML: start-element (2, {DAV:, propstat}) => 7
XML: char-data (7) returns 0
XML: start-element (7, {DAV:, prop}) => 50
XML: char-data (50) returns 0
Got property #0: {http://example.com/neon/litmus/}prop0.
XML: start-element (50, {http://example.com/neon/litmus/, prop0}) => 99
XML: char-data (99) returns 0
XML: end-element (99, {http://example.com/neon/litmus/, prop0})
XML: char-data (50) returns 0
Got property #1: {http://example.com/neon/litmus/}prop1.
XML: start-element (50, {http://example.com/neon/litmus/, prop1}) => 99
XML: char-data (99) returns 0
XML: end-element (99, {http://example.com/neon/litmus/, prop1})
XML: char-data (50) returns 0
Got property #2: {http://example.com/neon/litmus/}prop2.
XML: start-element (50, {http://example.com/neon/litmus/, prop2}) => 99
XML: char-data (99) returns 0
XML: end-element (99, {http://example.com/neon/litmus/, prop2})
XML: char-data (50) returns 0
Got property #3: {http://example.com/neon/litmus/}prop3.
XML: start-element (50, {http://example.com/neon/litmus/, prop3}) => 99
XML: char-data (99) returns 0
XML: end-element (99, {http://example.com/neon/litmus/, prop3})
XML: char-data (50) returns 0
Got property #4: {http://example.com/neon/litmus/}prop4.
XML: start-element (50, {http://example.com/neon/litmus/, prop4}) => 99
XML: char-data (99) returns 0
XML: end-element (99, {http://example.com/neon/litmus/, prop4})
XML: char-data (50) returns 0
Got property #5: {http://example.com/neon/litmus/}prop5.
XML: start-element (50, {http://example.com/neon/litmus/, prop5}) => 99
XML: char-data (99) returns 0
XML: end-element (99, {http://example.com/neon/litmus/, prop5})
XML: char-data (50) returns 0
Got property #6: {http://example.com/neon/litmus/}prop6.
XML: start-element (50, {http://example.com/neon/litmus/, prop6}) => 99
XML: char-data (99) returns 0
XML: end-element (99, {http://example.com/neon/litmus/, prop6})
XML: char-data (50) returns 0
Got property #7: {http://example.com/neon/litmus/}prop7.
XML: start-element (50, {http://example.com/neon/litmus/, prop7}) => 99
XML: char-data (99) returns 0
XML: end-element (99, {http://example.com/neon/litmus/, prop7})
XML: char-data (50) returns 0
Got property #8: {http://example.com/neon/litmus/}prop8.
XML: start-element (50, {http://example.com/neon/litmus/, prop8}) => 99
XML: char-data (99) returns 0
XML: end-element (99, {http://example.com/neon/litmus/, prop8})
XML: char-data (50) returns 0
Got property #9: {http://example.com/neon/litmus/}prop9.
XML: start-element (50, {http://example.com/neon/litmus/, prop9}) => 99
XML: char-data (99) returns 0
XML: end-element (99, {http://example.com/neon/litmus/, prop9})
XML: char-data (50) returns 0
XML: end-element (50, {DAV:, prop})
XML: char-data (7) returns 0
XML: start-element (7, {DAV:, status}) => 6
XML: char-data (6) returns 0
Decoded status line: HTTP/1.1 200 OK
XML: end-element (6, {DAV:, status})
XML: char-data (7) returns 0
XML: end-element (7, {DAV:, propstat})
XML: char-data (2) returns 0
XML: end-element (2, {DAV:, response})
XML: char-data (1) returns 0
XML: end-element (1, {DAV:, multistatus})
XML: xmlParseChunk returned 0
XML: End of document.
XML: xmlParseChunk returned 0
Running post_send hooks
auth: Post-send (#0), code is 207 (want 401), WWW-Authenticate is (none)
Request ends, status 207 class 2xx, error line:
207 Multi-Status
Running destroy hooks.
Request ends.
******* Running test 11: propdeletes ********
auth: Create for WWW-Authenticate
Running pre_send hooks
auth: Sending 'Basic' response.
auth: '/litmus/prop2' is inside auth domain: 1.
Sending request headers:
PROPPATCH /litmus/prop2 HTTP/1.1
User-Agent: litmus/0.13 neon/0.33.0
Connection: TE
TE: trailers
Host: 127.0.0.1:8787
Content-Length: 1033
Content-Type: application/xml
Authorization: Basic dGVzdDp0ZXN0
X-Litmus: props: 11 (propdeletes)

Sending request-line and headers:
Sending request body:
Body block (1033 bytes):
[<?xml version="1.0" encoding="utf-8" ?>
<D:propertyupdate xmlns:D="DAV:"><D:remove><D:prop><prop0 xmlns="http://example.com/neon/litmus/"></prop0></D:prop></D:remove>
<D:remove><D:prop><prop1 xmlns="http://example.com/neon/litmus/"></prop1></D:prop></D:remove>
<D:remove><D:prop><prop2 xmlns="http://example.com/neon/litmus/"></prop2></D:prop></D:remove>
<D:remove><D:prop><prop3 xmlns="http://example.com/neon/litmus/"></prop3></D:prop></D:remove>
<D:remove><D:prop><prop4 xmlns="http://example.com/neon/litmus/"></prop4></D:prop></D:remove>
<D:set><D:prop><prop5 xmlns="http://example.com/neon/litmus/">value5</prop5></D:prop></D:set>
<D:set><D:prop><prop6 xmlns="http://example.com/neon/litmus/">value6</prop6></D:prop></D:set>
<D:set><D:prop><prop7 xmlns="http://example.com/neon/litmus/">value7</prop7></D:prop></D:set>
<D:set><D:prop><prop8 xmlns="http://example.com/neon/litmus/">value8</prop8></D:prop></D:set>
<D:set><D:prop><prop9 xmlns="http://example.com/neon/litmus/">value9</prop9></D:prop></D:set>
</D:propertyupdate>
]
Request sent; retry is 1.
[status-line] < HTTP/1.1 207 Multi-Status
[hdr] Content-Length: 758
Header Name: [content-length], Value: [758]
[hdr] Content-Type: application/xml; charset=utf-8
Header Name: [content-type], Value: [application/xml; charset=utf-8]
[hdr] Access-Control-Allow-Origin: *
Header Name: [access-control-allow-origin], Value: [*]
[hdr] Access-Control-Allow-Credentials: false
Header Name: [access-control-allow-credentials], Value: [false]
[hdr] Access-Control-Allow-Headers: authorization, content-type, depth, overwrite, destination, range, if, lock-token, timeout
Header Name: [access-control-allow-headers], Value: [authorization, content-type, depth, overwrite, destination, range, if, lock-token, timeout]
[hdr] Access-Control-Allow-Methods: OPTIONS, PROPFIND, PROPPATCH, MKCOL, GET, HEAD, PUT, DELETE, COPY, MOVE, LOCK, UNLOCK
Header Name: [access-control-allow-methods], Value: [OPTIONS, PROPFIND, PROPPATCH, MKCOL, GET, HEAD, PUT, DELETE, COPY, MOVE, LOCK, UNLOCK]
[hdr] Access-Control-Expose-Headers: content-type, content-length, dav, etag, last-modified, location, date, content-range, lock-token
Header Name: [access-control-expose-headers], Value: [content-type, content-length, dav, etag, last-modified, location, date, content-range, lock-token]
[hdr] Access-Control-Max-Age: 86400
Header Name: [access-control-max-age], Value: [86400]
[hdr] 
End of headers.
Running post_headers hooks
Reading 758 bytes of response body.
Got 758 bytes.
Read block (758 bytes):
[<?xml version="1.0" encoding="utf-8"?>
<multistatus xmlns="DAV:">
	<response>
		<href>/litmus/prop2</href>
		<propstat>
			<prop>
				<prop5 xmlns="http://example.com/neon/litmus/" />
				<prop6 xmlns="http://example.com/neon/litmus/" />
				<prop7 xmlns="http://example.com/neon/litmus/" />
				<prop8 xmlns="http://example.com/neon/litmus/" />
				<prop9 xmlns="http://example.com/neon/litmus/" />
				<prop0 xmlns="http://example.com/neon/litmus/" />
				<prop1 xmlns="http://example.com/neon/litmus/" />
				<prop2 xmlns="http://example.com/neon/litmus/" />
				<prop3 xmlns="http://example.com/neon/litmus/" />
				<prop4 xmlns="http://example.com/neon/litmus/" />
			</prop>
			<status>HTTP/1.1 200 OK</status>
		</propstat>
	</response>
</multistatus>]
XML: Parsing 758 bytes.
XML: start-element (0, {DAV:, multistatus}) => 1
XML: char-data (1) returns 0
XML: start-element (1, {DAV:, response}) => 2
XML: char-data (2) returns 0
XML: start-element (2, {DAV:, href}) => 4
XML: char-data (4) returns 0
XML: end-element (4, {DAV:, href})
XML: char-data (2) returns 0
XML: start-element (2, {DAV:, propstat}) => 7
XML: char-data (7) returns 0
XML: start-element (7, {DAV:, prop}) => 50
XML: char-data (50) returns 0
XML: start-element (50, {http://example.com/neon/litmus/, prop5}) => 0
XML: end-element (0, {http://example.com/neon/litmus/, prop5})
XML: char-data (50) returns 0
XML: start-element (50, {http://example.com/neon/litmus/, prop6}) => 0
XML: end-element (0, {http://example.com/neon/litmus/, prop6})
XML: char-data (50) returns 0
XML: start-element (50, {http://example.com/neon/litmus/, prop7}) => 0
XML: end-element (0, {http://example.com/neon/litmus/, prop7})
XML: char-data (50) returns 0
XML: start-element (50, {http://example.com/neon/litmus/, prop8}) => 0
XML: end-element (0, {http://example.com/neon/litmus/, prop8})
XML: char-data (50) returns 0
XML: start-element (50, {http://example.com/neon/litmus/, prop9}) => 0
XML: end-element (0, {http://example.com/neon/litmus/, prop9})
XML: char-data (50) returns 0
XML: start-element (50, {http://example.com/neon/litmus/, prop0}) => 0
XML: end-element (0, {http://example.com/neon/litmus/, prop0})
XML: char-data (50) returns 0
XML: start-element (50, {http://example.com/neon/litmus/, prop1}) => 0
XML: end-element (0, {http://example.com/neon/litmus/, prop1})
XML: char-data (50) returns 0
XML: start-element (50, {http://example.com/neon/litmus/, prop2}) => 0
XML: end-element (0, {http://example.com/neon/litmus/, prop2})
XML: char-data (50) returns 0
XML: start-element (50, {http://example.com/neon/litmus/, prop3}) => 0
XML: end-element (0, {http://example.com/neon/litmus/, prop3})
XML: char-data (50) returns 0
XML: start-element (50, {http://example.com/neon/litmus/, prop4}) => 0
XML: end-element (0, {http://example.com/neon/litmus/, prop4})
XML: char-data (50) returns 0
XML: end-element (50, {DAV:, prop})
XML: char-data (7) returns 0
XML: start-element (7, {DAV:, status}) => 6
XML: char-data (6) returns 0
Decoded status line: HTTP/1.1 200 OK
XML: end-element (6, {DAV:, status})
XML: char-data (7) returns 0
XML: end-element (7, {DAV:, propstat})
XML: char-data (2) returns 0
XML: end-element (2, {DAV:, response})
XML: char-data (1) returns 0
XML: end-element (1, {DAV:, multistatus})
XML: xmlParseChunk returned 0
XML: End of document.
XML: xmlParseChunk returned 0
Running post_send hooks
auth: Post-send (#0), code is 207 (want 401), WWW-Authenticate is (none)
Running destroy hooks.
Request ends.
******* Running test 12: propget ********
auth: Create for WWW-Authenticate
Running pre_send hooks
auth: Sending 'Basic' response.
auth: '/litmus/prop2' is inside auth domain: 1.
Sending request headers:
PROPFIND /litmus/prop2 HTTP/1.1
User-Agent: litmus/0.13 neon/0.33.0
Connection: TE
TE: trailers
Host: 127.0.0.1:8787
Depth: 0
Content-Length: 578
Content-Type: application/xml
Authorization: Basic dGVzdDp0ZXN0
X-Litmus: props: 12 (propget)

Sending request-line and headers:
Sending request body:
Body block (578 bytes):
[<?xml version="1.0" encoding="utf-8"?>
<propfind xmlns="DAV:"><prop>
<prop0 xmlns="http://example.com/neon/litmus/"/>
<prop1 xmlns="http://example.com/neon/litmus/"/>
<prop2 xmlns="http://example.com/neon/litmus/"/>
<prop3 xmlns="http://example.com/neon/litmus/"/>
<prop4 xmlns="http://example.com/neon/litmus/"/>
<prop5 xmlns="http://example.com/neon/litmus/"/>
<prop6 xmlns="http://example.com/neon/litmus/"/>
<prop7 xmlns="http://example.com/neon/litmus/"/>
<prop8 xmlns="http://example.com/neon/litmus/"/>
<prop9 xmlns="http://example.com/neon/litmus/"/>
</prop></propfind>
]
Request sent; retry is 1.
[status-line] < HTTP/1.1 207 Multi-Status
[hdr] Content-Length: 908
Header Name: [content-length], Value: [908]
[hdr] Content-Type: application/xml; charset=utf-8
Header Name: [content-type], Value: [application/xml; charset=utf-8]
[hdr] Access-Control-Allow-Origin: *
Header Name: [access-control-allow-origin], Value: [*]
[hdr] Access-Control-Allow-Credentials: false
Header Name: [access-control-allow-credentials], Value: [false]
[hdr] Access-Control-Allow-Headers: authorization, content-type, depth, overwrite, destination, range, if, lock-token, timeout
Header Name: [access-control-allow-headers], Value: [authorization, content-type, depth, overwrite, destination, range, if, lock-token, timeout]
[hdr] Access-Control-Allow-Methods: OPTIONS, PROPFIND, PROPPATCH, MKCOL, GET, HEAD, PUT, DELETE, COPY, MOVE, LOCK, UNLOCK
Header Name: [access-control-allow-methods], Value: [OPTIONS, PROPFIND, PROPPATCH, MKCOL, GET, HEAD, PUT, DELETE, COPY, MOVE, LOCK, UNLOCK]
[hdr] Access-Control-Expose-Headers: content-type, content-length, dav, etag, last-modified, location, date, content-range, lock-token
Header Name: [access-control-expose-headers], Value: [content-type, content-length, dav, etag, last-modified, location, date, content-range, lock-token]
[hdr] Access-Control-Max-Age: 86400
Header Name: [access-control-max-age], Value: [86400]
[hdr] 
End of headers.
Running post_headers hooks
Reading 908 bytes of response body.
Got 908 bytes.
Read block (908 bytes):
[<?xml version="1.0" encoding="utf-8"?>
<multistatus xmlns="DAV:">
	<response>
		<href>/litmus/prop2</href>
		<propstat>
			<prop>
			<prop5 xmlns="http://example.com/neon/litmus/">value5</prop5>
				<prop6 xmlns="http://example.com/neon/litmus/">value6</prop6>
				<prop7 xmlns="http://example.com/neon/litmus/">value7</prop7>
				<prop8 xmlns="http://example.com/neon/litmus/">value8</prop8>
				<prop9 xmlns="http://example.com/neon/litmus/">value9</prop9>
			</prop>
			<status>HTTP/1.1 200 OK</status>
		</propstat>
		<propstat>
			<prop>
			<prop0 xmlns="http://example.com/neon/litmus/" />
				<prop1 xmlns="http://example.com/neon/litmus/" />
				<prop2 xmlns="http://example.com/neon/litmus/" />
				<prop3 xmlns="http://example.com/neon/litmus/" />
				<prop4 xmlns="http://example.com/neon/litmus/" />
			</prop>
			<status>HTTP/1.1 404 Not Found</status>
		</propstat>
	</response>
</multistatus>
]
XML: Parsing 908 bytes.
XML: start-element (0, {DAV:, multistatus}) => 1
XML: char-data (1) returns 0
XML: start-element (1, {DAV:, response}) => 2
XML: char-data (2) returns 0
XML: start-element (2, {DAV:, href}) => 4
XML: char-data (4) returns 0
XML: end-element (4, {DAV:, href})
XML: char-data (2) returns 0
XML: start-element (2, {DAV:, propstat}) => 7
XML: char-data (7) returns 0
XML: start-element (7, {DAV:, prop}) => 50
XML: char-data (50) returns 0
Got property #0: {http://example.com/neon/litmus/}prop5.
XML: start-element (50, {http://example.com/neon/litmus/, prop5}) => 99
XML: char-data (99) returns 0
XML: end-element (99, {http://example.com/neon/litmus/, prop5})
XML: char-data (50) returns 0
Got property #1: {http://example.com/neon/litmus/}prop6.
XML: start-element (50, {http://example.com/neon/litmus/, prop6}) => 99
XML: char-data (99) returns 0
XML: end-element (99, {http://example.com/neon/litmus/, prop6})
XML: char-data (50) returns 0
Got property #2: {http://example.com/neon/litmus/}prop7.
XML: start-element (50, {http://example.com/neon/litmus/, prop7}) => 99
XML: char-data (99) returns 0
XML: end-element (99, {http://example.com/neon/litmus/, prop7})
XML: char-data (50) returns 0
Got property #3: {http://example.com/neon/litmus/}prop8.
XML: start-element (50, {http://example.com/neon/litmus/, prop8}) => 99
XML: char-data (99) returns 0
XML: end-element (99, {http://example.com/neon/litmus/, prop8})
XML: char-data (50) returns 0
Got property #4: {http://example.com/neon/litmus/}prop9.
XML: start-element (50, {http://example.com/neon/litmus/, prop9}) => 99
XML: char-data (99) returns 0
XML: end-element (99, {http://example.com/neon/litmus/, prop9})
XML: char-data (50) returns 0
XML: end-element (50, {DAV:, prop})
XML: char-data (7) returns 0
XML: start-element (7, {DAV:, status}) => 6
XML: char-data (6) returns 0
Decoded status line: HTTP/1.1 200 OK
XML: end-element (6, {DAV:, status})
XML: char-data (7) returns 0
XML: end-element (7, {DAV:, propstat})
XML: char-data (2) returns 0
XML: start-element (2, {DAV:, propstat}) => 7
XML: char-data (7) returns 0
XML: start-element (7, {DAV:, prop}) => 50
XML: char-data (50) returns 0
Got property #0: {http://example.com/neon/litmus/}prop0.
XML: start-element (50, {http://example.com/neon/litmus/, prop0}) => 99
XML: end-element (99, {http://example.com/neon/litmus/, prop0})
XML: char-data (50) returns 0
Got property #1: {http://example.com/neon/litmus/}prop1.
XML: start-element (50, {http://example.com/neon/litmus/, prop1}) => 99
XML: end-element (99, {http://example.com/neon/litmus/, prop1})
XML: char-data (50) returns 0
Got property #2: {http://example.com/neon/litmus/}prop2.
XML: start-element (50, {http://example.com/neon/litmus/, prop2}) => 99
XML: end-element (99, {http://example.com/neon/litmus/, prop2})
XML: char-data (50) returns 0
Got property #3: {http://example.com/neon/litmus/}prop3.
XML: start-element (50, {http://example.com/neon/litmus/, prop3}) => 99
XML: end-element (99, {http://example.com/neon/litmus/, prop3})
XML: char-data (50) returns 0
Got property #4: {http://example.com/neon/litmus/}prop4.
XML: start-element (50, {http://example.com/neon/litmus/, prop4}) => 99
XML: end-element (99, {http://example.com/neon/litmus/, prop4})
XML: char-data (50) returns 0
XML: end-element (50, {DAV:, prop})
XML: char-data (7) returns 0
XML: start-element (7, {DAV:, status}) => 6
XML: char-data (6) returns 0
Decoded status line: HTTP/1.1 404 Not Found
XML: end-element (6, {DAV:, status})
XML: char-data (7) returns 0
XML: end-element (7, {DAV:, propstat})
XML: char-data (2) returns 0
XML: end-element (2, {DAV:, response})
XML: char-data (1) returns 0
XML: end-element (1, {DAV:, multistatus})
XML: xmlParseChunk returned 0
XML: End of document.
XML: xmlParseChunk returned 0
Running post_send hooks
auth: Post-send (#0), code is 207 (want 401), WWW-Authenticate is (none)
Request ends, status 207 class 2xx, error line:
207 Multi-Status
Running destroy hooks.
Request ends.
******* Running test 13: propreplace ********
auth: Create for WWW-Authenticate
Running pre_send hooks
auth: Sending 'Basic' response.
auth: '/litmus/prop2' is inside auth domain: 1.
Sending request headers:
PROPPATCH /litmus/prop2 HTTP/1.1
User-Agent: litmus/0.13 neon/0.33.0
Connection: TE
TE: trailers
Host: 127.0.0.1:8787
Content-Length: 1048
Content-Type: application/xml
Authorization: Basic dGVzdDp0ZXN0
X-Litmus: props: 13 (propreplace)

Sending request-line and headers:
Sending request body:
Body block (1048 bytes):
[<?xml version="1.0" encoding="utf-8" ?>
<D:propertyupdate xmlns:D="DAV:"><D:remove><D:prop><prop0 xmlns="http://example.com/neon/litmus/"></prop0></D:prop></D:remove>
<D:remove><D:prop><prop1 xmlns="http://example.com/neon/litmus/"></prop1></D:prop></D:remove>
<D:remove><D:prop><prop2 xmlns="http://example.com/neon/litmus/"></prop2></D:prop></D:remove>
<D:remove><D:prop><prop3 xmlns="http://example.com/neon/litmus/"></prop3></D:prop></D:remove>
<D:remove><D:prop><prop4 xmlns="http://example.com/neon/litmus/"></prop4></D:prop></D:remove>
<D:set><D:prop><prop5 xmlns="http://example.com/neon/litmus/">newvalue5</prop5></D:prop></D:set>
<D:set><D:prop><prop6 xmlns="http://example.com/neon/litmus/">newvalue6</prop6></D:prop></D:set>
<D:set><D:prop><prop7 xmlns="http://example.com/neon/litmus/">newvalue7</prop7></D:prop></D:set>
<D:set><D:prop><prop8 xmlns="http://example.com/neon/litmus/">newvalue8</prop8></D:prop></D:set>
<D:set><D:prop><prop9 xmlns="http://example.com/neon/litmus/">newvalue9</prop9></D:prop></D:set>
</D:propertyupdate>
]
Request sent; retry is 1.
[status-line] < HTTP/1.1 207 Multi-Status
[hdr] Content-Length: 758
Header Name: [content-length], Value: [758]
[hdr] Content-Type: application/xml; charset=utf-8
Header Name: [content-type], Value: [application/xml; charset=utf-8]
[hdr] Access-Control-Allow-Origin: *
Header Name: [access-control-allow-origin], Value: [*]
[hdr] Access-Control-Allow-Credentials: false
Header Name: [access-control-allow-credentials], Value: [false]
[hdr] Access-Control-Allow-Headers: authorization, content-type, depth, overwrite, destination, range, if, lock-token, timeout
Header Name: [access-control-allow-headers], Value: [authorization, content-type, depth, overwrite, destination, range, if, lock-token, timeout]
[hdr] Access-Control-Allow-Methods: OPTIONS, PROPFIND, PROPPATCH, MKCOL, GET, HEAD, PUT, DELETE, COPY, MOVE, LOCK, UNLOCK
Header Name: [access-control-allow-methods], Value: [OPTIONS, PROPFIND, PROPPATCH, MKCOL, GET, HEAD, PUT, DELETE, COPY, MOVE, LOCK, UNLOCK]
[hdr] Access-Control-Expose-Headers: content-type, content-length, dav, etag, last-modified, location, date, content-range, lock-token
Header Name: [access-control-expose-headers], Value: [content-type, content-length, dav, etag, last-modified, location, date, content-range, lock-token]
[hdr] Access-Control-Max-Age: 86400
Header Name: [access-control-max-age], Value: [86400]
[hdr] 
End of headers.
Running post_headers hooks
Reading 758 bytes of response body.
Got 758 bytes.
Read block (758 bytes):
[<?xml version="1.0" encoding="utf-8"?>
<multistatus xmlns="DAV:">
	<response>
		<href>/litmus/prop2</href>
		<propstat>
			<prop>
				<prop5 xmlns="http://example.com/neon/litmus/" />
				<prop6 xmlns="http://example.com/neon/litmus/" />
				<prop7 xmlns="http://example.com/neon/litmus/" />
				<prop8 xmlns="http://example.com/neon/litmus/" />
				<prop9 xmlns="http://example.com/neon/litmus/" />
				<prop0 xmlns="http://example.com/neon/litmus/" />
				<prop1 xmlns="http://example.com/neon/litmus/" />
				<prop2 xmlns="http://example.com/neon/litmus/" />
				<prop3 xmlns="http://example.com/neon/litmus/" />
				<prop4 xmlns="http://example.com/neon/litmus/" />
			</prop>
			<status>HTTP/1.1 200 OK</status>
		</propstat>
	</response>
</multistatus>]
XML: Parsing 758 bytes.
XML: start-element (0, {DAV:, multistatus}) => 1
XML: char-data (1) returns 0
XML: start-element (1, {DAV:, response}) => 2
XML: char-data (2) returns 0
XML: start-element (2, {DAV:, href}) => 4
XML: char-data (4) returns 0
XML: end-element (4, {DAV:, href})
XML: char-data (2) returns 0
XML: start-element (2, {DAV:, propstat}) => 7
XML: char-data (7) returns 0
XML: start-element (7, {DAV:, prop}) => 50
XML: char-data (50) returns 0
XML: start-element (50, {http://example.com/neon/litmus/, prop5}) => 0
XML: end-element (0, {http://example.com/neon/litmus/, prop5})
XML: char-data (50) returns 0
XML: start-element (50, {http://example.com/neon/litmus/, prop6}) => 0
XML: end-element (0, {http://example.com/neon/litmus/, prop6})
XML: char-data (50) returns 0
XML: start-element (50, {http://example.com/neon/litmus/, prop7}) => 0
XML: end-element (0, {http://example.com/neon/litmus/, prop7})
XML: char-data (50) returns 0
XML: start-element (50, {http://example.com/neon/litmus/, prop8}) => 0
XML: end-element (0, {http://example.com/neon/litmus/, prop8})
XML: char-data (50) returns 0
XML: start-element (50, {http://example.com/neon/litmus/, prop9}) => 0
XML: end-element (0, {http://example.com/neon/litmus/, prop9})
XML: char-data (50) returns 0
XML: start-element (50, {http://example.com/neon/litmus/, prop0}) => 0
XML: end-element (0, {http://example.com/neon/litmus/, prop0})
XML: char-data (50) returns 0
XML: start-element (50, {http://example.com/neon/litmus/, prop1}) => 0
XML: end-element (0, {http://example.com/neon/litmus/, prop1})
XML: char-data (50) returns 0
XML: start-element (50, {http://example.com/neon/litmus/, prop2}) => 0
XML: end-element (0, {http://example.com/neon/litmus/, prop2})
XML: char-data (50) returns 0
XML: start-element (50, {http://example.com/neon/litmus/, prop3}) => 0
XML: end-element (0, {http://example.com/neon/litmus/, prop3})
XML: char-data (50) returns 0
XML: start-element (50, {http://example.com/neon/litmus/, prop4}) => 0
XML: end-element (0, {http://example.com/neon/litmus/, prop4})
XML: char-data (50) returns 0
XML: end-element (50, {DAV:, prop})
XML: char-data (7) returns 0
XML: start-element (7, {DAV:, status}) => 6
XML: char-data (6) returns 0
Decoded status line: HTTP/1.1 200 OK
XML: end-element (6, {DAV:, status})
XML: char-data (7) returns 0
XML: end-element (7, {DAV:, propstat})
XML: char-data (2) returns 0
XML: end-element (2, {DAV:, response})
XML: char-data (1) returns 0
XML: end-element (1, {DAV:, multistatus})
XML: xmlParseChunk returned 0
XML: End of document.
XML: xmlParseChunk returned 0
Running post_send hooks
auth: Post-send (#0), code is 207 (want 401), WWW-Authenticate is (none)
Running destroy hooks.
Request ends.
******* Running test 14: propget ********
auth: Create for WWW-Authenticate
Running pre_send hooks
auth: Sending 'Basic' response.
auth: '/litmus/prop2' is inside auth domain: 1.
Sending request headers:
PROPFIND /litmus/prop2 HTTP/1.1
User-Agent: litmus/0.13 neon/0.33.0
Connection: TE
TE: trailers
Host: 127.0.0.1:8787
Depth: 0
Content-Length: 578
Content-Type: application/xml
Authorization: Basic dGVzdDp0ZXN0
X-Litmus: props: 14 (propget)

Sending request-line and headers:
Sending request body:
Body block (578 bytes):
[<?xml version="1.0" encoding="utf-8"?>
<propfind xmlns="DAV:"><prop>
<prop0 xmlns="http://example.com/neon/litmus/"/>
<prop1 xmlns="http://example.com/neon/litmus/"/>
<prop2 xmlns="http://example.com/neon/litmus/"/>
<prop3 xmlns="http://example.com/neon/litmus/"/>
<prop4 xmlns="http://example.com/neon/litmus/"/>
<prop5 xmlns="http://example.com/neon/litmus/"/>
<prop6 xmlns="http://example.com/neon/litmus/"/>
<prop7 xmlns="http://example.com/neon/litmus/"/>
<prop8 xmlns="http://example.com/neon/litmus/"/>
<prop9 xmlns="http://example.com/neon/litmus/"/>
</prop></propfind>
]
Request sent; retry is 1.
[status-line] < HTTP/1.1 207 Multi-Status
[hdr] Content-Length: 923
Header Name: [content-length], Value: [923]
[hdr] Content-Type: application/xml; charset=utf-8
Header Name: [content-type], Value: [application/xml; charset=utf-8]
[hdr] Access-Control-Allow-Origin: *
Header Name: [access-control-allow-origin], Value: [*]
[hdr] Access-Control-Allow-Credentials: false
Header Name: [access-control-allow-credentials], Value: [false]
[hdr] Access-Control-Allow-Headers: authorization, content-type, depth, overwrite, destination, range, if, lock-token, timeout
Header Name: [access-control-allow-headers], Value: [authorization, content-type, depth, overwrite, destination, range, if, lock-token, timeout]
[hdr] Access-Control-Allow-Methods: OPTIONS, PROPFIND, PROPPATCH, MKCOL, GET, HEAD, PUT, DELETE, COPY, MOVE, LOCK, UNLOCK
Header Name: [access-control-allow-methods], Value: [OPTIONS, PROPFIND, PROPPATCH, MKCOL, GET, HEAD, PUT, DELETE, COPY, MOVE, LOCK, UNLOCK]
[hdr] Access-Control-Expose-Headers: content-type, content-length, dav, etag, last-modified, location, date, content-range, lock-token
Header Name: [access-control-expose-headers], Value: [content-type, content-length, dav, etag, last-modified, location, date, content-range, lock-token]
[hdr] Access-Control-Max-Age: 86400
Header Name: [access-control-max-age], Value: [86400]
[hdr] 
End of headers.
Running post_headers hooks
Reading 923 bytes of response body.
Got 923 bytes.
Read block (923 bytes):
[<?xml version="1.0" encoding="utf-8"?>
<multistatus xmlns="DAV:">
	<response>
		<href>/litmus/prop2</href>
		<propstat>
			<prop>
			<prop5 xmlns="http://example.com/neon/litmus/">newvalue5</prop5>
				<prop6 xmlns="http://example.com/neon/litmus/">newvalue6</prop6>
				<prop7 xmlns="http://example.com/neon/litmus/">newvalue7</prop7>
				<prop8 xmlns="http://example.com/neon/litmus/">newvalue8</prop8>
				<prop9 xmlns="http://example.com/neon/litmus/">newvalue9</prop9>
			</prop>
			<status>HTTP/1.1 200 OK</status>
		</propstat>
		<propstat>
			<prop>
			<prop0 xmlns="http://example.com/neon/litmus/" />
				<prop1 xmlns="http://example.com/neon/litmus/" />
				<prop2 xmlns="http://example.com/neon/litmus/" />
				<prop3 xmlns="http://example.com/neon/litmus/" />
				<prop4 xmlns="http://example.com/neon/litmus/" />
			</prop>
			<status>HTTP/1.1 404 Not Found</status>
		</propstat>
	</response>
</multistatus>
]
XML: Parsing 923 bytes.
XML: start-element (0, {DAV:, multistatus}) => 1
XML: char-data (1) returns 0
XML: start-element (1, {DAV:, response}) => 2
XML: char-data (2) returns 0
XML: start-element (2, {DAV:, href}) => 4
XML: char-data (4) returns 0
XML: end-element (4, {DAV:, href})
XML: char-data (2) returns 0
XML: start-element (2, {DAV:, propstat}) => 7
XML: char-data (7) returns 0
XML: start-element (7, {DAV:, prop}) => 50
XML: char-data (50) returns 0
Got property #0: {http://example.com/neon/litmus/}prop5.
XML: start-element (50, {http://example.com/neon/litmus/, prop5}) => 99
XML: char-data (99) returns 0
XML: end-element (99, {http://example.com/neon/litmus/, prop5})
XML: char-data (50) returns 0
Got property #1: {http://example.com/neon/litmus/}prop6.
XML: start-element (50, {http://example.com/neon/litmus/, prop6}) => 99
XML: char-data (99) returns 0
XML: end-element (99, {http://example.com/neon/litmus/, prop6})
XML: char-data (50) returns 0
Got property #2: {http://example.com/neon/litmus/}prop7.
XML: start-element (50, {http://example.com/neon/litmus/, prop7}) => 99
XML: char-data (99) returns 0
XML: end-element (99, {http://example.com/neon/litmus/, prop7})
XML: char-data (50) returns 0
Got property #3: {http://example.com/neon/litmus/}prop8.
XML: start-element (50, {http://example.com/neon/litmus/, prop8}) => 99
XML: char-data (99) returns 0
XML: end-element (99, {http://example.com/neon/litmus/, prop8})
XML: char-data (50) returns 0
Got property #4: {http://example.com/neon/litmus/}prop9.
XML: start-element (50, {http://example.com/neon/litmus/, prop9}) => 99
XML: char-data (99) returns 0
XML: end-element (99, {http://example.com/neon/litmus/, prop9})
XML: char-data (50) returns 0
XML: end-element (50, {DAV:, prop})
XML: char-data (7) returns 0
XML: start-element (7, {DAV:, status}) => 6
XML: char-data (6) returns 0
Decoded status line: HTTP/1.1 200 OK
XML: end-element (6, {DAV:, status})
XML: char-data (7) returns 0
XML: end-element (7, {DAV:, propstat})
XML: char-data (2) returns 0
XML: start-element (2, {DAV:, propstat}) => 7
XML: char-data (7) returns 0
XML: start-element (7, {DAV:, prop}) => 50
XML: char-data (50) returns 0
Got property #0: {http://example.com/neon/litmus/}prop0.
XML: start-element (50, {http://example.com/neon/litmus/, prop0}) => 99
XML: end-element (99, {http://example.com/neon/litmus/, prop0})
XML: char-data (50) returns 0
Got property #1: {http://example.com/neon/litmus/}prop1.
XML: start-element (50, {http://example.com/neon/litmus/, prop1}) => 99
XML: end-element (99, {http://example.com/neon/litmus/, prop1})
XML: char-data (50) returns 0
Got property #2: {http://example.com/neon/litmus/}prop2.
XML: start-element (50, {http://example.com/neon/litmus/, prop2}) => 99
XML: end-element (99, {http://example.com/neon/litmus/, prop2})
XML: char-data (50) returns 0
Got property #3: {http://example.com/neon/litmus/}prop3.
XML: start-element (50, {http://example.com/neon/litmus/, prop3}) => 99
XML: end-element (99, {http://example.com/neon/litmus/, prop3})
XML: char-data (50) returns 0
Got property #4: {http://example.com/neon/litmus/}prop4.
XML: start-element (50, {http://example.com/neon/litmus/, prop4}) => 99
XML: end-element (99, {http://example.com/neon/litmus/, prop4})
XML: char-data (50) returns 0
XML: end-element (50, {DAV:, prop})
XML: char-data (7) returns 0
XML: start-element (7, {DAV:, status}) => 6
XML: char-data (6) returns 0
Decoded status line: HTTP/1.1 404 Not Found
XML: end-element (6, {DAV:, status})
XML: char-data (7) returns 0
XML: end-element (7, {DAV:, propstat})
XML: char-data (2) returns 0
XML: end-element (2, {DAV:, response})
XML: char-data (1) returns 0
XML: end-element (1, {DAV:, multistatus})
XML: xmlParseChunk returned 0
XML: End of document.
XML: xmlParseChunk returned 0
Running post_send hooks
auth: Post-send (#0), code is 207 (want 401), WWW-Authenticate is (none)
Request ends, status 207 class 2xx, error line:
207 Multi-Status
Running destroy hooks.
Request ends.
******* Running test 15: propnullns ********
auth: Create for WWW-Authenticate
Running pre_send hooks
auth: Sending 'Basic' response.
auth: '/litmus/prop2' is inside auth domain: 1.
Sending request headers:
PROPPATCH /litmus/prop2 HTTP/1.1
User-Agent: litmus/0.13 neon/0.33.0
Connection: TE
TE: trailers
Host: 127.0.0.1:8787
Content-Length: 156
Authorization: Basic dGVzdDp0ZXN0
X-Litmus: props: 15 (propnullns)

Sending request-line and headers:
Sending request body:
Body block (156 bytes):
[<?xml version="1.0" encoding="utf-8" ?><propertyupdate xmlns="DAV:"><set><prop><nonamespace xmlns="">randomvalue</nonamespace></prop></set></propertyupdate>]
Request sent; retry is 1.
[status-line] < HTTP/1.1 207 Multi-Status
[hdr] Content-Length: 247
Header Name: [content-length], Value: [247]
[hdr] Content-Type: application/xml; charset=utf-8
Header Name: [content-type], Value: [application/xml; charset=utf-8]
[hdr] Access-Control-Allow-Origin: *
Header Name: [access-control-allow-origin], Value: [*]
[hdr] Access-Control-Allow-Credentials: false
Header Name: [access-control-allow-credentials], Value: [false]
[hdr] Access-Control-Allow-Headers: authorization, content-type, depth, overwrite, destination, range, if, lock-token, timeout
Header Name: [access-control-allow-headers], Value: [authorization, content-type, depth, overwrite, destination, range, if, lock-token, timeout]
[hdr] Access-Control-Allow-Methods: OPTIONS, PROPFIND, PROPPATCH, MKCOL, GET, HEAD, PUT, DELETE, COPY, MOVE, LOCK, UNLOCK
Header Name: [access-control-allow-methods], Value: [OPTIONS, PROPFIND, PROPPATCH, MKCOL, GET, HEAD, PUT, DELETE, COPY, MOVE, LOCK, UNLOCK]
[hdr] Access-Control-Expose-Headers: content-type, content-length, dav, etag, last-modified, location, date, content-range, lock-token
Header Name: [access-control-expose-headers], Value: [content-type, content-length, dav, etag, last-modified, location, date, content-range, lock-token]
[hdr] Access-Control-Max-Age: 86400
Header Name: [access-control-max-age], Value: [86400]
[hdr] 
End of headers.
Running post_headers hooks
Reading 247 bytes of response body.
Got 247 bytes.
Read block (247 bytes):
[<?xml version="1.0" encoding="utf-8"?>
<multistatus xmlns="DAV:">
	<response>
		<href>/litmus/prop2</href>
		<propstat>
			<prop>
				<nonamespace xmlns="" />
			</prop>
			<status>HTTP/1.1 200 OK</status>
		</propstat>
	</response>
</multistatus>]
Running post_send hooks
auth: Post-send (#0), code is 207 (want 401), WWW-Authenticate is (none)
Request ends, status 207 class 2xx, error line:
207 Multi-Status
Running destroy hooks.
Request ends.
******* Running test 16: propget ********
auth: Create for WWW-Authenticate
Running pre_send hooks
auth: Sending 'Basic' response.
auth: '/litmus/prop2' is inside auth domain: 1.
Sending request headers:
PROPFIND /litmus/prop2 HTTP/1.1
User-Agent: litmus/0.13 neon/0.33.0
Connection: TE
TE: trailers
Host: 127.0.0.1:8787
Depth: 0
Content-Length: 112
Content-Type: application/xml
Authorization: Basic dGVzdDp0ZXN0
X-Litmus: props: 16 (propget)

Sending request-line and headers:
Sending request body:
Body block (112 bytes):
[<?xml version="1.0" encoding="utf-8"?>
<propfind xmlns="DAV:"><prop>
<nonamespace xmlns=""/>
</prop></propfind>
]
Request sent; retry is 1.
[status-line] < HTTP/1.1 207 Multi-Status
[hdr] Content-Length: 270
Header Name: [content-length], Value: [270]
[hdr] Content-Type: application/xml; charset=utf-8
Header Name: [content-type], Value: [application/xml; charset=utf-8]
[hdr] Access-Control-Allow-Origin: *
Header Name: [access-control-allow-origin], Value: [*]
[hdr] Access-Control-Allow-Credentials: false
Header Name: [access-control-allow-credentials], Value: [false]
[hdr] Access-Control-Allow-Headers: authorization, content-type, depth, overwrite, destination, range, if, lock-token, timeout
Header Name: [access-control-allow-headers], Value: [authorization, content-type, depth, overwrite, destination, range, if, lock-token, timeout]
[hdr] Access-Control-Allow-Methods: OPTIONS, PROPFIND, PROPPATCH, MKCOL, GET, HEAD, PUT, DELETE, COPY, MOVE, LOCK, UNLOCK
Header Name: [access-control-allow-methods], Value: [OPTIONS, PROPFIND, PROPPATCH, MKCOL, GET, HEAD, PUT, DELETE, COPY, MOVE, LOCK, UNLOCK]
[hdr] Access-Control-Expose-Headers: content-type, content-length, dav, etag, last-modified, location, date, content-range, lock-token
Header Name: [access-control-expose-headers], Value: [content-type, content-length, dav, etag, last-modified, location, date, content-range, lock-token]
[hdr] Access-Control-Max-Age: 86400
Header Name: [access-control-max-age], Value: [86400]
[hdr] 
End of headers.
Running post_headers hooks
Reading 270 bytes of response body.
Got 270 bytes.
Read block (270 bytes):
[<?xml version="1.0" encoding="utf-8"?>
<multistatus xmlns="DAV:">
	<response>
		<href>/litmus/prop2</href>
		<propstat>
			<prop>
			<nonamespace xmlns="">randomvalue</nonamespace>
			</prop>
			<status>HTTP/1.1 200 OK</status>
		</propstat>
	</response>
</multistatus>
]
XML: Parsing 270 bytes.
XML: start-element (0, {DAV:, multistatus}) => 1
XML: char-data (1) returns 0
XML: start-element (1, {DAV:, response}) => 2
XML: char-data (2) returns 0
XML: start-element (2, {DAV:, href}) => 4
XML: char-data (4) returns 0
XML: end-element (4, {DAV:, href})
XML: char-data (2) returns 0
XML: start-element (2, {DAV:, propstat}) => 7
XML: char-data (7) returns 0
XML: start-element (7, {DAV:, prop}) => 50
XML: char-data (50) returns 0
Got property #0: {}nonamespace.
XML: start-element (50, {, nonamespace}) => 99
XML: char-data (99) returns 0
XML: end-element (99, {, nonamespace})
XML: char-data (50) returns 0
XML: end-element (50, {DAV:, prop})
XML: char-data (7) returns 0
XML: start-element (7, {DAV:, status}) => 6
XML: char-data (6) returns 0
Decoded status line: HTTP/1.1 200 OK
XML: end-element (6, {DAV:, status})
XML: char-data (7) returns 0
XML: end-element (7, {DAV:, propstat})
XML: char-data (2) returns 0
XML: end-element (2, {DAV:, response})
XML: char-data (1) returns 0
XML: end-element (1, {DAV:, multistatus})
XML: xmlParseChunk returned 0
XML: End of document.
XML: xmlParseChunk returned 0
Running post_send hooks
auth: Post-send (#0), code is 207 (want 401), WWW-Authenticate is (none)
Request ends, status 207 class 2xx, error line:
207 Multi-Status
Running destroy hooks.
Request ends.
******* Running test 17: prophighunicode ********
auth: Create for WWW-Authenticate
Running pre_send hooks
auth: Sending 'Basic' response.
auth: '/litmus/prop2' is inside auth domain: 1.
Sending request headers:
PROPPATCH /litmus/prop2 HTTP/1.1
User-Agent: litmus/0.13 neon/0.33.0
Connection: TE
TE: trailers
Host: 127.0.0.1:8787
Content-Length: 186
Authorization: Basic dGVzdDp0ZXN0
X-Litmus: props: 17 (prophighunicode)

Sending request-line and headers:
Sending request body:
Body block (186 bytes):
[<?xml version="1.0" encoding="utf-8" ?><propertyupdate xmlns='DAV:'><set><prop><high-unicode xmlns='http://example.com/neon/litmus/'>&#65536;</high-unicode></prop></set></propertyupdate>]
Request sent; retry is 1.
[status-line] < HTTP/1.1 207 Multi-Status
[hdr] Content-Length: 279
Header Name: [content-length], Value: [279]
[hdr] Content-Type: application/xml; charset=utf-8
Header Name: [content-type], Value: [application/xml; charset=utf-8]
[hdr] Access-Control-Allow-Origin: *
Header Name: [access-control-allow-origin], Value: [*]
[hdr] Access-Control-Allow-Credentials: false
Header Name: [access-control-allow-credentials], Value: [false]
[hdr] Access-Control-Allow-Headers: authorization, content-type, depth, overwrite, destination, range, if, lock-token, timeout
Header Name: [access-control-allow-headers], Value: [authorization, content-type, depth, overwrite, destination, range, if, lock-token, timeout]
[hdr] Access-Control-Allow-Methods: OPTIONS, PROPFIND, PROPPATCH, MKCOL, GET, HEAD, PUT, DELETE, COPY, MOVE, LOCK, UNLOCK
Header Name: [access-control-allow-methods], Value: [OPTIONS, PROPFIND, PROPPATCH, MKCOL, GET, HEAD, PUT, DELETE, COPY, MOVE, LOCK, UNLOCK]
[hdr] Access-Control-Expose-Headers: content-type, content-length, dav, etag, last-modified, location, date, content-range, lock-token
Header Name: [access-control-expose-headers], Value: [content-type, content-length, dav, etag, last-modified, location, date, content-range, lock-token]
[hdr] Access-Control-Max-Age: 86400
Header Name: [access-control-max-age], Value: [86400]
[hdr] 
End of headers.
Running post_headers hooks
Reading 279 bytes of response body.
Got 279 bytes.
Read block (279 bytes):
[<?xml version="1.0" encoding="utf-8"?>
<multistatus xmlns="DAV:">
	<response>
		<href>/litmus/prop2</href>
		<propstat>
			<prop>
				<high-unicode xmlns="http://example.com/neon/litmus/" />
			</prop>
			<status>HTTP/1.1 200 OK</status>
		</propstat>
	</response>
</multistatus>]
Running post_send hooks
auth: Post-send (#0), code is 207 (want 401), WWW-Authenticate is (none)
Request ends, status 207 class 2xx, error line:
207 Multi-Status
Running destroy hooks.
Request ends.
******* Running test 18: propget ********
auth: Create for WWW-Authenticate
Running pre_send hooks
auth: Sending 'Basic' response.
auth: '/litmus/prop2' is inside auth domain: 1.
Sending request headers:
PROPFIND /litmus/prop2 HTTP/1.1
User-Agent: litmus/0.13 neon/0.33.0
Connection: TE
TE: trailers
Host: 127.0.0.1:8787
Depth: 0
Content-Length: 144
Content-Type: application/xml
Authorization: Basic dGVzdDp0ZXN0
X-Litmus: props: 18 (propget)

Sending request-line and headers:
Sending request body:
Body block (144 bytes):
[<?xml version="1.0" encoding="utf-8"?>
<propfind xmlns="DAV:"><prop>
<high-unicode xmlns="http://example.com/neon/litmus/"/>
</prop></propfind>
]
Request sent; retry is 1.
[status-line] < HTTP/1.1 207 Multi-Status
[hdr] Content-Length: 296
Header Name: [content-length], Value: [296]
[hdr] Content-Type: application/xml; charset=utf-8
Header Name: [content-type], Value: [application/xml; charset=utf-8]
[hdr] Access-Control-Allow-Origin: *
Header Name: [access-control-allow-origin], Value: [*]
[hdr] Access-Control-Allow-Credentials: false
Header Name: [access-control-allow-credentials], Value: [false]
[hdr] Access-Control-Allow-Headers: authorization, content-type, depth, overwrite, destination, range, if, lock-token, timeout
Header Name: [access-control-allow-headers], Value: [authorization, content-type, depth, overwrite, destination, range, if, lock-token, timeout]
[hdr] Access-Control-Allow-Methods: OPTIONS, PROPFIND, PROPPATCH, MKCOL, GET, HEAD, PUT, DELETE, COPY, MOVE, LOCK, UNLOCK
Header Name: [access-control-allow-methods], Value: [OPTIONS, PROPFIND, PROPPATCH, MKCOL, GET, HEAD, PUT, DELETE, COPY, MOVE, LOCK, UNLOCK]
[hdr] Access-Control-Expose-Headers: content-type, content-length, dav, etag, last-modified, location, date, content-range, lock-token
Header Name: [access-control-expose-headers], Value: [content-type, content-length, dav, etag, last-modified, location, date, content-range, lock-token]
[hdr] Access-Control-Max-Age: 86400
Header Name: [access-control-max-age], Value: [86400]
[hdr] 
End of headers.
Running post_headers hooks
Reading 296 bytes of response body.
Got 296 bytes.
Read block (296 bytes):
[<?xml version="1.0" encoding="utf-8"?>
<multistatus xmlns="DAV:">
	<response>
		<href>/litmus/prop2</href>
		<propstat>
			<prop>
			<high-unicode xmlns="http://example.com/neon/litmus/">𐀀</high-unicode>
			</prop>
			<status>HTTP/1.1 200 OK</status>
		</propstat>
	</response>
</multistatus>
]
XML: Parsing 296 bytes.
XML: start-element (0, {DAV:, multistatus}) => 1
XML: char-data (1) returns 0
XML: start-element (1, {DAV:, response}) => 2
XML: char-data (2) returns 0
XML: start-element (2, {DAV:, href}) => 4
XML: char-data (4) returns 0
XML: end-element (4, {DAV:, href})
XML: char-data (2) returns 0
XML: start-element (2, {DAV:, propstat}) => 7
XML: char-data (7) returns 0
XML: start-element (7, {DAV:, prop}) => 50
XML: char-data (50) returns 0
Got property #0: {http://example.com/neon/litmus/}high-unicode.
XML: start-element (50, {http://example.com/neon/litmus/, high-unicode}) => 99
XML: char-data (99) returns 0
XML: end-element (99, {http://example.com/neon/litmus/, high-unicode})
XML: char-data (50) returns 0
XML: end-element (50, {DAV:, prop})
XML: char-data (7) returns 0
XML: start-element (7, {DAV:, status}) => 6
XML: char-data (6) returns 0
Decoded status line: HTTP/1.1 200 OK
XML: end-element (6, {DAV:, status})
XML: char-data (7) returns 0
XML: end-element (7, {DAV:, propstat})
XML: char-data (2) returns 0
XML: end-element (2, {DAV:, response})
XML: char-data (1) returns 0
XML: end-element (1, {DAV:, multistatus})
XML: xmlParseChunk returned 0
XML: End of document.
XML: xmlParseChunk returned 0
Running post_send hooks
auth: Post-send (#0), code is 207 (want 401), WWW-Authenticate is (none)
Request ends, status 207 class 2xx, error line:
207 Multi-Status
Running destroy hooks.
Request ends.
******* Running test 19: propremoveset ********
auth: Create for WWW-Authenticate
Running pre_send hooks
auth: Sending 'Basic' response.
auth: '/litmus/prop2' is inside auth domain: 1.
Sending request headers:
PROPPATCH /litmus/prop2 HTTP/1.1
User-Agent: litmus/0.13 neon/0.33.0
Connection: TE
TE: trailers
Host: 127.0.0.1:8787
Content-Length: 343
Authorization: Basic dGVzdDp0ZXN0
X-Litmus: props: 19 (propremoveset)

Sending request-line and headers:
Sending request body:
Body block (343 bytes):
[<?xml version="1.0" encoding="utf-8" ?><propertyupdate xmlns='DAV:'><remove><prop><removeset xmlns='http://example.com/neon/litmus/'/></prop></remove><set><prop><removeset xmlns='http://example.com/neon/litmus/'>x</removeset></prop></set><set><prop><removeset xmlns='http://example.com/neon/litmus/'>y</removeset></prop></set></propertyupdate>]
Request sent; retry is 1.
[status-line] < HTTP/1.1 207 Multi-Status
[hdr] Content-Length: 392
Header Name: [content-length], Value: [392]
[hdr] Content-Type: application/xml; charset=utf-8
Header Name: [content-type], Value: [application/xml; charset=utf-8]
[hdr] Access-Control-Allow-Origin: *
Header Name: [access-control-allow-origin], Value: [*]
[hdr] Access-Control-Allow-Credentials: false
Header Name: [access-control-allow-credentials], Value: [false]
[hdr] Access-Control-Allow-Headers: authorization, content-type, depth, overwrite, destination, range, if, lock-token, timeout
Header Name: [access-control-allow-headers], Value: [authorization, content-type, depth, overwrite, destination, range, if, lock-token, timeout]
[hdr] Access-Control-Allow-Methods: OPTIONS, PROPFIND, PROPPATCH, MKCOL, GET, HEAD, PUT, DELETE, COPY, MOVE, LOCK, UNLOCK
Header Name: [access-control-allow-methods], Value: [OPTIONS, PROPFIND, PROPPATCH, MKCOL, GET, HEAD, PUT, DELETE, COPY, MOVE, LOCK, UNLOCK]
[hdr] Access-Control-Expose-Headers: content-type, content-length, dav, etag, last-modified, location, date, content-range, lock-token
Header Name: [access-control-expose-headers], Value: [content-type, content-length, dav, etag, last-modified, location, date, content-range, lock-token]
[hdr] Access-Control-Max-Age: 86400
Header Name: [access-control-max-age], Value: [86400]
[hdr] 
End of headers.
Running post_headers hooks
Reading 392 bytes of response body.
Got 392 bytes.
Read block (392 bytes):
[<?xml version="1.0" encoding="utf-8"?>
<multistatus xmlns="DAV:">
	<response>
		<href>/litmus/prop2</href>
		<propstat>
			<prop>
				<removeset xmlns="http://example.com/neon/litmus/" />
				<removeset xmlns="http://example.com/neon/litmus/" />
				<removeset xmlns="http://example.com/neon/litmus/" />
			</prop>
			<status>HTTP/1.1 200 OK</status>
		</propstat>
	</response>
</multistatus>]
Running post_send hooks
auth: Post-send (#0), code is 207 (want 401), WWW-Authenticate is (none)
Request ends, status 207 class 2xx, error line:
207 Multi-Status
Running destroy hooks.
Request ends.
******* Running test 20: propget ********
auth: Create for WWW-Authenticate
Running pre_send hooks
auth: Sending 'Basic' response.
auth: '/litmus/prop2' is inside auth domain: 1.
Sending request headers:
PROPFIND /litmus/prop2 HTTP/1.1
User-Agent: litmus/0.13 neon/0.33.0
Connection: TE
TE: trailers
Host: 127.0.0.1:8787
Depth: 0
Content-Length: 141
Content-Type: application/xml
Authorization: Basic dGVzdDp0ZXN0
X-Litmus: props: 20 (propget)

Sending request-line and headers:
Sending request body:
Body block (141 bytes):
[<?xml version="1.0" encoding="utf-8"?>
<propfind xmlns="DAV:"><prop>
<removeset xmlns="http://example.com/neon/litmus/"/>
</prop></propfind>
]
Request sent; retry is 1.
[status-line] < HTTP/1.1 207 Multi-Status
[hdr] Content-Length: 287
Header Name: [content-length], Value: [287]
[hdr] Content-Type: application/xml; charset=utf-8
Header Name: [content-type], Value: [application/xml; charset=utf-8]
[hdr] Access-Control-Allow-Origin: *
Header Name: [access-control-allow-origin], Value: [*]
[hdr] Access-Control-Allow-Credentials: false
Header Name: [access-control-allow-credentials], Value: [false]
[hdr] Access-Control-Allow-Headers: authorization, content-type, depth, overwrite, destination, range, if, lock-token, timeout
Header Name: [access-control-allow-headers], Value: [authorization, content-type, depth, overwrite, destination, range, if, lock-token, timeout]
[hdr] Access-Control-Allow-Methods: OPTIONS, PROPFIND, PROPPATCH, MKCOL, GET, HEAD, PUT, DELETE, COPY, MOVE, LOCK, UNLOCK
Header Name: [access-control-allow-methods], Value: [OPTIONS, PROPFIND, PROPPATCH, MKCOL, GET, HEAD, PUT, DELETE, COPY, MOVE, LOCK, UNLOCK]
[hdr] Access-Control-Expose-Headers: content-type, content-length, dav, etag, last-modified, location, date, content-range, lock-token
Header Name: [access-control-expose-headers], Value: [content-type, content-length, dav, etag, last-modified, location, date, content-range, lock-token]
[hdr] Access-Control-Max-Age: 86400
Header Name: [access-control-max-age], Value: [86400]
[hdr] 
End of headers.
Running post_headers hooks
Reading 287 bytes of response body.
Got 287 bytes.
Read block (287 bytes):
[<?xml version="1.0" encoding="utf-8"?>
<multistatus xmlns="DAV:">
	<response>
		<href>/litmus/prop2</href>
		<propstat>
			<prop>
			<removeset xmlns="http://example.com/neon/litmus/">y</removeset>
			</prop>
			<status>HTTP/1.1 200 OK</status>
		</propstat>
	</response>
</multistatus>
]
XML: Parsing 287 bytes.
XML: start-element (0, {DAV:, multistatus}) => 1
XML: char-data (1) returns 0
XML: start-element (1, {DAV:, response}) => 2
XML: char-data (2) returns 0
XML: start-element (2, {DAV:, href}) => 4
XML: char-data (4) returns 0
XML: end-element (4, {DAV:, href})
XML: char-data (2) returns 0
XML: start-element (2, {DAV:, propstat}) => 7
XML: char-data (7) returns 0
XML: start-element (7, {DAV:, prop}) => 50
XML: char-data (50) returns 0
Got property #0: {http://example.com/neon/litmus/}removeset.
XML: start-element (50, {http://example.com/neon/litmus/, removeset}) => 99
XML: char-data (99) returns 0
XML: end-element (99, {http://example.com/neon/litmus/, removeset})
XML: char-data (50) returns 0
XML: end-element (50, {DAV:, prop})
XML: char-data (7) returns 0
XML: start-element (7, {DAV:, status}) => 6
XML: char-data (6) returns 0
Decoded status line: HTTP/1.1 200 OK
XML: end-element (6, {DAV:, status})
XML: char-data (7) returns 0
XML: end-element (7, {DAV:, propstat})
XML: char-data (2) returns 0
XML: end-element (2, {DAV:, response})
XML: char-data (1) returns 0
XML: end-element (1, {DAV:, multistatus})
XML: xmlParseChunk returned 0
XML: End of document.
XML: xmlParseChunk returned 0
Running post_send hooks
auth: Post-send (#0), code is 207 (want 401), WWW-Authenticate is (none)
Request ends, status 207 class 2xx, error line:
207 Multi-Status
Running destroy hooks.
Request ends.
******* Running test 21: propsetremove ********
auth: Create for WWW-Authenticate
Running pre_send hooks
auth: Sending 'Basic' response.
auth: '/litmus/prop2' is inside auth domain: 1.
Sending request headers:
PROPPATCH /litmus/prop2 HTTP/1.1
User-Agent: litmus/0.13 neon/0.33.0
Connection: TE
TE: trailers
Host: 127.0.0.1:8787
Content-Length: 255
Authorization: Basic dGVzdDp0ZXN0
X-Litmus: props: 21 (propsetremove)

Sending request-line and headers:
Sending request body:
Body block (255 bytes):
[<?xml version="1.0" encoding="utf-8" ?><propertyupdate xmlns='DAV:'><set><prop><removeset xmlns='http://example.com/neon/litmus/'>x</removeset></prop></set><remove><prop><removeset xmlns='http://example.com/neon/litmus/'/></prop></remove></propertyupdate>]
Request sent; retry is 1.
[status-line] < HTTP/1.1 207 Multi-Status
[hdr] Content-Length: 334
Header Name: [content-length], Value: [334]
[hdr] Content-Type: application/xml; charset=utf-8
Header Name: [content-type], Value: [application/xml; charset=utf-8]
[hdr] Access-Control-Allow-Origin: *
Header Name: [access-control-allow-origin], Value: [*]
[hdr] Access-Control-Allow-Credentials: false
Header Name: [access-control-allow-credentials], Value: [false]
[hdr] Access-Control-Allow-Headers: authorization, content-type, depth, overwrite, destination, range, if, lock-token, timeout
Header Name: [access-control-allow-headers], Value: [authorization, content-type, depth, overwrite, destination, range, if, lock-token, timeout]
[hdr] Access-Control-Allow-Methods: OPTIONS, PROPFIND, PROPPATCH, MKCOL, GET, HEAD, PUT, DELETE, COPY, MOVE, LOCK, UNLOCK
Header Name: [access-control-allow-methods], Value: [OPTIONS, PROPFIND, PROPPATCH, MKCOL, GET, HEAD, PUT, DELETE, COPY, MOVE, LOCK, UNLOCK]
[hdr] Access-Control-Expose-Headers: content-type, content-length, dav, etag, last-modified, location, date, content-range, lock-token
Header Name: [access-control-expose-headers], Value: [content-type, content-length, dav, etag, last-modified, location, date, content-range, lock-token]
[hdr] Access-Control-Max-Age: 86400
Header Name: [access-control-max-age], Value: [86400]
[hdr] 
End of headers.
Running post_headers hooks
Reading 334 bytes of response body.
Got 334 bytes.
Read block (334 bytes):
[<?xml version="1.0" encoding="utf-8"?>
<multistatus xmlns="DAV:">
	<response>
		<href>/litmus/prop2</href>
		<propstat>
			<prop>
				<removeset xmlns="http://example.com/neon/litmus/" />
				<removeset xmlns="http://example.com/neon/litmus/" />
			</prop>
			<status>HTTP/1.1 200 OK</status>
		</propstat>
	</response>
</multistatus>]
Running post_send hooks
auth: Post-send (#0), code is 207 (want 401), WWW-Authenticate is (none)
Request ends, status 207 class 2xx, error line:
207 Multi-Status
Running destroy hooks.
Request ends.
******* Running test 22: propget ********
auth: Create for WWW-Authenticate
Running pre_send hooks
auth: Sending 'Basic' response.
auth: '/litmus/prop2' is inside auth domain: 1.
Sending request headers:
PROPFIND /litmus/prop2 HTTP/1.1
User-Agent: litmus/0.13 neon/0.33.0
Connection: TE
TE: trailers
Host: 127.0.0.1:8787
Depth: 0
Content-Length: 141
Content-Type: application/xml
Authorization: Basic dGVzdDp0ZXN0
X-Litmus: props: 22 (propget)

Sending request-line and headers:
Sending request body:
Body block (141 bytes):
[<?xml version="1.0" encoding="utf-8"?>
<propfind xmlns="DAV:"><prop>
<removeset xmlns="http://example.com/neon/litmus/"/>
</prop></propfind>
]
Request sent; retry is 1.
[status-line] < HTTP/1.1 207 Multi-Status
[hdr] Content-Length: 283
Header Name: [content-length], Value: [283]
[hdr] Content-Type: application/xml; charset=utf-8
Header Name: [content-type], Value: [application/xml; charset=utf-8]
[hdr] Access-Control-Allow-Origin: *
Header Name: [access-control-allow-origin], Value: [*]
[hdr] Access-Control-Allow-Credentials: false
Header Name: [access-control-allow-credentials], Value: [false]
[hdr] Access-Control-Allow-Headers: authorization, content-type, depth, overwrite, destination, range, if, lock-token, timeout
Header Name: [access-control-allow-headers], Value: [authorization, content-type, depth, overwrite, destination, range, if, lock-token, timeout]
[hdr] Access-Control-Allow-Methods: OPTIONS, PROPFIND, PROPPATCH, MKCOL, GET, HEAD, PUT, DELETE, COPY, MOVE, LOCK, UNLOCK
Header Name: [access-control-allow-methods], Value: [OPTIONS, PROPFIND, PROPPATCH, MKCOL, GET, HEAD, PUT, DELETE, COPY, MOVE, LOCK, UNLOCK]
[hdr] Access-Control-Expose-Headers: content-type, content-length, dav, etag, last-modified, location, date, content-range, lock-token
Header Name: [access-control-expose-headers], Value: [content-type, content-length, dav, etag, last-modified, location, date, content-range, lock-token]
[hdr] Access-Control-Max-Age: 86400
Header Name: [access-control-max-age], Value: [86400]
[hdr] 
End of headers.
Running post_headers hooks
Reading 283 bytes of response body.
Got 283 bytes.
Read block (283 bytes):
[<?xml version="1.0" encoding="utf-8"?>
<multistatus xmlns="DAV:">
	<response>
		<href>/litmus/prop2</href>
		<propstat>
			<prop>
			<removeset xmlns="http://example.com/neon/litmus/" />
			</prop>
			<status>HTTP/1.1 404 Not Found</status>
		</propstat>
	</response>
</multistatus>
]
XML: Parsing 283 bytes.
XML: start-element (0, {DAV:, multistatus}) => 1
XML: char-data (1) returns 0
XML: start-element (1, {DAV:, response}) => 2
XML: char-data (2) returns 0
XML: start-element (2, {DAV:, href}) => 4
XML: char-data (4) returns 0
XML: end-element (4, {DAV:, href})
XML: char-data (2) returns 0
XML: start-element (2, {DAV:, propstat}) => 7
XML: char-data (7) returns 0
XML: start-element (7, {DAV:, prop}) => 50
XML: char-data (50) returns 0
Got property #0: {http://example.com/neon/litmus/}removeset.
XML: start-element (50, {http://example.com/neon/litmus/, removeset}) => 99
XML: end-element (99, {http://example.com/neon/litmus/, removeset})
XML: char-data (50) returns 0
XML: end-element (50, {DAV:, prop})
XML: char-data (7) returns 0
XML: start-element (7, {DAV:, status}) => 6
XML: char-data (6) returns 0
Decoded status line: HTTP/1.1 404 Not Found
XML: end-element (6, {DAV:, status})
XML: char-data (7) returns 0
XML: end-element (7, {DAV:, propstat})
XML: char-data (2) returns 0
XML: end-element (2, {DAV:, response})
XML: char-data (1) returns 0
XML: end-element (1, {DAV:, multistatus})
XML: xmlParseChunk returned 0
XML: End of document.
XML: xmlParseChunk returned 0
Running post_send hooks
auth: Post-send (#0), code is 207 (want 401), WWW-Authenticate is (none)
Request ends, status 207 class 2xx, error line:
207 Multi-Status
Running destroy hooks.
Request ends.
******* Running test 23: propvalnspace ********
auth: Create for WWW-Authenticate
Running pre_send hooks
auth: Sending 'Basic' response.
auth: '/litmus/prop2' is inside auth domain: 1.
Sending request headers:
PROPPATCH /litmus/prop2 HTTP/1.1
User-Agent: litmus/0.13 neon/0.33.0
Connection: TE
TE: trailers
Host: 127.0.0.1:8787
Content-Length: 203
Authorization: Basic dGVzdDp0ZXN0
X-Litmus: props: 23 (propvalnspace)

Sending request-line and headers:
Sending request body:
Body block (203 bytes):
[<?xml version="1.0" encoding="utf-8" ?><propertyupdate xmlns='DAV:'><set><prop><t:valnspace xmlns:t='http://example.com/neon/litmus/'><foo xmlns='http://bar'/></t:valnspace></prop></set></propertyupdate>]
Request sent; retry is 1.
[status-line] < HTTP/1.1 207 Multi-Status
[hdr] Content-Length: 280
Header Name: [content-length], Value: [280]
[hdr] Content-Type: application/xml; charset=utf-8
Header Name: [content-type], Value: [application/xml; charset=utf-8]
[hdr] Access-Control-Allow-Origin: *
Header Name: [access-control-allow-origin], Value: [*]
[hdr] Access-Control-Allow-Credentials: false
Header Name: [access-control-allow-credentials], Value: [false]
[hdr] Access-Control-Allow-Headers: authorization, content-type, depth, overwrite, destination, range, if, lock-token, timeout
Header Name: [access-control-allow-headers], Value: [authorization, content-type, depth, overwrite, destination, range, if, lock-token, timeout]
[hdr] Access-Control-Allow-Methods: OPTIONS, PROPFIND, PROPPATCH, MKCOL, GET, HEAD, PUT, DELETE, COPY, MOVE, LOCK, UNLOCK
Header Name: [access-control-allow-methods], Value: [OPTIONS, PROPFIND, PROPPATCH, MKCOL, GET, HEAD, PUT, DELETE, COPY, MOVE, LOCK, UNLOCK]
[hdr] Access-Control-Expose-Headers: content-type, content-length, dav, etag, last-modified, location, date, content-range, lock-token
Header Name: [access-control-expose-headers], Value: [content-type, content-length, dav, etag, last-modified, location, date, content-range, lock-token]
[hdr] Access-Control-Max-Age: 86400
Header Name: [access-control-max-age], Value: [86400]
[hdr] 
End of headers.
Running post_headers hooks
Reading 280 bytes of response body.
Got 280 bytes.
Read block (280 bytes):
[<?xml version="1.0" encoding="utf-8"?>
<multistatus xmlns="DAV:">
	<response>
		<href>/litmus/prop2</href>
		<propstat>
			<prop>
				<t:valnspace xmlns:t="http://example.com/neon/litmus/" />
			</prop>
			<status>HTTP/1.1 200 OK</status>
		</propstat>
	</response>
</multistatus>]
Running post_send hooks
auth: Post-send (#0), code is 207 (want 401), WWW-Authenticate is (none)
Request ends, status 207 class 2xx, error line:
207 Multi-Status
Running destroy hooks.
Request ends.
******* Running test 24: propwformed ********
auth: Create for WWW-Authenticate
Running pre_send hooks
auth: Sending 'Basic' response.
auth: '/litmus/prop2' is inside auth domain: 1.
Sending request headers:
PROPFIND /litmus/prop2 HTTP/1.1
User-Agent: litmus/0.13 neon/0.33.0
Connection: TE
TE: trailers
Host: 127.0.0.1:8787
Content-Length: 138
Authorization: Basic dGVzdDp0ZXN0
X-Litmus: props: 24 (propwformed)

Sending request-line and headers:
Sending request body:
Body block (138 bytes):
[<?xml version="1.0" encoding="utf-8" ?><propfind xmlns='DAV:'><prop><valnspace xmlns='http://example.com/neon/litmus/'/></prop></propfind>]
Request sent; retry is 1.
[status-line] < HTTP/1.1 207 Multi-Status
[hdr] Content-Length: 317
Header Name: [content-length], Value: [317]
[hdr] Content-Type: application/xml; charset=utf-8
Header Name: [content-type], Value: [application/xml; charset=utf-8]
[hdr] Access-Control-Allow-Origin: *
Header Name: [access-control-allow-origin], Value: [*]
[hdr] Access-Control-Allow-Credentials: false
Header Name: [access-control-allow-credentials], Value: [false]
[hdr] Access-Control-Allow-Headers: authorization, content-type, depth, overwrite, destination, range, if, lock-token, timeout
Header Name: [access-control-allow-headers], Value: [authorization, content-type, depth, overwrite, destination, range, if, lock-token, timeout]
[hdr] Access-Control-Allow-Methods: OPTIONS, PROPFIND, PROPPATCH, MKCOL, GET, HEAD, PUT, DELETE, COPY, MOVE, LOCK, UNLOCK
Header Name: [access-control-allow-methods], Value: [OPTIONS, PROPFIND, PROPPATCH, MKCOL, GET, HEAD, PUT, DELETE, COPY, MOVE, LOCK, UNLOCK]
[hdr] Access-Control-Expose-Headers: content-type, content-length, dav, etag, last-modified, location, date, content-range, lock-token
Header Name: [access-control-expose-headers], Value: [content-type, content-length, dav, etag, last-modified, location, date, content-range, lock-token]
[hdr] Access-Control-Max-Age: 86400
Header Name: [access-control-max-age], Value: [86400]
[hdr] 
End of headers.
Running post_headers hooks
Reading 317 bytes of response body.
Got 317 bytes.
Read block (317 bytes):
[<?xml version="1.0" encoding="utf-8"?>
<multistatus xmlns="DAV:">
	<response>
		<href>/litmus/prop2</href>
		<propstat>
			<prop>
			<t:valnspace xmlns:t="http://example.com/neon/litmus/"><foo xmlns="http://bar"/></t:valnspace>
			</prop>
			<status>HTTP/1.1 200 OK</status>
		</propstat>
	</response>
</multistatus>
]
XML: Parsing 317 bytes.
XML: start-element (0, {DAV:, multistatus}) => 0
XML: end-element (0, {DAV:, multistatus})
XML: xmlParseChunk returned 0
XML: End of document.
XML: xmlParseChunk returned 0
Running post_send hooks
auth: Post-send (#0), code is 207 (want 401), WWW-Authenticate is (none)
Request ends, status 207 class 2xx, error line:
207 Multi-Status
Running destroy hooks.
Request ends.
******* Running test 25: propinit ********
auth: Create for WWW-Authenticate
Running pre_send hooks
auth: Sending 'Basic' response.
auth: '/litmus/prop' is inside auth domain: 1.
Sending request headers:
DELETE /litmus/prop HTTP/1.1
User-Agent: litmus/0.13 neon/0.33.0
Connection: TE
TE: trailers
Host: 127.0.0.1:8787
Authorization: Basic dGVzdDp0ZXN0
X-Litmus: props: 25 (propinit)

Sending request-line and headers:
Request sent; retry is 1.
[status-line] < HTTP/1.1 404 Not Found
[hdr] Content-Length: 9
Header Name: [content-length], Value: [9]
[hdr] Content-Type: text/plain;charset=UTF-8
Header Name: [content-type], Value: [text/plain;charset=UTF-8]
[hdr] Access-Control-Allow-Origin: *
Header Name: [access-control-allow-origin], Value: [*]
[hdr] Access-Control-Allow-Credentials: false
Header Name: [access-control-allow-credentials], Value: [false]
[hdr] Access-Control-Allow-Headers: authorization, content-type, depth, overwrite, destination, range, if, lock-token, timeout
Header Name: [access-control-allow-headers], Value: [authorization, content-type, depth, overwrite, destination, range, if, lock-token, timeout]
[hdr] Access-Control-Allow-Methods: OPTIONS, PROPFIND, PROPPATCH, MKCOL, GET, HEAD, PUT, DELETE, COPY, MOVE, LOCK, UNLOCK
Header Name: [access-control-allow-methods], Value: [OPTIONS, PROPFIND, PROPPATCH, MKCOL, GET, HEAD, PUT, DELETE, COPY, MOVE, LOCK, UNLOCK]
[hdr] Access-Control-Expose-Headers: content-type, content-length, dav, etag, last-modified, location, date, content-range, lock-token
Header Name: [access-control-expose-headers], Value: [content-type, content-length, dav, etag, last-modified, location, date, content-range, lock-token]
[hdr] Access-Control-Max-Age: 86400
Header Name: [access-control-max-age], Value: [86400]
[hdr] 
End of headers.
Running post_headers hooks
Reading 9 bytes of response body.
Got 9 bytes.
Read block (9 bytes):
[Not Found]
Running post_send hooks
auth: Post-send (#0), code is 404 (want 401), WWW-Authenticate is (none)
Running destroy hooks.
Request ends.
auth: Create for WWW-Authenticate
Running pre_send hooks
auth: Sending 'Basic' response.
auth: '/litmus/prop' is inside auth domain: 1.
Sending request headers:
PUT /litmus/prop HTTP/1.1
User-Agent: litmus/0.13 neon/0.33.0
Connection: TE
TE: trailers
Host: 127.0.0.1:8787
Content-Length: 32
Authorization: Basic dGVzdDp0ZXN0
X-Litmus: props: 25 (propinit)

Sending request-line and headers:
Sending request body:
Body block (32 bytes):
[This
is
a
test
file
called
foo

]
Request sent; retry is 1.
[status-line] < HTTP/1.1 201 Created
[hdr] Content-Length: 0
Header Name: [content-length], Value: [0]
[hdr] Content-Type: text/plain;charset=UTF-8
Header Name: [content-type], Value: [text/plain;charset=UTF-8]
[hdr] Access-Control-Allow-Origin: *
Header Name: [access-control-allow-origin], Value: [*]
[hdr] Access-Control-Allow-Credentials: false
Header Name: [access-control-allow-credentials], Value: [false]
[hdr] Access-Control-Allow-Headers: authorization, content-type, depth, overwrite, destination, range, if, lock-token, timeout
Header Name: [access-control-allow-headers], Value: [authorization, content-type, depth, overwrite, destination, range, if, lock-token, timeout]
[hdr] Access-Control-Allow-Methods: OPTIONS, PROPFIND, PROPPATCH, MKCOL, GET, HEAD, PUT, DELETE, COPY, MOVE, LOCK, UNLOCK
Header Name: [access-control-allow-methods], Value: [OPTIONS, PROPFIND, PROPPATCH, MKCOL, GET, HEAD, PUT, DELETE, COPY, MOVE, LOCK, UNLOCK]
[hdr] Access-Control-Expose-Headers: content-type, content-length, dav, etag, last-modified, location, date, content-range, lock-token
Header Name: [access-control-expose-headers], Value: [content-type, content-length, dav, etag, last-modified, location, date, content-range, lock-token]
[hdr] Access-Control-Max-Age: 86400
Header Name: [access-control-max-age], Value: [86400]
[hdr] 
End of headers.
Running post_headers hooks
Running post_send hooks
auth: Post-send (#0), code is 201 (want 401), WWW-Authenticate is (none)
Request ends, status 201 class 2xx, error line:
201 Created
Running destroy hooks.
Request ends.
******* Running test 26: propmanyns ********
auth: Create for WWW-Authenticate
Running pre_send hooks
auth: Sending 'Basic' response.
auth: '/litmus/prop' is inside auth domain: 1.
Sending request headers:
PROPPATCH /litmus/prop HTTP/1.1
User-Agent: litmus/0.13 neon/0.33.0
Connection: TE
TE: trailers
Host: 127.0.0.1:8787
Content-Length: 1070
Content-Type: application/xml
Authorization: Basic dGVzdDp0ZXN0
X-Litmus: props: 26 (propmanyns)

Sending request-line and headers:
Sending request body:
Body block (1070 bytes):
[<?xml version="1.0" encoding="utf-8" ?>
<D:propertyupdate xmlns:D="DAV:"><D:set><D:prop><somename xmlns="http://example.com/alpha">manynsvalue</somename></D:prop></D:set>
<D:set><D:prop><somename xmlns="http://example.com/beta">manynsvalue</somename></D:prop></D:set>
<D:set><D:prop><somename xmlns="http://example.com/gamma">manynsvalue</somename></D:prop></D:set>
<D:set><D:prop><somename xmlns="http://example.com/delta">manynsvalue</somename></D:prop></D:set>
<D:set><D:prop><somename xmlns="http://example.com/epsilon">manynsvalue</somename></D:prop></D:set>
<D:set><D:prop><somename xmlns="http://example.com/zeta">manynsvalue</somename></D:prop></D:set>
<D:set><D:prop><somename xmlns="http://example.com/eta">manynsvalue</somename></D:prop></D:set>
<D:set><D:prop><somename xmlns="http://example.com/theta">manynsvalue</somename></D:prop></D:set>
<D:set><D:prop><somename xmlns="http://example.com/iota">manynsvalue</somename></D:prop></D:set>
<D:set><D:prop><somename xmlns="http://example.com/kappa">manynsvalue</somename></D:prop></D:set>
</D:propertyupdate>
]
Request sent; retry is 1.
[status-line] < HTTP/1.1 207 Multi-Status
[hdr] Content-Length: 714
Header Name: [content-length], Value: [714]
[hdr] Content-Type: application/xml; charset=utf-8
Header Name: [content-type], Value: [application/xml; charset=utf-8]
[hdr] Access-Control-Allow-Origin: *
Header Name: [access-control-allow-origin], Value: [*]
[hdr] Access-Control-Allow-Credentials: false
Header Name: [access-control-allow-credentials], Value: [false]
[hdr] Access-Control-Allow-Headers: authorization, content-type, depth, overwrite, destination, range, if, lock-token, timeout
Header Name: [access-control-allow-headers], Value: [authorization, content-type, depth, overwrite, destination, range, if, lock-token, timeout]
[hdr] Access-Control-Allow-Methods: OPTIONS, PROPFIND, PROPPATCH, MKCOL, GET, HEAD, PUT, DELETE, COPY, MOVE, LOCK, UNLOCK
Header Name: [access-control-allow-methods], Value: [OPTIONS, PROPFIND, PROPPATCH, MKCOL, GET, HEAD, PUT, DELETE, COPY, MOVE, LOCK, UNLOCK]
[hdr] Access-Control-Expose-Headers: content-type, content-length, dav, etag, last-modified, location, date, content-range, lock-token
Header Name: [access-control-expose-headers], Value: [content-type, content-length, dav, etag, last-modified, location, date, content-range, lock-token]
[hdr] Access-Control-Max-Age: 86400
Header Name: [access-control-max-age], Value: [86400]
[hdr] 
End of headers.
Running post_headers hooks
Reading 714 bytes of response body.
Got 714 bytes.
Read block (714 bytes):
[<?xml version="1.0" encoding="utf-8"?>
<multistatus xmlns="DAV:">
	<response>
		<href>/litmus/prop</href>
		<propstat>
			<prop>
				<somename xmlns="http://example.com/alpha" />
				<somename xmlns="http://example.com/beta" />
				<somename xmlns="http://example.com/gamma" />
				<somename xmlns="http://example.com/delta" />
				<somename xmlns="http://example.com/epsilon" />
				<somename xmlns="http://example.com/zeta" />
				<somename xmlns="http://example.com/eta" />
				<somename xmlns="http://example.com/theta" />
				<somename xmlns="http://example.com/iota" />
				<somename xmlns="http://example.com/kappa" />
			</prop>
			<status>HTTP/1.1 200 OK</status>
		</propstat>
	</response>
</multistatus>]
XML: Parsing 714 bytes.
XML: start-element (0, {DAV:, multistatus}) => 1
XML: char-data (1) returns 0
XML: start-element (1, {DAV:, response}) => 2
XML: char-data (2) returns 0
XML: start-element (2, {DAV:, href}) => 4
XML: char-data (4) returns 0
XML: end-element (4, {DAV:, href})
XML: char-data (2) returns 0
XML: start-element (2, {DAV:, propstat}) => 7
XML: char-data (7) returns 0
XML: start-element (7, {DAV:, prop}) => 50
XML: char-data (50) returns 0
XML: start-element (50, {http://example.com/alpha, somename}) => 0
XML: end-element (0, {http://example.com/alpha, somename})
XML: char-data (50) returns 0
XML: start-element (50, {http://example.com/beta, somename}) => 0
XML: end-element (0, {http://example.com/beta, somename})
XML: char-data (50) returns 0
XML: start-element (50, {http://example.com/gamma, somename}) => 0
XML: end-element (0, {http://example.com/gamma, somename})
XML: char-data (50) returns 0
XML: start-element (50, {http://example.com/delta, somename}) => 0
XML: end-element (0, {http://example.com/delta, somename})
XML: char-data (50) returns 0
XML: start-element (50, {http://example.com/epsilon, somename}) => 0
XML: end-element (0, {http://example.com/epsilon, somename})
XML: char-data (50) returns 0
XML: start-element (50, {http://example.com/zeta, somename}) => 0
XML: end-element (0, {http://example.com/zeta, somename})
XML: char-data (50) returns 0
XML: start-element (50, {http://example.com/eta, somename}) => 0
XML: end-element (0, {http://example.com/eta, somename})
XML: char-data (50) returns 0
XML: start-element (50, {http://example.com/theta, somename}) => 0
XML: end-element (0, {http://example.com/theta, somename})
XML: char-data (50) returns 0
XML: start-element (50, {http://example.com/iota, somename}) => 0
XML: end-element (0, {http://example.com/iota, somename})
XML: char-data (50) returns 0
XML: start-element (50, {http://example.com/kappa, somename}) => 0
XML: end-element (0, {http://example.com/kappa, somename})
XML: char-data (50) returns 0
XML: end-element (50, {DAV:, prop})
XML: char-data (7) returns 0
XML: start-element (7, {DAV:, status}) => 6
XML: char-data (6) returns 0
Decoded status line: HTTP/1.1 200 OK
XML: end-element (6, {DAV:, status})
XML: char-data (7) returns 0
XML: end-element (7, {DAV:, propstat})
XML: char-data (2) returns 0
XML: end-element (2, {DAV:, response})
XML: char-data (1) returns 0
XML: end-element (1, {DAV:, multistatus})
XML: xmlParseChunk returned 0
XML: End of document.
XML: xmlParseChunk returned 0
Running post_send hooks
auth: Post-send (#0), code is 207 (want 401), WWW-Authenticate is (none)
Running destroy hooks.
Request ends.
******* Running test 27: propget ********
auth: Create for WWW-Authenticate
Running pre_send hooks
auth: Sending 'Basic' response.
auth: '/litmus/prop' is inside auth domain: 1.
Sending request headers:
PROPFIND /litmus/prop HTTP/1.1
User-Agent: litmus/0.13 neon/0.33.0
Connection: TE
TE: trailers
Host: 127.0.0.1:8787
Depth: 0
Content-Length: 535
Content-Type: application/xml
Authorization: Basic dGVzdDp0ZXN0
X-Litmus: props: 27 (propget)

Sending request-line and headers:
Sending request body:
Body block (535 bytes):
[<?xml version="1.0" encoding="utf-8"?>
<propfind xmlns="DAV:"><prop>
<somename xmlns="http://example.com/alpha"/>
<somename xmlns="http://example.com/beta"/>
<somename xmlns="http://example.com/gamma"/>
<somename xmlns="http://example.com/delta"/>
<somename xmlns="http://example.com/epsilon"/>
<somename xmlns="http://example.com/zeta"/>
<somename xmlns="http://example.com/eta"/>
<somename xmlns="http://example.com/theta"/>
<somename xmlns="http://example.com/iota"/>
<somename xmlns="http://example.com/kappa"/>
</prop></propfind>
]
Request sent; retry is 1.
[status-line] < HTTP/1.1 207 Multi-Status
[hdr] Content-Length: 914
Header Name: [content-length], Value: [914]
[hdr] Content-Type: application/xml; charset=utf-8
Header Name: [content-type], Value: [application/xml; charset=utf-8]
[hdr] Access-Control-Allow-Origin: *
Header Name: [access-control-allow-origin], Value: [*]
[hdr] Access-Control-Allow-Credentials: false
Header Name: [access-control-allow-credentials], Value: [false]
[hdr] Access-Control-Allow-Headers: authorization, content-type, depth, overwrite, destination, range, if, lock-token, timeout
Header Name: [access-control-allow-headers], Value: [authorization, content-type, depth, overwrite, destination, range, if, lock-token, timeout]
[hdr] Access-Control-Allow-Methods: OPTIONS, PROPFIND, PROPPATCH, MKCOL, GET, HEAD, PUT, DELETE, COPY, MOVE, LOCK, UNLOCK
Header Name: [access-control-allow-methods], Value: [OPTIONS, PROPFIND, PROPPATCH, MKCOL, GET, HEAD, PUT, DELETE, COPY, MOVE, LOCK, UNLOCK]
[hdr] Access-Control-Expose-Headers: content-type, content-length, dav, etag, last-modified, location, date, content-range, lock-token
Header Name: [access-control-expose-headers], Value: [content-type, content-length, dav, etag, last-modified, location, date, content-range, lock-token]
[hdr] Access-Control-Max-Age: 86400
Header Name: [access-control-max-age], Value: [86400]
[hdr] 
End of headers.
Running post_headers hooks
Reading 914 bytes of response body.
Got 914 bytes.
Read block (914 bytes):
[<?xml version="1.0" encoding="utf-8"?>
<multistatus xmlns="DAV:">
	<response>
		<href>/litmus/prop</href>
		<propstat>
			<prop>
			<somename xmlns="http://example.com/alpha">manynsvalue</somename>
				<somename xmlns="http://example.com/beta">manynsvalue</somename>
				<somename xmlns="http://example.com/gamma">manynsvalue</somename>
				<somename xmlns="http://example.com/delta">manynsvalue</somename>
				<somename xmlns="http://example.com/epsilon">manynsvalue</somename>
				<somename xmlns="http://example.com/zeta">manynsvalue</somename>
				<somename xmlns="http://example.com/eta">manynsvalue</somename>
				<somename xmlns="http://example.com/theta">manynsvalue</somename>
				<somename xmlns="http://example.com/iota">manynsvalue</somename>
				<somename xmlns="http://example.com/kappa">manynsvalue</somename>
			</prop>
			<status>HTTP/1.1 200 OK</status>
		</propstat>
	</response>
</multistatus>
]
XML: Parsing 914 bytes.
XML: start-element (0, {DAV:, multistatus}) => 1
XML: char-data (1) returns 0
XML: start-element (1, {DAV:, response}) => 2
XML: char-data (2) returns 0
XML: start-element (2, {DAV:, href}) => 4
XML: char-data (4) returns 0
XML: end-element (4, {DAV:, href})
XML: char-data (2) returns 0
XML: start-element (2, {DAV:, propstat}) => 7
XML: char-data (7) returns 0
XML: start-element (7, {DAV:, prop}) => 50
XML: char-data (50) returns 0
Got property #0: {http://example.com/alpha}somename.
XML: start-element (50, {http://example.com/alpha, somename}) => 99
XML: char-data (99) returns 0
XML: end-element (99, {http://example.com/alpha, somename})
XML: char-data (50) returns 0
Got property #1: {http://example.com/beta}somename.
XML: start-element (50, {http://example.com/beta, somename}) => 99
XML: char-data (99) returns 0
XML: end-element (99, {http://example.com/beta, somename})
XML: char-data (50) returns 0
Got property #2: {http://example.com/gamma}somename.
XML: start-element (50, {http://example.com/gamma, somename}) => 99
XML: char-data (99) returns 0
XML: end-element (99, {http://example.com/gamma, somename})
XML: char-data (50) returns 0
Got property #3: {http://example.com/delta}somename.
XML: start-element (50, {http://example.com/delta, somename}) => 99
XML: char-data (99) returns 0
XML: end-element (99, {http://example.com/delta, somename})
XML: char-data (50) returns 0
Got property #4: {http://example.com/epsilon}somename.
XML: start-element (50, {http://example.com/epsilon, somename}) => 99
XML: char-data (99) returns 0
XML: end-element (99, {http://example.com/epsilon, somename})
XML: char-data (50) returns 0
Got property #5: {http://example.com/zeta}somename.
XML: start-element (50, {http://example.com/zeta, somename}) => 99
XML: char-data (99) returns 0
XML: end-element (99, {http://example.com/zeta, somename})
XML: char-data (50) returns 0
Got property #6: {http://example.com/eta}somename.
XML: start-element (50, {http://example.com/eta, somename}) => 99
XML: char-data (99) returns 0
XML: end-element (99, {http://example.com/eta, somename})
XML: char-data (50) returns 0
Got property #7: {http://example.com/theta}somename.
XML: start-element (50, {http://example.com/theta, somename}) => 99
XML: char-data (99) returns 0
XML: end-element (99, {http://example.com/theta, somename})
XML: char-data (50) returns 0
Got property #8: {http://example.com/iota}somename.
XML: start-element (50, {http://example.com/iota, somename}) => 99
XML: char-data (99) returns 0
XML: end-element (99, {http://example.com/iota, somename})
XML: char-data (50) returns 0
Got property #9: {http://example.com/kappa}somename.
XML: start-element (50, {http://example.com/kappa, somename}) => 99
XML: char-data (99) returns 0
XML: end-element (99, {http://example.com/kappa, somename})
XML: char-data (50) returns 0
XML: end-element (50, {DAV:, prop})
XML: char-data (7) returns 0
XML: start-element (7, {DAV:, status}) => 6
XML: char-data (6) returns 0
Decoded status line: HTTP/1.1 200 OK
XML: end-element (6, {DAV:, status})
XML: char-data (7) returns 0
XML: end-element (7, {DAV:, propstat})
XML: char-data (2) returns 0
XML: end-element (2, {DAV:, response})
XML: char-data (1) returns 0
XML: end-element (1, {DAV:, multistatus})
XML: xmlParseChunk returned 0
XML: End of document.
XML: xmlParseChunk returned 0
Running post_send hooks
auth: Post-send (#0), code is 207 (want 401), WWW-Authenticate is (none)
Request ends, status 207 class 2xx, error line:
207 Multi-Status
Running destroy hooks.
Request ends.
******* Running test 28: propcleanup ********
auth: Create for WWW-Authenticate
Running pre_send hooks
auth: Sending 'Basic' response.
auth: '/litmus/prop' is inside auth domain: 1.
Sending request headers:
DELETE /litmus/prop HTTP/1.1
User-Agent: litmus/0.13 neon/0.33.0
Connection: TE
TE: trailers
Host: 127.0.0.1:8787
Authorization: Basic dGVzdDp0ZXN0
X-Litmus: props: 28 (propcleanup)

Sending request-line and headers:
Request sent; retry is 1.
[status-line] < HTTP/1.1 204 No Content
[hdr] Access-Control-Allow-Origin: *
Header Name: [access-control-allow-origin], Value: [*]
[hdr] Access-Control-Allow-Credentials: false
Header Name: [access-control-allow-credentials], Value: [false]
[hdr] Access-Control-Allow-Headers: authorization, content-type, depth, overwrite, destination, range, if, lock-token, timeout
Header Name: [access-control-allow-headers], Value: [authorization, content-type, depth, overwrite, destination, range, if, lock-token, timeout]
[hdr] Access-Control-Allow-Methods: OPTIONS, PROPFIND, PROPPATCH, MKCOL, GET, HEAD, PUT, DELETE, COPY, MOVE, LOCK, UNLOCK
Header Name: [access-control-allow-methods], Value: [OPTIONS, PROPFIND, PROPPATCH, MKCOL, GET, HEAD, PUT, DELETE, COPY, MOVE, LOCK, UNLOCK]
[hdr] Access-Control-Expose-Headers: content-type, content-length, dav, etag, last-modified, location, date, content-range, lock-token
Header Name: [access-control-expose-headers], Value: [content-type, content-length, dav, etag, last-modified, location, date, content-range, lock-token]
[hdr] Access-Control-Max-Age: 86400
Header Name: [access-control-max-age], Value: [86400]
[hdr] 
End of headers.
Running post_headers hooks
Running post_send hooks
auth: Post-send (#0), code is 204 (want 401), WWW-Authenticate is (none)
Running destroy hooks.
Request ends.
******* Running test 29: finish ********
sess: Destroying session.
sess: Closing connection.
sess: Connection closed.
Version string: neon 0.33.0: Library build, IPv6, libxml 2.9.14, zlib 1.3, GNU TLS 3.8.3.
******* Running test 0: init ********
******* Running test 1: begin ********
HTTP session to http://127.0.0.1:8787 begins.
sess: Using IP literal address for 127.0.0.1
HTTP session to http://127.0.0.1:8787 begins.
sess: Using IP literal address for 127.0.0.1
auth: Create for WWW-Authenticate
Running pre_send hooks
Sending request headers:
DELETE /litmus/ HTTP/1.1
User-Agent: litmus/0.13 neon/0.33.0
Keep-Alive: 
Connection: TE, Keep-Alive
TE: trailers
Host: 127.0.0.1:8787
X-Litmus: locks: 1 (begin)

Sending request-line and headers:
req: Connecting to 127.0.0.1:8787
Request sent; retry is 0.
[status-line] < HTTP/1.1 401 Unauthorized
[hdr] Content-Length: 12
Header Name: [content-length], Value: [12]
[hdr] Content-Type: text/plain;charset=UTF-8
Header Name: [content-type], Value: [text/plain;charset=UTF-8]
[hdr] WWW-Authenticate: Basic realm="webdav"
Header Name: [www-authenticate], Value: [Basic realm="webdav"]
[hdr] 
End of headers.
Running post_headers hooks
Reading 12 bytes of response body.
Got 12 bytes.
Read block (12 bytes):
[Unauthorized]
Running post_send hooks
auth: Post-send (#0), code is 401 (want 401), WWW-Authenticate is Basic realm="webdav"
auth: Got challenge (code 401).
auth: Got 'Basic' challenge.
auth: Trying Basic challenge...
auth: Basic auth scope is: /litmus/
auth: Accepted Basic challenge.
Running pre_send hooks
auth: Sending 'Basic' response.
auth: '/litmus/' is inside auth domain: 1.
Sending request headers:
DELETE /litmus/ HTTP/1.1
User-Agent: litmus/0.13 neon/0.33.0
Keep-Alive: 
Connection: TE, Keep-Alive
TE: trailers
Host: 127.0.0.1:8787
Authorization: Basic dGVzdDp0ZXN0
X-Litmus: locks: 1 (begin)

Sending request-line and headers:
Request sent; retry is 1.
[status-line] < HTTP/1.1 204 No Content
[hdr] Access-Control-Allow-Origin: *
Header Name: [access-control-allow-origin], Value: [*]
[hdr] Access-Control-Allow-Credentials: false
Header Name: [access-control-allow-credentials], Value: [false]
[hdr] Access-Control-Allow-Headers: authorization, content-type, depth, overwrite, destination, range, if, lock-token, timeout
Header Name: [access-control-allow-headers], Value: [authorization, content-type, depth, overwrite, destination, range, if, lock-token, timeout]
[hdr] Access-Control-Allow-Methods: OPTIONS, PROPFIND, PROPPATCH, MKCOL, GET, HEAD, PUT, DELETE, COPY, MOVE, LOCK, UNLOCK
Header Name: [access-control-allow-methods], Value: [OPTIONS, PROPFIND, PROPPATCH, MKCOL, GET, HEAD, PUT, DELETE, COPY, MOVE, LOCK, UNLOCK]
[hdr] Access-Control-Expose-Headers: content-type, content-length, dav, etag, last-modified, location, date, content-range, lock-token
Header Name: [access-control-expose-headers], Value: [content-type, content-length, dav, etag, last-modified, location, date, content-range, lock-token]
[hdr] Access-Control-Max-Age: 86400
Header Name: [access-control-max-age], Value: [86400]
[hdr] 
End of headers.
Running post_headers hooks
Running post_send hooks
auth: Post-send (#1), code is 204 (want 401), WWW-Authenticate is (none)
Running destroy hooks.
Request ends.
auth: Create for WWW-Authenticate
Running pre_send hooks
auth: Sending 'Basic' response.
auth: '/litmus/' is inside auth domain: 1.
Sending request headers:
MKCOL /litmus/ HTTP/1.1
User-Agent: litmus/0.13 neon/0.33.0
Connection: TE
TE: trailers
Host: 127.0.0.1:8787
Authorization: Basic dGVzdDp0ZXN0
X-Litmus: locks: 1 (begin)

Sending request-line and headers:
Request sent; retry is 1.
[status-line] < HTTP/1.1 201 Created
[hdr] Content-Length: 0
Header Name: [content-length], Value: [0]
[hdr] Content-Type: text/plain;charset=UTF-8
Header Name: [content-type], Value: [text/plain;charset=UTF-8]
[hdr] Access-Control-Allow-Origin: *
Header Name: [access-control-allow-origin], Value: [*]
[hdr] Access-Control-Allow-Credentials: false
Header Name: [access-control-allow-credentials], Value: [false]
[hdr] Access-Control-Allow-Headers: authorization, content-type, depth, overwrite, destination, range, if, lock-token, timeout
Header Name: [access-control-allow-headers], Value: [authorization, content-type, depth, overwrite, destination, range, if, lock-token, timeout]
[hdr] Access-Control-Allow-Methods: OPTIONS, PROPFIND, PROPPATCH, MKCOL, GET, HEAD, PUT, DELETE, COPY, MOVE, LOCK, UNLOCK
Header Name: [access-control-allow-methods], Value: [OPTIONS, PROPFIND, PROPPATCH, MKCOL, GET, HEAD, PUT, DELETE, COPY, MOVE, LOCK, UNLOCK]
[hdr] Access-Control-Expose-Headers: content-type, content-length, dav, etag, last-modified, location, date, content-range, lock-token
Header Name: [access-control-expose-headers], Value: [content-type, content-length, dav, etag, last-modified, location, date, content-range, lock-token]
[hdr] Access-Control-Max-Age: 86400
Header Name: [access-control-max-age], Value: [86400]
[hdr] 
End of headers.
Running post_headers hooks
Running post_send hooks
auth: Post-send (#0), code is 201 (want 401), WWW-Authenticate is (none)
Running destroy hooks.
Request ends.
******* Running test 2: options ********
auth: Create for WWW-Authenticate
Running pre_send hooks
auth: Sending 'Basic' response.
auth: '/litmus/' is inside auth domain: 1.
Sending request headers:
OPTIONS /litmus/ HTTP/1.1
User-Agent: litmus/0.13 neon/0.33.0
Connection: TE
TE: trailers
Host: 127.0.0.1:8787
Authorization: Basic dGVzdDp0ZXN0
X-Litmus: locks: 2 (options)

Sending request-line and headers:
Request sent; retry is 1.
[status-line] < HTTP/1.1 204 No Content
[hdr] Access-Control-Allow-Origin: *
Header Name: [access-control-allow-origin], Value: [*]
[hdr] Allow: OPTIONS, PROPFIND, PROPPATCH, MKCOL, GET, HEAD, PUT, DELETE, COPY, MOVE, LOCK, UNLOCK
Header Name: [allow], Value: [OPTIONS, PROPFIND, PROPPATCH, MKCOL, GET, HEAD, PUT, DELETE, COPY, MOVE, LOCK, UNLOCK]
[hdr] Access-Control-Allow-Credentials: false
Header Name: [access-control-allow-credentials], Value: [false]
[hdr] Access-Control-Allow-Headers: authorization, content-type, depth, overwrite, destination, range, if, lock-token, timeout
Header Name: [access-control-allow-headers], Value: [authorization, content-type, depth, overwrite, destination, range, if, lock-token, timeout]
[hdr] Access-Control-Allow-Methods: OPTIONS, PROPFIND, PROPPATCH, MKCOL, GET, HEAD, PUT, DELETE, COPY, MOVE, LOCK, UNLOCK
Header Name: [access-control-allow-methods], Value: [OPTIONS, PROPFIND, PROPPATCH, MKCOL, GET, HEAD, PUT, DELETE, COPY, MOVE, LOCK, UNLOCK]
[hdr] Access-Control-Expose-Headers: content-type, content-length, dav, etag, last-modified, location, date, content-range, lock-token
Header Name: [access-control-expose-headers], Value: [content-type, content-length, dav, etag, last-modified, location, date, content-range, lock-token]
[hdr] Access-Control-Max-Age: 86400
Header Name: [access-control-max-age], Value: [86400]
[hdr] DAV: 1, 2
Header Name: [dav], Value: [1, 2]
[hdr] 
End of headers.
Running post_headers hooks
Running post_send hooks
auth: Post-send (#0), code is 204 (want 401), WWW-Authenticate is (none)
Request ends, status 204 class 2xx, error line:
204 No Content
Running destroy hooks.
Request ends.
******* Running test 3: precond ********
******* Running test 4: init_locks ********
******* Running test 5: put ********
auth: Create for WWW-Authenticate
Running pre_send hooks
auth: Sending 'Basic' response.
auth: '/litmus/lockme' is inside auth domain: 1.
Sending request headers:
PUT /litmus/lockme HTTP/1.1
User-Agent: litmus/0.13 neon/0.33.0
Connection: TE
TE: trailers
Host: 127.0.0.1:8787
Content-Length: 32
Authorization: Basic dGVzdDp0ZXN0
X-Litmus: locks: 5 (put)

Sending request-line and headers:
Sending request body:
Body block (32 bytes):
[This
is
a
test
file
called
foo

]
Request sent; retry is 1.
[status-line] < HTTP/1.1 201 Created
[hdr] Content-Length: 0
Header Name: [content-length], Value: [0]
[hdr] Content-Type: text/plain;charset=UTF-8
Header Name: [content-type], Value: [text/plain;charset=UTF-8]
[hdr] Access-Control-Allow-Origin: *
Header Name: [access-control-allow-origin], Value: [*]
[hdr] Access-Control-Allow-Credentials: false
Header Name: [access-control-allow-credentials], Value: [false]
[hdr] Access-Control-Allow-Headers: authorization, content-type, depth, overwrite, destination, range, if, lock-token, timeout
Header Name: [access-control-allow-headers], Value: [authorization, content-type, depth, overwrite, destination, range, if, lock-token, timeout]
[hdr] Access-Control-Allow-Methods: OPTIONS, PROPFIND, PROPPATCH, MKCOL, GET, HEAD, PUT, DELETE, COPY, MOVE, LOCK, UNLOCK
Header Name: [access-control-allow-methods], Value: [OPTIONS, PROPFIND, PROPPATCH, MKCOL, GET, HEAD, PUT, DELETE, COPY, MOVE, LOCK, UNLOCK]
[hdr] Access-Control-Expose-Headers: content-type, content-length, dav, etag, last-modified, location, date, content-range, lock-token
Header Name: [access-control-expose-headers], Value: [content-type, content-length, dav, etag, last-modified, location, date, content-range, lock-token]
[hdr] Access-Control-Max-Age: 86400
Header Name: [access-control-max-age], Value: [86400]
[hdr] 
End of headers.
Running post_headers hooks
Running post_send hooks
auth: Post-send (#0), code is 201 (want 401), WWW-Authenticate is (none)
Request ends, status 201 class 2xx, error line:
201 Created
Running destroy hooks.
Request ends.
auth: Create for WWW-Authenticate
Running pre_send hooks
auth: Sending 'Basic' response.
auth: '/litmus/notlocked' is inside auth domain: 1.
Sending request headers:
PUT /litmus/notlocked HTTP/1.1
User-Agent: litmus/0.13 neon/0.33.0
Connection: TE
TE: trailers
Host: 127.0.0.1:8787
Content-Length: 32
Authorization: Basic dGVzdDp0ZXN0
X-Litmus: locks: 5 (put)

Sending request-line and headers:
Sending request body:
Body block (32 bytes):
[This
is
a
test
file
called
foo

]
Request sent; retry is 1.
[status-line] < HTTP/1.1 201 Created
[hdr] Content-Length: 0
Header Name: [content-length], Value: [0]
[hdr] Content-Type: text/plain;charset=UTF-8
Header Name: [content-type], Value: [text/plain;charset=UTF-8]
[hdr] Access-Control-Allow-Origin: *
Header Name: [access-control-allow-origin], Value: [*]
[hdr] Access-Control-Allow-Credentials: false
Header Name: [access-control-allow-credentials], Value: [false]
[hdr] Access-Control-Allow-Headers: authorization, content-type, depth, overwrite, destination, range, if, lock-token, timeout
Header Name: [access-control-allow-headers], Value: [authorization, content-type, depth, overwrite, destination, range, if, lock-token, timeout]
[hdr] Access-Control-Allow-Methods: OPTIONS, PROPFIND, PROPPATCH, MKCOL, GET, HEAD, PUT, DELETE, COPY, MOVE, LOCK, UNLOCK
Header Name: [access-control-allow-methods], Value: [OPTIONS, PROPFIND, PROPPATCH, MKCOL, GET, HEAD, PUT, DELETE, COPY, MOVE, LOCK, UNLOCK]
[hdr] Access-Control-Expose-Headers: content-type, content-length, dav, etag, last-modified, location, date, content-range, lock-token
Header Name: [access-control-expose-headers], Value: [content-type, content-length, dav, etag, last-modified, location, date, content-range, lock-token]
[hdr] Access-Control-Max-Age: 86400
Header Name: [access-control-max-age], Value: [86400]
[hdr] 
End of headers.
Running post_headers hooks
Running post_send hooks
auth: Post-send (#0), code is 201 (want 401), WWW-Authenticate is (none)
Request ends, status 201 class 2xx, error line:
201 Created
Running destroy hooks.
Request ends.
******* Running test 6: lock_excl ********
auth: Create for WWW-Authenticate
req: Closing connection for non-idempotent request.
sess: Closing connection.
sess: Connection closed.
Running pre_send hooks
auth: Sending 'Basic' response.
auth: '/litmus/lockme' is inside auth domain: 1.
Sending request headers:
LOCK /litmus/lockme HTTP/1.1
User-Agent: litmus/0.13 neon/0.33.0
Connection: TE
TE: trailers
Host: 127.0.0.1:8787
Content-Length: 174
Content-Type: application/xml
Depth: 0
Timeout: Second-3600
Authorization: Basic dGVzdDp0ZXN0
X-Litmus: locks: 6 (lock_excl)

Sending request-line and headers:
req: Connecting to 127.0.0.1:8787
Sending request body:
Body block (174 bytes):
[<?xml version="1.0" encoding="utf-8"?>
<lockinfo xmlns='DAV:'>
 <lockscope><exclusive/></lockscope>
<locktype><write/></locktype><owner>litmus test suite</owner>
</lockinfo>
]
Request sent; retry is 0.
[status-line] < HTTP/1.1 201 Created
[hdr] Content-Length: 394
Header Name: [content-length], Value: [394]
[hdr] Location: /litmus/lockme
Header Name: [location], Value: [/litmus/lockme]
[hdr] Content-Type: application/xml; charset=utf-8
Header Name: [content-type], Value: [application/xml; charset=utf-8]
[hdr] Access-Control-Allow-Origin: *
Header Name: [access-control-allow-origin], Value: [*]
[hdr] Access-Control-Allow-Credentials: false
Header Name: [access-control-allow-credentials], Value: [false]
[hdr] Access-Control-Allow-Headers: authorization, content-type, depth, overwrite, destination, range, if, lock-token, timeout
Header Name: [access-control-allow-headers], Value: [authorization, content-type, depth, overwrite, destination, range, if, lock-token, timeout]
[hdr] Access-Control-Allow-Methods: OPTIONS, PROPFIND, PROPPATCH, MKCOL, GET, HEAD, PUT, DELETE, COPY, MOVE, LOCK, UNLOCK
Header Name: [access-control-allow-methods], Value: [OPTIONS, PROPFIND, PROPPATCH, MKCOL, GET, HEAD, PUT, DELETE, COPY, MOVE, LOCK, UNLOCK]
[hdr] Access-Control-Expose-Headers: content-type, content-length, dav, etag, last-modified, location, date, content-range, lock-token
Header Name: [access-control-expose-headers], Value: [content-type, content-length, dav, etag, last-modified, location, date, content-range, lock-token]
[hdr] Access-Control-Max-Age: 86400
Header Name: [access-control-max-age], Value: [86400]
[hdr] Lock-Token: <urn:uuid:e28f16ac-f249-487c-adb9-1b18b0a63605>
Header Name: [lock-token], Value: [<urn:uuid:e28f16ac-f249-487c-adb9-1b18b0a63605>]
[hdr] 
End of headers.
Running post_headers hooks
Reading 394 bytes of response body.
Got 394 bytes.
Read block (394 bytes):
[<?xml version="1.0" encoding="utf-8"?>
<prop xmlns="DAV:"><lockdiscovery><activelock><locktype><write /></locktype><lockscope><exclusive /></lockscope><depth>0</depth><owner>litmus test suite</owner><timeout>Second-3600</timeout><locktoken><href>urn:uuid:e28f16ac-f249-487c-adb9-1b18b0a63605</href></locktoken><lockroot><href>/litmus/lockme</href></lockroot></activelock></lockdiscovery></prop>]
XML: Parsing 394 bytes.
lk_startelm: prop => 50
lk_startelm: Finding token urn:uuid:e28f16ac-f249-487c-adb9-1b18b0a63605
XML: start-element (0, {DAV:, prop}) => 50
lk_startelm: lockdiscovery => 266
XML: start-element (50, {DAV:, lockdiscovery}) => 266
lk_startelm: activelock => 267
XML: start-element (266, {DAV:, activelock}) => 267
lk_startelm: locktype => 269
XML: start-element (267, {DAV:, locktype}) => 269
lk_startelm: write => 275
XML: start-element (269, {DAV:, write}) => 275
XML: end-element (275, {DAV:, write})
XML: end-element (269, {DAV:, locktype})
lk_startelm: lockscope => 268
XML: start-element (267, {DAV:, lockscope}) => 268
lk_startelm: exclusive => 276
XML: start-element (268, {DAV:, exclusive}) => 276
XML: end-element (276, {DAV:, exclusive})
XML: end-element (268, {DAV:, lockscope})
lk_startelm: depth => 270
XML: start-element (267, {DAV:, depth}) => 270
XML: char-data (270) returns 0
Got depth: 0
XML: end-element (270, {DAV:, depth})
lk_startelm: owner => 271
XML: start-element (267, {DAV:, owner}) => 271
XML: char-data (271) returns 0
XML: end-element (271, {DAV:, owner})
lk_startelm: timeout => 272
XML: start-element (267, {DAV:, timeout}) => 272
XML: char-data (272) returns 0
Got timeout: Second-3600
XML: end-element (272, {DAV:, timeout})
lk_startelm: locktoken => 273
XML: start-element (267, {DAV:, locktoken}) => 273
lk_startelm: href => 278
XML: start-element (273, {DAV:, href}) => 278
XML: char-data (278) returns 0
XML: end-element (278, {DAV:, href})
XML: end-element (273, {DAV:, locktoken})
lk_startelm: lockroot => 279
XML: start-element (267, {DAV:, lockroot}) => 279
lk_startelm: href => 278
XML: start-element (279, {DAV:, href}) => 278
XML: char-data (278) returns 0
XML: end-element (278, {DAV:, href})
XML: end-element (279, {DAV:, lockroot})
XML: end-element (267, {DAV:, activelock})
XML: end-element (266, {DAV:, lockdiscovery})
XML: end-element (50, {DAV:, prop})
XML: xmlParseChunk returned 0
XML: End of document.
XML: xmlParseChunk returned 0
Running post_send hooks
auth: Post-send (#0), code is 201 (want 401), WWW-Authenticate is (none)
Running destroy hooks.
Request ends.
******* Running test 7: discover ********
auth: Create for WWW-Authenticate
Running pre_send hooks
auth: Sending 'Basic' response.
auth: '/litmus/lockme' is inside auth domain: 1.
Sending request headers:
PROPFIND /litmus/lockme HTTP/1.1
User-Agent: litmus/0.13 neon/0.33.0
Connection: TE
TE: trailers
Host: 127.0.0.1:8787
Depth: 0
Content-Length: 118
Content-Type: application/xml
Authorization: Basic dGVzdDp0ZXN0
X-Litmus: locks: 7 (discover)

Sending request-line and headers:
Sending request body:
Body block (118 bytes):
[<?xml version="1.0" encoding="utf-8"?>
<propfind xmlns="DAV:"><prop>
<lockdiscovery xmlns="DAV:"/>
</prop></propfind>
]
Request sent; retry is 1.
[status-line] < HTTP/1.1 207 Multi-Status
[hdr] Content-Length: 553
Header Name: [content-length], Value: [553]
[hdr] Content-Type: application/xml; charset=utf-8
Header Name: [content-type], Value: [application/xml; charset=utf-8]
[hdr] Access-Control-Allow-Origin: *
Header Name: [access-control-allow-origin], Value: [*]
[hdr] Access-Control-Allow-Credentials: false
Header Name: [access-control-allow-credentials], Value: [false]
[hdr] Access-Control-Allow-Headers: authorization, content-type, depth, overwrite, destination, range, if, lock-token, timeout
Header Name: [access-control-allow-headers], Value: [authorization, content-type, depth, overwrite, destination, range, if, lock-token, timeout]
[hdr] Access-Control-Allow-Methods: OPTIONS, PROPFIND, PROPPATCH, MKCOL, GET, HEAD, PUT, DELETE, COPY, MOVE, LOCK, UNLOCK
Header Name: [access-control-allow-methods], Value: [OPTIONS, PROPFIND, PROPPATCH, MKCOL, GET, HEAD, PUT, DELETE, COPY, MOVE, LOCK, UNLOCK]
[hdr] Access-Control-Expose-Headers: content-type, content-length, dav, etag, last-modified, location, date, content-range, lock-token
Header Name: [access-control-expose-headers], Value: [content-type, content-length, dav, etag, last-modified, location, date, content-range, lock-token]
[hdr] Access-Control-Max-Age: 86400
Header Name: [access-control-max-age], Value: [86400]
[hdr] 
End of headers.
Running post_headers hooks
Reading 553 bytes of response body.
Got 553 bytes.
Read block (553 bytes):
[<?xml version="1.0" encoding="utf-8"?>
<multistatus xmlns="DAV:">
	<response>
		<href>/litmus/lockme</href>
		<propstat>
			<prop>
			<lockdiscovery><activelock><locktype><write /></locktype><lockscope><exclusive /></lockscope><depth>0</depth><owner>litmus test suite</owner><timeout>Second-3600</timeout><locktoken><href>urn:uuid:e28f16ac-f249-487c-adb9-1b18b0a63605</href></locktoken><lockroot><href>/litmus/lockme</href></lockroot></activelock></lockdiscovery>
			</prop>
			<status>HTTP/1.1 200 OK</status>
		</propstat>
	</response>
</multistatus>
]
XML: Parsing 553 bytes.
XML: start-element (0, {DAV:, multistatus}) => 1
XML: char-data (1) returns 0
XML: start-element (1, {DAV:, response}) => 2
XML: char-data (2) returns 0
XML: start-element (2, {DAV:, href}) => 4
XML: char-data (4) returns 0
XML: end-element (4, {DAV:, href})
XML: char-data (2) returns 0
XML: start-element (2, {DAV:, propstat}) => 7
XML: char-data (7) returns 0
XML: start-element (7, {DAV:, prop}) => 50
XML: char-data (50) returns 0
XML: start-element (50, {DAV:, lockdiscovery}) => 266
XML: start-element (266, {DAV:, activelock}) => 267
XML: start-element (267, {DAV:, locktype}) => 269
XML: start-element (269, {DAV:, write}) => 275
XML: end-element (275, {DAV:, write})
XML: end-element (269, {DAV:, locktype})
XML: start-element (267, {DAV:, lockscope}) => 268
XML: start-element (268, {DAV:, exclusive}) => 276
XML: end-element (276, {DAV:, exclusive})
XML: end-element (268, {DAV:, lockscope})
XML: start-element (267, {DAV:, depth}) => 270
XML: char-data (270) returns 0
Got depth: 0
XML: end-element (270, {DAV:, depth})
XML: start-element (267, {DAV:, owner}) => 271
XML: char-data (271) returns 0
XML: end-element (271, {DAV:, owner})
XML: start-element (267, {DAV:, timeout}) => 272
XML: char-data (272) returns 0
Got timeout: Second-3600
XML: end-element (272, {DAV:, timeout})
XML: start-element (267, {DAV:, locktoken}) => 273
XML: start-element (273, {DAV:, href}) => 278
XML: char-data (278) returns 0
XML: end-element (278, {DAV:, href})
XML: end-element (273, {DAV:, locktoken})
XML: start-element (267, {DAV:, lockroot}) => 279
XML: start-element (279, {DAV:, href}) => 278
XML: char-data (278) returns 0
XML: end-element (278, {DAV:, href})
XML: end-element (279, {DAV:, lockroot})
XML: end-element (267, {DAV:, activelock})
XML: end-element (266, {DAV:, lockdiscovery})
XML: char-data (50) returns 0
XML: end-element (50, {DAV:, prop})
XML: char-data (7) returns 0
XML: start-element (7, {DAV:, status}) => 6
XML: char-data (6) returns 0
Decoded status line: HTTP/1.1 200 OK
XML: end-element (6, {DAV:, status})
XML: char-data (7) returns 0
XML: end-element (7, {DAV:, propstat})
XML: char-data (2) returns 0
End of response for /litmus/lockme
XML: end-element (2, {DAV:, response})
XML: char-data (1) returns 0
XML: end-element (1, {DAV:, multistatus})
XML: xmlParseChunk returned 0
XML: End of document.
XML: xmlParseChunk returned 0
Running post_send hooks
auth: Post-send (#0), code is 207 (want 401), WWW-Authenticate is (none)
Request ends, status 207 class 2xx, error line:
207 Multi-Status
Running destroy hooks.
Request ends.
******* Running test 8: refresh ********
auth: Create for WWW-Authenticate
req: Closing connection for non-idempotent request.
sess: Closing connection.
sess: Connection closed.
Running pre_send hooks
auth: Sending 'Basic' response.
auth: '/litmus/lockme' is inside auth domain: 1.
Sending request headers:
LOCK /litmus/lockme HTTP/1.1
User-Agent: litmus/0.13 neon/0.33.0
Connection: TE
TE: trailers
Host: 127.0.0.1:8787
If: (<urn:uuid:e28f16ac-f249-487c-adb9-1b18b0a63605>)
Timeout: Second-3600
Authorization: Basic dGVzdDp0ZXN0
X-Litmus: locks: 8 (refresh)

Sending request-line and headers:
req: Connecting to 127.0.0.1:8787
Request sent; retry is 0.
[status-line] < HTTP/1.1 200 OK
[hdr] Content-Length: 394
Header Name: [content-length], Value: [394]
[hdr] Content-Type: application/xml; charset=utf-8
Header Name: [content-type], Value: [application/xml; charset=utf-8]
[hdr] Access-Control-Allow-Origin: *
Header Name: [access-control-allow-origin], Value: [*]
[hdr] Access-Control-Allow-Credentials: false
Header Name: [access-control-allow-credentials], Value: [false]
[hdr] Access-Control-Allow-Headers: authorization, content-type, depth, overwrite, destination, range, if, lock-token, timeout
Header Name: [access-control-allow-headers], Value: [authorization, content-type, depth, overwrite, destination, range, if, lock-token, timeout]
[hdr] Access-Control-Allow-Methods: OPTIONS, PROPFIND, PROPPATCH, MKCOL, GET, HEAD, PUT, DELETE, COPY, MOVE, LOCK, UNLOCK
Header Name: [access-control-allow-methods], Value: [OPTIONS, PROPFIND, PROPPATCH, MKCOL, GET, HEAD, PUT, DELETE, COPY, MOVE, LOCK, UNLOCK]
[hdr] Access-Control-Expose-Headers: content-type, content-length, dav, etag, last-modified, location, date, content-range, lock-token
Header Name: [access-control-expose-headers], Value: [content-type, content-length, dav, etag, last-modified, location, date, content-range, lock-token]
[hdr] Access-Control-Max-Age: 86400
Header Name: [access-control-max-age], Value: [86400]
[hdr] Lock-Token: <urn:uuid:e28f16ac-f249-487c-adb9-1b18b0a63605>
Header Name: [lock-token], Value: [<urn:uuid:e28f16ac-f249-487c-adb9-1b18b0a63605>]
[hdr] 
End of headers.
Running post_headers hooks
Reading 394 bytes of response body.
Got 394 bytes.
Read block (394 bytes):
[<?xml version="1.0" encoding="utf-8"?>
<prop xmlns="DAV:"><lockdiscovery><activelock><locktype><write /></locktype><lockscope><exclusive /></lockscope><depth>0</depth><owner>litmus test suite</owner><timeout>Second-3600</timeout><locktoken><href>urn:uuid:e28f16ac-f249-487c-adb9-1b18b0a63605</href></locktoken><lockroot><href>/litmus/lockme</href></lockroot></activelock></lockdiscovery></prop>]
XML: Parsing 394 bytes.
lk_startelm: prop => 50
XML: start-element (0, {DAV:, prop}) => 50
lk_startelm: lockdiscovery => 266
XML: start-element (50, {DAV:, lockdiscovery}) => 266
lk_startelm: activelock => 267
XML: start-element (266, {DAV:, activelock}) => 267
lk_startelm: locktype => 269
XML: start-element (267, {DAV:, locktype}) => 269
lk_startelm: write => 275
XML: start-element (269, {DAV:, write}) => 275
XML: end-element (275, {DAV:, write})
XML: end-element (269, {DAV:, locktype})
lk_startelm: lockscope => 268
XML: start-element (267, {DAV:, lockscope}) => 268
lk_startelm: exclusive => 276
XML: start-element (268, {DAV:, exclusive}) => 276
XML: end-element (276, {DAV:, exclusive})
XML: end-element (268, {DAV:, lockscope})
lk_startelm: depth => 270
XML: start-element (267, {DAV:, depth}) => 270
XML: char-data (270) returns 0
Got depth: 0
XML: end-element (270, {DAV:, depth})
lk_startelm: owner => 271
XML: start-element (267, {DAV:, owner}) => 271
XML: char-data (271) returns 0
XML: end-element (271, {DAV:, owner})
lk_startelm: timeout => 272
XML: start-element (267, {DAV:, timeout}) => 272
XML: char-data (272) returns 0
Got timeout: Second-3600
XML: end-element (272, {DAV:, timeout})
lk_startelm: locktoken => 273
XML: start-element (267, {DAV:, locktoken}) => 273
lk_startelm: href => 278
XML: start-element (273, {DAV:, href}) => 278
XML: char-data (278) returns 0
XML: end-element (278, {DAV:, href})
XML: end-element (273, {DAV:, locktoken})
lk_startelm: lockroot => 279
XML: start-element (267, {DAV:, lockroot}) => 279
lk_startelm: href => 278
XML: start-element (279, {DAV:, href}) => 278
XML: char-data (278) returns 0
XML: end-element (278, {DAV:, href})
XML: end-element (279, {DAV:, lockroot})
XML: end-element (267, {DAV:, activelock})
XML: end-element (266, {DAV:, lockdiscovery})
XML: end-element (50, {DAV:, prop})
XML: xmlParseChunk returned 0
XML: End of document.
XML: xmlParseChunk returned 0
Running post_send hooks
auth: Post-send (#0), code is 200 (want 401), WWW-Authenticate is (none)
Running destroy hooks.
Request ends.
******* Running test 9: notowner_modify ********
auth: Create for WWW-Authenticate
Running pre_send hooks
Sending request headers:
DELETE /litmus/lockme HTTP/1.1
User-Agent: litmus/0.13 neon/0.33.0
Keep-Alive: 
Connection: TE, Keep-Alive
TE: trailers
Host: 127.0.0.1:8787
X-Litmus-Second: locks: 9 (notowner_modify)

Sending request-line and headers:
req: Connecting to 127.0.0.1:8787
Request sent; retry is 0.
[status-line] < HTTP/1.1 401 Unauthorized
[hdr] Content-Length: 12
Header Name: [content-length], Value: [12]
[hdr] Content-Type: text/plain;charset=UTF-8
Header Name: [content-type], Value: [text/plain;charset=UTF-8]
[hdr] WWW-Authenticate: Basic realm="webdav"
Header Name: [www-authenticate], Value: [Basic realm="webdav"]
[hdr] 
End of headers.
Running post_headers hooks
Reading 12 bytes of response body.
Got 12 bytes.
Read block (12 bytes):
[Unauthorized]
Running post_send hooks
auth: Post-send (#0), code is 401 (want 401), WWW-Authenticate is Basic realm="webdav"
auth: Got challenge (code 401).
auth: Got 'Basic' challenge.
auth: Trying Basic challenge...
auth: Basic auth scope is: /litmus/
auth: Accepted Basic challenge.
Running pre_send hooks
auth: Sending 'Basic' response.
auth: '/litmus/lockme' is inside auth domain: 1.
Sending request headers:
DELETE /litmus/lockme HTTP/1.1
User-Agent: litmus/0.13 neon/0.33.0
Keep-Alive: 
Connection: TE, Keep-Alive
TE: trailers
Host: 127.0.0.1:8787
Authorization: Basic dGVzdDp0ZXN0
X-Litmus-Second: locks: 9 (notowner_modify)

Sending request-line and headers:
Request sent; retry is 1.
[status-line] < HTTP/1.1 423 Locked
[hdr] Content-Length: 6
Header Name: [content-length], Value: [6]
[hdr] Content-Type: text/plain;charset=UTF-8
Header Name: [content-type], Value: [text/plain;charset=UTF-8]
[hdr] Access-Control-Allow-Origin: *
Header Name: [access-control-allow-origin], Value: [*]
[hdr] Access-Control-Allow-Credentials: false
Header Name: [access-control-allow-credentials], Value: [false]
[hdr] Access-Control-Allow-Headers: authorization, content-type, depth, overwrite, destination, range, if, lock-token, timeout
Header Name: [access-control-allow-headers], Value: [authorization, content-type, depth, overwrite, destination, range, if, lock-token, timeout]
[hdr] Access-Control-Allow-Methods: OPTIONS, PROPFIND, PROPPATCH, MKCOL, GET, HEAD, PUT, DELETE, COPY, MOVE, LOCK, UNLOCK
Header Name: [access-control-allow-methods], Value: [OPTIONS, PROPFIND, PROPPATCH, MKCOL, GET, HEAD, PUT, DELETE, COPY, MOVE, LOCK, UNLOCK]
[hdr] Access-Control-Expose-Headers: content-type, content-length, dav, etag, last-modified, location, date, content-range, lock-token
Header Name: [access-control-expose-headers], Value: [content-type, content-length, dav, etag, last-modified, location, date, content-range, lock-token]
[hdr] Access-Control-Max-Age: 86400
Header Name: [access-control-max-age], Value: [86400]
[hdr] 
End of headers.
Running post_headers hooks
Reading 6 bytes of response body.
Got 6 bytes.
Read block (6 bytes):
[Locked]
Running post_send hooks
auth: Post-send (#1), code is 423 (want 401), WWW-Authenticate is (none)
Running destroy hooks.
Request ends.
auth: Create for WWW-Authenticate
Running pre_send hooks
auth: Sending 'Basic' response.
auth: '/litmus/lockme' is inside auth domain: 1.
Sending request headers:
MOVE /litmus/lockme HTTP/1.1
User-Agent: litmus/0.13 neon/0.33.0
Connection: TE
TE: trailers
Host: 127.0.0.1:8787
Destination: http://127.0.0.1:8787/litmus/whocares
Overwrite: F
Authorization: Basic dGVzdDp0ZXN0
X-Litmus-Second: locks: 9 (notowner_modify)

Sending request-line and headers:
Request sent; retry is 1.
[status-line] < HTTP/1.1 423 Locked
[hdr] Content-Length: 6
Header Name: [content-length], Value: [6]
[hdr] Content-Type: text/plain;charset=UTF-8
Header Name: [content-type], Value: [text/plain;charset=UTF-8]
[hdr] Access-Control-Allow-Origin: *
Header Name: [access-control-allow-origin], Value: [*]
[hdr] Access-Control-Allow-Credentials: false
Header Name: [access-control-allow-credentials], Value: [false]
[hdr] Access-Control-Allow-Headers: authorization, content-type, depth, overwrite, destination, range, if, lock-token, timeout
Header Name: [access-control-allow-headers], Value: [authorization, content-type, depth, overwrite, destination, range, if, lock-token, timeout]
[hdr] Access-Control-Allow-Methods: OPTIONS, PROPFIND, PROPPATCH, MKCOL, GET, HEAD, PUT, DELETE, COPY, MOVE, LOCK, UNLOCK
Header Name: [access-control-allow-methods], Value: [OPTIONS, PROPFIND, PROPPATCH, MKCOL, GET, HEAD, PUT, DELETE, COPY, MOVE, LOCK, UNLOCK]
[hdr] Access-Control-Expose-Headers: content-type, content-length, dav, etag, last-modified, location, date, content-range, lock-token
Header Name: [access-control-expose-headers], Value: [content-type, content-length, dav, etag, last-modified, location, date, content-range, lock-token]
[hdr] Access-Control-Max-Age: 86400
Header Name: [access-control-max-age], Value: [86400]
[hdr] 
End of headers.
Running post_headers hooks
Reading 6 bytes of response body.
Got 6 bytes.
Read block (6 bytes):
[Locked]
Running post_send hooks
auth: Post-send (#0), code is 423 (want 401), WWW-Authenticate is (none)
Running destroy hooks.
Request ends.
auth: Create for WWW-Authenticate
Running pre_send hooks
auth: Sending 'Basic' response.
auth: '/litmus/notlocked' is inside auth domain: 1.
Sending request headers:
COPY /litmus/notlocked HTTP/1.1
User-Agent: litmus/0.13 neon/0.33.0
Connection: TE
TE: trailers
Host: 127.0.0.1:8787
Depth: 0
Destination: http://127.0.0.1:8787/litmus/lockme
Overwrite: T
Authorization: Basic dGVzdDp0ZXN0
X-Litmus-Second: locks: 9 (notowner_modify)

Sending request-line and headers:
Request sent; retry is 1.
[status-line] < HTTP/1.1 423 Locked
[hdr] Content-Length: 6
Header Name: [content-length], Value: [6]
[hdr] Content-Type: text/plain;charset=UTF-8
Header Name: [content-type], Value: [text/plain;charset=UTF-8]
[hdr] Access-Control-Allow-Origin: *
Header Name: [access-control-allow-origin], Value: [*]
[hdr] Access-Control-Allow-Credentials: false
Header Name: [access-control-allow-credentials], Value: [false]
[hdr] Access-Control-Allow-Headers: authorization, content-type, depth, overwrite, destination, range, if, lock-token, timeout
Header Name: [access-control-allow-headers], Value: [authorization, content-type, depth, overwrite, destination, range, if, lock-token, timeout]
[hdr] Access-Control-Allow-Methods: OPTIONS, PROPFIND, PROPPATCH, MKCOL, GET, HEAD, PUT, DELETE, COPY, MOVE, LOCK, UNLOCK
Header Name: [access-control-allow-methods], Value: [OPTIONS, PROPFIND, PROPPATCH, MKCOL, GET, HEAD, PUT, DELETE, COPY, MOVE, LOCK, UNLOCK]
[hdr] Access-Control-Expose-Headers: content-type, content-length, dav, etag, last-modified, location, date, content-range, lock-token
Header Name: [access-control-expose-headers], Value: [content-type, content-length, dav, etag, last-modified, location, date, content-range, lock-token]
[hdr] Access-Control-Max-Age: 86400
Header Name: [access-control-max-age], Value: [86400]
[hdr] 
End of headers.
Running post_headers hooks
Reading 6 bytes of response body.
Got 6 bytes.
Read block (6 bytes):
[Locked]
Running post_send hooks
auth: Post-send (#0), code is 423 (want 401), WWW-Authenticate is (none)
Running destroy hooks.
Request ends.
auth: Create for WWW-Authenticate
Running pre_send hooks
auth: Sending 'Basic' response.
auth: '/litmus/lockme' is inside auth domain: 1.
Sending request headers:
PROPPATCH /litmus/lockme HTTP/1.1
User-Agent: litmus/0.13 neon/0.33.0
Connection: TE
TE: trailers
Host: 127.0.0.1:8787
Content-Length: 188
Content-Type: application/xml
Authorization: Basic dGVzdDp0ZXN0
X-Litmus-Second: locks: 9 (notowner_modify)

Sending request-line and headers:
Sending request body:
Body block (188 bytes):
[<?xml version="1.0" encoding="utf-8" ?>
<D:propertyupdate xmlns:D="DAV:"><D:set><D:prop><random xmlns="http://webdav.org/neon/litmus/">foobar</random></D:prop></D:set>
</D:propertyupdate>
]
Request sent; retry is 1.
[status-line] < HTTP/1.1 423 Locked
[hdr] Content-Length: 6
Header Name: [content-length], Value: [6]
[hdr] Content-Type: text/plain;charset=UTF-8
Header Name: [content-type], Value: [text/plain;charset=UTF-8]
[hdr] Access-Control-Allow-Origin: *
Header Name: [access-control-allow-origin], Value: [*]
[hdr] Access-Control-Allow-Credentials: false
Header Name: [access-control-allow-credentials], Value: [false]
[hdr] Access-Control-Allow-Headers: authorization, content-type, depth, overwrite, destination, range, if, lock-token, timeout
Header Name: [access-control-allow-headers], Value: [authorization, content-type, depth, overwrite, destination, range, if, lock-token, timeout]
[hdr] Access-Control-Allow-Methods: OPTIONS, PROPFIND, PROPPATCH, MKCOL, GET, HEAD, PUT, DELETE, COPY, MOVE, LOCK, UNLOCK
Header Name: [access-control-allow-methods], Value: [OPTIONS, PROPFIND, PROPPATCH, MKCOL, GET, HEAD, PUT, DELETE, COPY, MOVE, LOCK, UNLOCK]
[hdr] Access-Control-Expose-Headers: content-type, content-length, dav, etag, last-modified, location, date, content-range, lock-token
Header Name: [access-control-expose-headers], Value: [content-type, content-length, dav, etag, last-modified, location, date, content-range, lock-token]
[hdr] Access-Control-Max-Age: 86400
Header Name: [access-control-max-age], Value: [86400]
[hdr] 
End of headers.
Running post_headers hooks
Reading 6 bytes of response body.
Got 6 bytes.
Read block (6 bytes):
[Locked]
Running post_send hooks
auth: Post-send (#0), code is 423 (want 401), WWW-Authenticate is (none)
Running destroy hooks.
Request ends.
auth: Create for WWW-Authenticate
Running pre_send hooks
auth: Sending 'Basic' response.
auth: '/litmus/lockme' is inside auth domain: 1.
Sending request headers:
PUT /litmus/lockme HTTP/1.1
User-Agent: litmus/0.13 neon/0.33.0
Connection: TE
TE: trailers
Host: 127.0.0.1:8787
Content-Length: 32
Authorization: Basic dGVzdDp0ZXN0
X-Litmus-Second: locks: 9 (notowner_modify)

Sending request-line and headers:
Sending request body:
Body block (32 bytes):
[This
is
a
test
file
called
foo

]
Request sent; retry is 1.
[status-line] < HTTP/1.1 423 Locked
[hdr] Content-Length: 6
Header Name: [content-length], Value: [6]
[hdr] Content-Type: text/plain;charset=UTF-8
Header Name: [content-type], Value: [text/plain;charset=UTF-8]
[hdr] Access-Control-Allow-Origin: *
Header Name: [access-control-allow-origin], Value: [*]
[hdr] Access-Control-Allow-Credentials: false
Header Name: [access-control-allow-credentials], Value: [false]
[hdr] Access-Control-Allow-Headers: authorization, content-type, depth, overwrite, destination, range, if, lock-token, timeout
Header Name: [access-control-allow-headers], Value: [authorization, content-type, depth, overwrite, destination, range, if, lock-token, timeout]
[hdr] Access-Control-Allow-Methods: OPTIONS, PROPFIND, PROPPATCH, MKCOL, GET, HEAD, PUT, DELETE, COPY, MOVE, LOCK, UNLOCK
Header Name: [access-control-allow-methods], Value: [OPTIONS, PROPFIND, PROPPATCH, MKCOL, GET, HEAD, PUT, DELETE, COPY, MOVE, LOCK, UNLOCK]
[hdr] Access-Control-Expose-Headers: content-type, content-length, dav, etag, last-modified, location, date, content-range, lock-token
Header Name: [access-control-expose-headers], Value: [content-type, content-length, dav, etag, last-modified, location, date, content-range, lock-token]
[hdr] Access-Control-Max-Age: 86400
Header Name: [access-control-max-age], Value: [86400]
[hdr] 
End of headers.
Running post_headers hooks
Reading 6 bytes of response body.
Got 6 bytes.
Read block (6 bytes):
[Locked]
Running post_send hooks
auth: Post-send (#0), code is 423 (want 401), WWW-Authenticate is (none)
Request ends, status 423 class 4xx, error line:
423 Locked
Running destroy hooks.
Request ends.
******* Running test 10: notowner_lock ********
auth: Create for WWW-Authenticate
Running pre_send hooks
auth: Sending 'Basic' response.
auth: '/litmus/lockme' is inside auth domain: 1.
Sending request headers:
UNLOCK /litmus/lockme HTTP/1.1
User-Agent: litmus/0.13 neon/0.33.0
Connection: TE
TE: trailers
Host: 127.0.0.1:8787
Lock-Token: <opaquelocktoken:foobar>
Authorization: Basic dGVzdDp0ZXN0
X-Litmus-Second: locks: 10 (notowner_lock)

Sending request-line and headers:
Request sent; retry is 1.
[status-line] < HTTP/1.1 423 Locked
[hdr] Content-Length: 6
Header Name: [content-length], Value: [6]
[hdr] Content-Type: text/plain;charset=UTF-8
Header Name: [content-type], Value: [text/plain;charset=UTF-8]
[hdr] Access-Control-Allow-Origin: *
Header Name: [access-control-allow-origin], Value: [*]
[hdr] Access-Control-Allow-Credentials: false
Header Name: [access-control-allow-credentials], Value: [false]
[hdr] Access-Control-Allow-Headers: authorization, content-type, depth, overwrite, destination, range, if, lock-token, timeout
Header Name: [access-control-allow-headers], Value: [authorization, content-type, depth, overwrite, destination, range, if, lock-token, timeout]
[hdr] Access-Control-Allow-Methods: OPTIONS, PROPFIND, PROPPATCH, MKCOL, GET, HEAD, PUT, DELETE, COPY, MOVE, LOCK, UNLOCK
Header Name: [access-control-allow-methods], Value: [OPTIONS, PROPFIND, PROPPATCH, MKCOL, GET, HEAD, PUT, DELETE, COPY, MOVE, LOCK, UNLOCK]
[hdr] Access-Control-Expose-Headers: content-type, content-length, dav, etag, last-modified, location, date, content-range, lock-token
Header Name: [access-control-expose-headers], Value: [content-type, content-length, dav, etag, last-modified, location, date, content-range, lock-token]
[hdr] Access-Control-Max-Age: 86400
Header Name: [access-control-max-age], Value: [86400]
[hdr] 
End of headers.
Running post_headers hooks
Reading 6 bytes of response body.
Got 6 bytes.
Read block (6 bytes):
[Locked]
Running post_send hooks
auth: Post-send (#0), code is 423 (want 401), WWW-Authenticate is (none)
Request ends, status 423 class 4xx, error line:
423 Locked
Running destroy hooks.
Request ends.
auth: Create for WWW-Authenticate
req: Closing connection for non-idempotent request.
sess: Closing connection.
sess: Connection closed.
Running pre_send hooks
auth: Sending 'Basic' response.
auth: '/litmus/lockme' is inside auth domain: 1.
Sending request headers:
LOCK /litmus/lockme HTTP/1.1
User-Agent: litmus/0.13 neon/0.33.0
Connection: TE
TE: trailers
Host: 127.0.0.1:8787
Content-Length: 170
Content-Type: application/xml
Depth: 0
Timeout: Second-3600
Authorization: Basic dGVzdDp0ZXN0
X-Litmus-Second: locks: 10 (notowner_lock)

Sending request-line and headers:
req: Connecting to 127.0.0.1:8787
Sending request body:
Body block (170 bytes):
[<?xml version="1.0" encoding="utf-8"?>
<lockinfo xmlns='DAV:'>
 <lockscope><exclusive/></lockscope>
<locktype><write/></locktype><owner>notowner lock</owner>
</lockinfo>
]
Request sent; retry is 0.
[status-line] < HTTP/1.1 423 Locked
[hdr] Content-Length: 6
Header Name: [content-length], Value: [6]
[hdr] Content-Type: text/plain;charset=UTF-8
Header Name: [content-type], Value: [text/plain;charset=UTF-8]
[hdr] Access-Control-Allow-Origin: *
Header Name: [access-control-allow-origin], Value: [*]
[hdr] Access-Control-Allow-Credentials: false
Header Name: [access-control-allow-credentials], Value: [false]
[hdr] Access-Control-Allow-Headers: authorization, content-type, depth, overwrite, destination, range, if, lock-token, timeout
Header Name: [access-control-allow-headers], Value: [authorization, content-type, depth, overwrite, destination, range, if, lock-token, timeout]
[hdr] Access-Control-Allow-Methods: OPTIONS, PROPFIND, PROPPATCH, MKCOL, GET, HEAD, PUT, DELETE, COPY, MOVE, LOCK, UNLOCK
Header Name: [access-control-allow-methods], Value: [OPTIONS, PROPFIND, PROPPATCH, MKCOL, GET, HEAD, PUT, DELETE, COPY, MOVE, LOCK, UNLOCK]
[hdr] Access-Control-Expose-Headers: content-type, content-length, dav, etag, last-modified, location, date, content-range, lock-token
Header Name: [access-control-expose-headers], Value: [content-type, content-length, dav, etag, last-modified, location, date, content-range, lock-token]
[hdr] Access-Control-Max-Age: 86400
Header Name: [access-control-max-age], Value: [86400]
[hdr] 
End of headers.
Running post_headers hooks
Reading 6 bytes of response body.
Got 6 bytes.
Read block (6 bytes):
[Locked]
Running post_send hooks
auth: Post-send (#0), code is 423 (want 401), WWW-Authenticate is (none)
Running destroy hooks.
Request ends.
******* Running test 11: owner_modify ********
auth: Create for WWW-Authenticate
Has direct lock: urn:uuid:e28f16ac-f249-487c-adb9-1b18b0a63605
Running pre_send hooks
auth: Sending 'Basic' response.
auth: '/litmus/lockme' is inside auth domain: 1.
Sending request headers:
PUT /litmus/lockme HTTP/1.1
User-Agent: litmus/0.13 neon/0.33.0
Connection: TE
TE: trailers
Host: 127.0.0.1:8787
Content-Length: 32
Authorization: Basic dGVzdDp0ZXN0
X-Litmus: locks: 11 (owner_modify)
If: <http://127.0.0.1:8787/litmus/lockme> (<urn:uuid:e28f16ac-f249-487c-adb9-1b18b0a63605>)

Sending request-line and headers:
Sending request body:
Body block (32 bytes):
[This
is
a
test
file
called
foo

]
Request sent; retry is 1.
[status-line] < HTTP/1.1 204 No Content
[hdr] Access-Control-Allow-Origin: *
Header Name: [access-control-allow-origin], Value: [*]
[hdr] Access-Control-Allow-Credentials: false
Header Name: [access-control-allow-credentials], Value: [false]
[hdr] Access-Control-Allow-Headers: authorization, content-type, depth, overwrite, destination, range, if, lock-token, timeout
Header Name: [access-control-allow-headers], Value: [authorization, content-type, depth, overwrite, destination, range, if, lock-token, timeout]
[hdr] Access-Control-Allow-Methods: OPTIONS, PROPFIND, PROPPATCH, MKCOL, GET, HEAD, PUT, DELETE, COPY, MOVE, LOCK, UNLOCK
Header Name: [access-control-allow-methods], Value: [OPTIONS, PROPFIND, PROPPATCH, MKCOL, GET, HEAD, PUT, DELETE, COPY, MOVE, LOCK, UNLOCK]
[hdr] Access-Control-Expose-Headers: content-type, content-length, dav, etag, last-modified, location, date, content-range, lock-token
Header Name: [access-control-expose-headers], Value: [content-type, content-length, dav, etag, last-modified, location, date, content-range, lock-token]
[hdr] Access-Control-Max-Age: 86400
Header Name: [access-control-max-age], Value: [86400]
[hdr] 
End of headers.
Running post_headers hooks
Running post_send hooks
auth: Post-send (#0), code is 204 (want 401), WWW-Authenticate is (none)
Request ends, status 204 class 2xx, error line:
204 No Content
Running destroy hooks.
Request ends.
auth: Create for WWW-Authenticate
Has direct lock: urn:uuid:e28f16ac-f249-487c-adb9-1b18b0a63605
Running pre_send hooks
auth: Sending 'Basic' response.
auth: '/litmus/lockme' is inside auth domain: 1.
Sending request headers:
PROPPATCH /litmus/lockme HTTP/1.1
User-Agent: litmus/0.13 neon/0.33.0
Connection: TE
TE: trailers
Host: 127.0.0.1:8787
Content-Length: 188
Content-Type: application/xml
Authorization: Basic dGVzdDp0ZXN0
X-Litmus: locks: 11 (owner_modify)
If: <http://127.0.0.1:8787/litmus/lockme> (<urn:uuid:e28f16ac-f249-487c-adb9-1b18b0a63605>)

Sending request-line and headers:
Sending request body:
Body block (188 bytes):
[<?xml version="1.0" encoding="utf-8" ?>
<D:propertyupdate xmlns:D="DAV:"><D:set><D:prop><random xmlns="http://webdav.org/neon/litmus/">foobar</random></D:prop></D:set>
</D:propertyupdate>
]
Request sent; retry is 1.
[status-line] < HTTP/1.1 207 Multi-Status
[hdr] Content-Length: 273
Header Name: [content-length], Value: [273]
[hdr] Content-Type: application/xml; charset=utf-8
Header Name: [content-type], Value: [application/xml; charset=utf-8]
[hdr] Access-Control-Allow-Origin: *
Header Name: [access-control-allow-origin], Value: [*]
[hdr] Access-Control-Allow-Credentials: false
Header Name: [access-control-allow-credentials], Value: [false]
[hdr] Access-Control-Allow-Headers: authorization, content-type, depth, overwrite, destination, range, if, lock-token, timeout
Header Name: [access-control-allow-headers], Value: [authorization, content-type, depth, overwrite, destination, range, if, lock-token, timeout]
[hdr] Access-Control-Allow-Methods: OPTIONS, PROPFIND, PROPPATCH, MKCOL, GET, HEAD, PUT, DELETE, COPY, MOVE, LOCK, UNLOCK
Header Name: [access-control-allow-methods], Value: [OPTIONS, PROPFIND, PROPPATCH, MKCOL, GET, HEAD, PUT, DELETE, COPY, MOVE, LOCK, UNLOCK]
[hdr] Access-Control-Expose-Headers: content-type, content-length, dav, etag, last-modified, location, date, content-range, lock-token
Header Name: [access-control-expose-headers], Value: [content-type, content-length, dav, etag, last-modified, location, date, content-range, lock-token]
[hdr] Access-Control-Max-Age: 86400
Header Name: [access-control-max-age], Value: [86400]
[hdr] 
End of headers.
Running post_headers hooks
Reading 273 bytes of response body.
Got 273 bytes.
Read block (273 bytes):
[<?xml version="1.0" encoding="utf-8"?>
<multistatus xmlns="DAV:">
	<response>
		<href>/litmus/lockme</href>
		<propstat>
			<prop>
				<random xmlns="http://webdav.org/neon/litmus/" />
			</prop>
			<status>HTTP/1.1 200 OK</status>
		</propstat>
	</response>
</multistatus>]
XML: Parsing 273 bytes.
XML: start-element (0, {DAV:, multistatus}) => 1
XML: char-data (1) returns 0
XML: start-element (1, {DAV:, response}) => 2
XML: char-data (2) returns 0
XML: start-element (2, {DAV:, href}) => 4
XML: char-data (4) returns 0
XML: end-element (4, {DAV:, href})
XML: char-data (2) returns 0
XML: start-element (2, {DAV:, propstat}) => 7
XML: char-data (7) returns 0
XML: start-element (7, {DAV:, prop}) => 50
XML: char-data (50) returns 0
XML: start-element (50, {http://webdav.org/neon/litmus/, random}) => 0
XML: end-element (0, {http://webdav.org/neon/litmus/, random})
XML: char-data (50) returns 0
XML: end-element (50, {DAV:, prop})
XML: char-data (7) returns 0
XML: start-element (7, {DAV:, status}) => 6
XML: char-data (6) returns 0
Decoded status line: HTTP/1.1 200 OK
XML: end-element (6, {DAV:, status})
XML: char-data (7) returns 0
XML: end-element (7, {DAV:, propstat})
XML: char-data (2) returns 0
XML: end-element (2, {DAV:, response})
XML: char-data (1) returns 0
XML: end-element (1, {DAV:, multistatus})
XML: xmlParseChunk returned 0
XML: End of document.
XML: xmlParseChunk returned 0
Running post_send hooks
auth: Post-send (#0), code is 207 (want 401), WWW-Authenticate is (none)
Running destroy hooks.
Request ends.
******* Running test 12: notowner_modify ********
auth: Create for WWW-Authenticate
Running pre_send hooks
auth: Sending 'Basic' response.
auth: '/litmus/lockme' is inside auth domain: 1.
Sending request headers:
DELETE /litmus/lockme HTTP/1.1
User-Agent: litmus/0.13 neon/0.33.0
Connection: TE
TE: trailers
Host: 127.0.0.1:8787
Authorization: Basic dGVzdDp0ZXN0
X-Litmus-Second: locks: 12 (notowner_modify)

Sending request-line and headers:
Request sent; retry is 1.
[status-line] < HTTP/1.1 423 Locked
[hdr] Content-Length: 6
Header Name: [content-length], Value: [6]
[hdr] Content-Type: text/plain;charset=UTF-8
Header Name: [content-type], Value: [text/plain;charset=UTF-8]
[hdr] Access-Control-Allow-Origin: *
Header Name: [access-control-allow-origin], Value: [*]
[hdr] Access-Control-Allow-Credentials: false
Header Name: [access-control-allow-credentials], Value: [false]
[hdr] Access-Control-Allow-Headers: authorization, content-type, depth, overwrite, destination, range, if, lock-token, timeout
Header Name: [access-control-allow-headers], Value: [authorization, content-type, depth, overwrite, destination, range, if, lock-token, timeout]
[hdr] Access-Control-Allow-Methods: OPTIONS, PROPFIND, PROPPATCH, MKCOL, GET, HEAD, PUT, DELETE, COPY, MOVE, LOCK, UNLOCK
Header Name: [access-control-allow-methods], Value: [OPTIONS, PROPFIND, PROPPATCH, MKCOL, GET, HEAD, PUT, DELETE, COPY, MOVE, LOCK, UNLOCK]
[hdr] Access-Control-Expose-Headers: content-type, content-length, dav, etag, last-modified, location, date, content-range, lock-token
Header Name: [access-control-expose-headers], Value: [content-type, content-length, dav, etag, last-modified, location, date, content-range, lock-token]
[hdr] Access-Control-Max-Age: 86400
Header Name: [access-control-max-age], Value: [86400]
[hdr] 
End of headers.
Running post_headers hooks
Reading 6 bytes of response body.
Got 6 bytes.
Read block (6 bytes):
[Locked]
Running post_send hooks
auth: Post-send (#0), code is 423 (want 401), WWW-Authenticate is (none)
Running destroy hooks.
Request ends.
auth: Create for WWW-Authenticate
Running pre_send hooks
auth: Sending 'Basic' response.
auth: '/litmus/lockme' is inside auth domain: 1.
Sending request headers:
MOVE /litmus/lockme HTTP/1.1
User-Agent: litmus/0.13 neon/0.33.0
Connection: TE
TE: trailers
Host: 127.0.0.1:8787
Destination: http://127.0.0.1:8787/litmus/whocares
Overwrite: F
Authorization: Basic dGVzdDp0ZXN0
X-Litmus-Second: locks: 12 (notowner_modify)

Sending request-line and headers:
Request sent; retry is 1.
[status-line] < HTTP/1.1 423 Locked
[hdr] Content-Length: 6
Header Name: [content-length], Value: [6]
[hdr] Content-Type: text/plain;charset=UTF-8
Header Name: [content-type], Value: [text/plain;charset=UTF-8]
[hdr] Access-Control-Allow-Origin: *
Header Name: [access-control-allow-origin], Value: [*]
[hdr] Access-Control-Allow-Credentials: false
Header Name: [access-control-allow-credentials], Value: [false]
[hdr] Access-Control-Allow-Headers: authorization, content-type, depth, overwrite, destination, range, if, lock-token, timeout
Header Name: [access-control-allow-headers], Value: [authorization, content-type, depth, overwrite, destination, range, if, lock-token, timeout]
[hdr] Access-Control-Allow-Methods: OPTIONS, PROPFIND, PROPPATCH, MKCOL, GET, HEAD, PUT, DELETE, COPY, MOVE, LOCK, UNLOCK
Header Name: [access-control-allow-methods], Value: [OPTIONS, PROPFIND, PROPPATCH, MKCOL, GET, HEAD, PUT, DELETE, COPY, MOVE, LOCK, UNLOCK]
[hdr] Access-Control-Expose-Headers: content-type, content-length, dav, etag, last-modified, location, date, content-range, lock-token
Header Name: [access-control-expose-headers], Value: [content-type, content-length, dav, etag, last-modified, location, date, content-range, lock-token]
[hdr] Access-Control-Max-Age: 86400
Header Name: [access-control-max-age], Value: [86400]
[hdr] 
End of headers.
Running post_headers hooks
Reading 6 bytes of response body.
Got 6 bytes.
Read block (6 bytes):
[Locked]
Running post_send hooks
auth: Post-send (#0), code is 423 (want 401), WWW-Authenticate is (none)
Running destroy hooks.
Request ends.
auth: Create for WWW-Authenticate
Running pre_send hooks
auth: Sending 'Basic' response.
auth: '/litmus/notlocked' is inside auth domain: 1.
Sending request headers:
COPY /litmus/notlocked HTTP/1.1
User-Agent: litmus/0.13 neon/0.33.0
Connection: TE
TE: trailers
Host: 127.0.0.1:8787
Depth: 0
Destination: http://127.0.0.1:8787/litmus/lockme
Overwrite: T
Authorization: Basic dGVzdDp0ZXN0
X-Litmus-Second: locks: 12 (notowner_modify)

Sending request-line and headers:
Request sent; retry is 1.
[status-line] < HTTP/1.1 423 Locked
[hdr] Content-Length: 6
Header Name: [content-length], Value: [6]
[hdr] Content-Type: text/plain;charset=UTF-8
Header Name: [content-type], Value: [text/plain;charset=UTF-8]
[hdr] Access-Control-Allow-Origin: *
Header Name: [access-control-allow-origin], Value: [*]
[hdr] Access-Control-Allow-Credentials: false
Header Name: [access-control-allow-credentials], Value: [false]
[hdr] Access-Control-Allow-Headers: authorization, content-type, depth, overwrite, destination, range, if, lock-token, timeout
Header Name: [access-control-allow-headers], Value: [authorization, content-type, depth, overwrite, destination, range, if, lock-token, timeout]
[hdr] Access-Control-Allow-Methods: OPTIONS, PROPFIND, PROPPATCH, MKCOL, GET, HEAD, PUT, DELETE, COPY, MOVE, LOCK, UNLOCK
Header Name: [access-control-allow-methods], Value: [OPTIONS, PROPFIND, PROPPATCH, MKCOL, GET, HEAD, PUT, DELETE, COPY, MOVE, LOCK, UNLOCK]
[hdr] Access-Control-Expose-Headers: content-type, content-length, dav, etag, last-modified, location, date, content-range, lock-token
Header Name: [access-control-expose-headers], Value: [content-type, content-length, dav, etag, last-modified, location, date, content-range, lock-token]
[hdr] Access-Control-Max-Age: 86400
Header Name: [access-control-max-age], Value: [86400]
[hdr] 
End of headers.
Running post_headers hooks
Reading 6 bytes of response body.
Got 6 bytes.
Read block (6 bytes):
[Locked]
Running post_send hooks
auth: Post-send (#0), code is 423 (want 401), WWW-Authenticate is (none)
Running destroy hooks.
Request ends.
auth: Create for WWW-Authenticate
Running pre_send hooks
auth: Sending 'Basic' response.
auth: '/litmus/lockme' is inside auth domain: 1.
Sending request headers:
PROPPATCH /litmus/lockme HTTP/1.1
User-Agent: litmus/0.13 neon/0.33.0
Connection: TE
TE: trailers
Host: 127.0.0.1:8787
Content-Length: 188
Content-Type: application/xml
Authorization: Basic dGVzdDp0ZXN0
X-Litmus-Second: locks: 12 (notowner_modify)

Sending request-line and headers:
Sending request body:
Body block (188 bytes):
[<?xml version="1.0" encoding="utf-8" ?>
<D:propertyupdate xmlns:D="DAV:"><D:set><D:prop><random xmlns="http://webdav.org/neon/litmus/">foobar</random></D:prop></D:set>
</D:propertyupdate>
]
Request sent; retry is 1.
[status-line] < HTTP/1.1 423 Locked
[hdr] Content-Length: 6
Header Name: [content-length], Value: [6]
[hdr] Content-Type: text/plain;charset=UTF-8
Header Name: [content-type], Value: [text/plain;charset=UTF-8]
[hdr] Access-Control-Allow-Origin: *
Header Name: [access-control-allow-origin], Value: [*]
[hdr] Access-Control-Allow-Credentials: false
Header Name: [access-control-allow-credentials], Value: [false]
[hdr] Access-Control-Allow-Headers: authorization, content-type, depth, overwrite, destination, range, if, lock-token, timeout
Header Name: [access-control-allow-headers], Value: [authorization, content-type, depth, overwrite, destination, range, if, lock-token, timeout]
[hdr] Access-Control-Allow-Methods: OPTIONS, PROPFIND, PROPPATCH, MKCOL, GET, HEAD, PUT, DELETE, COPY, MOVE, LOCK, UNLOCK
Header Name: [access-control-allow-methods], Value: [OPTIONS, PROPFIND, PROPPATCH, MKCOL, GET, HEAD, PUT, DELETE, COPY, MOVE, LOCK, UNLOCK]
[hdr] Access-Control-Expose-Headers: content-type, content-length, dav, etag, last-modified, location, date, content-range, lock-token
Header Name: [access-control-expose-headers], Value: [content-type, content-length, dav, etag, last-modified, location, date, content-range, lock-token]
[hdr] Access-Control-Max-Age: 86400
Header Name: [access-control-max-age], Value: [86400]
[hdr] 
End of headers.
Running post_headers hooks
Reading 6 bytes of response body.
Got 6 bytes.
Read block (6 bytes):
[Locked]
Running post_send hooks
auth: Post-send (#0), code is 423 (want 401), WWW-Authenticate is (none)
Running destroy hooks.
Request ends.
auth: Create for WWW-Authenticate
Running pre_send hooks
auth: Sending 'Basic' response.
auth: '/litmus/lockme' is inside auth domain: 1.
Sending request headers:
PUT /litmus/lockme HTTP/1.1
User-Agent: litmus/0.13 neon/0.33.0
Connection: TE
TE: trailers
Host: 127.0.0.1:8787
Content-Length: 32
Authorization: Basic dGVzdDp0ZXN0
X-Litmus-Second: locks: 12 (notowner_modify)

Sending request-line and headers:
Sending request body:
Body block (32 bytes):
[This
is
a
test
file
called
foo

]
Request sent; retry is 1.
[status-line] < HTTP/1.1 423 Locked
[hdr] Content-Length: 6
Header Name: [content-length], Value: [6]
[hdr] Content-Type: text/plain;charset=UTF-8
Header Name: [content-type], Value: [text/plain;charset=UTF-8]
[hdr] Access-Control-Allow-Origin: *
Header Name: [access-control-allow-origin], Value: [*]
[hdr] Access-Control-Allow-Credentials: false
Header Name: [access-control-allow-credentials], Value: [false]
[hdr] Access-Control-Allow-Headers: authorization, content-type, depth, overwrite, destination, range, if, lock-token, timeout
Header Name: [access-control-allow-headers], Value: [authorization, content-type, depth, overwrite, destination, range, if, lock-token, timeout]
[hdr] Access-Control-Allow-Methods: OPTIONS, PROPFIND, PROPPATCH, MKCOL, GET, HEAD, PUT, DELETE, COPY, MOVE, LOCK, UNLOCK
Header Name: [access-control-allow-methods], Value: [OPTIONS, PROPFIND, PROPPATCH, MKCOL, GET, HEAD, PUT, DELETE, COPY, MOVE, LOCK, UNLOCK]
[hdr] Access-Control-Expose-Headers: content-type, content-length, dav, etag, last-modified, location, date, content-range, lock-token
Header Name: [access-control-expose-headers], Value: [content-type, content-length, dav, etag, last-modified, location, date, content-range, lock-token]
[hdr] Access-Control-Max-Age: 86400
Header Name: [access-control-max-age], Value: [86400]
[hdr] 
End of headers.
Running post_headers hooks
Reading 6 bytes of response body.
Got 6 bytes.
Read block (6 bytes):
[Locked]
Running post_send hooks
auth: Post-send (#0), code is 423 (want 401), WWW-Authenticate is (none)
Request ends, status 423 class 4xx, error line:
423 Locked
Running destroy hooks.
Request ends.
******* Running test 13: notowner_lock ********
auth: Create for WWW-Authenticate
Running pre_send hooks
auth: Sending 'Basic' response.
auth: '/litmus/lockme' is inside auth domain: 1.
Sending request headers:
UNLOCK /litmus/lockme HTTP/1.1
User-Agent: litmus/0.13 neon/0.33.0
Connection: TE
TE: trailers
Host: 127.0.0.1:8787
Lock-Token: <opaquelocktoken:foobar>
Authorization: Basic dGVzdDp0ZXN0
X-Litmus-Second: locks: 13 (notowner_lock)

Sending request-line and headers:
Request sent; retry is 1.
[status-line] < HTTP/1.1 423 Locked
[hdr] Content-Length: 6
Header Name: [content-length], Value: [6]
[hdr] Content-Type: text/plain;charset=UTF-8
Header Name: [content-type], Value: [text/plain;charset=UTF-8]
[hdr] Access-Control-Allow-Origin: *
Header Name: [access-control-allow-origin], Value: [*]
[hdr] Access-Control-Allow-Credentials: false
Header Name: [access-control-allow-credentials], Value: [false]
[hdr] Access-Control-Allow-Headers: authorization, content-type, depth, overwrite, destination, range, if, lock-token, timeout
Header Name: [access-control-allow-headers], Value: [authorization, content-type, depth, overwrite, destination, range, if, lock-token, timeout]
[hdr] Access-Control-Allow-Methods: OPTIONS, PROPFIND, PROPPATCH, MKCOL, GET, HEAD, PUT, DELETE, COPY, MOVE, LOCK, UNLOCK
Header Name: [access-control-allow-methods], Value: [OPTIONS, PROPFIND, PROPPATCH, MKCOL, GET, HEAD, PUT, DELETE, COPY, MOVE, LOCK, UNLOCK]
[hdr] Access-Control-Expose-Headers: content-type, content-length, dav, etag, last-modified, location, date, content-range, lock-token
Header Name: [access-control-expose-headers], Value: [content-type, content-length, dav, etag, last-modified, location, date, content-range, lock-token]
[hdr] Access-Control-Max-Age: 86400
Header Name: [access-control-max-age], Value: [86400]
[hdr] 
End of headers.
Running post_headers hooks
Reading 6 bytes of response body.
Got 6 bytes.
Read block (6 bytes):
[Locked]
Running post_send hooks
auth: Post-send (#0), code is 423 (want 401), WWW-Authenticate is (none)
Request ends, status 423 class 4xx, error line:
423 Locked
Running destroy hooks.
Request ends.
auth: Create for WWW-Authenticate
req: Closing connection for non-idempotent request.
sess: Closing connection.
sess: Connection closed.
Running pre_send hooks
auth: Sending 'Basic' response.
auth: '/litmus/lockme' is inside auth domain: 1.
Sending request headers:
LOCK /litmus/lockme HTTP/1.1
User-Agent: litmus/0.13 neon/0.33.0
Connection: TE
TE: trailers
Host: 127.0.0.1:8787
Content-Length: 170
Content-Type: application/xml
Depth: 0
Timeout: Second-3600
Authorization: Basic dGVzdDp0ZXN0
X-Litmus-Second: locks: 13 (notowner_lock)

Sending request-line and headers:
req: Connecting to 127.0.0.1:8787
Sending request body:
Body block (170 bytes):
[<?xml version="1.0" encoding="utf-8"?>
<lockinfo xmlns='DAV:'>
 <lockscope><exclusive/></lockscope>
<locktype><write/></locktype><owner>notowner lock</owner>
</lockinfo>
]
Request sent; retry is 0.
[status-line] < HTTP/1.1 423 Locked
[hdr] Content-Length: 6
Header Name: [content-length], Value: [6]
[hdr] Content-Type: text/plain;charset=UTF-8
Header Name: [content-type], Value: [text/plain;charset=UTF-8]
[hdr] Access-Control-Allow-Origin: *
Header Name: [access-control-allow-origin], Value: [*]
[hdr] Access-Control-Allow-Credentials: false
Header Name: [access-control-allow-credentials], Value: [false]
[hdr] Access-Control-Allow-Headers: authorization, content-type, depth, overwrite, destination, range, if, lock-token, timeout
Header Name: [access-control-allow-headers], Value: [authorization, content-type, depth, overwrite, destination, range, if, lock-token, timeout]
[hdr] Access-Control-Allow-Methods: OPTIONS, PROPFIND, PROPPATCH, MKCOL, GET, HEAD, PUT, DELETE, COPY, MOVE, LOCK, UNLOCK
Header Name: [access-control-allow-methods], Value: [OPTIONS, PROPFIND, PROPPATCH, MKCOL, GET, HEAD, PUT, DELETE, COPY, MOVE, LOCK, UNLOCK]
[hdr] Access-Control-Expose-Headers: content-type, content-length, dav, etag, last-modified, location, date, content-range, lock-token
Header Name: [access-control-expose-headers], Value: [content-type, content-length, dav, etag, last-modified, location, date, content-range, lock-token]
[hdr] Access-Control-Max-Age: 86400
Header Name: [access-control-max-age], Value: [86400]
[hdr] 
End of headers.
Running post_headers hooks
Reading 6 bytes of response body.
Got 6 bytes.
Read block (6 bytes):
[Locked]
Running post_send hooks
auth: Post-send (#0), code is 423 (want 401), WWW-Authenticate is (none)
Running destroy hooks.
Request ends.
******* Running test 14: copy ********
auth: Create for WWW-Authenticate
Running pre_send hooks
auth: Sending 'Basic' response.
auth: '/litmus/lockme-copydest' is inside auth domain: 1.
Sending request headers:
DELETE /litmus/lockme-copydest HTTP/1.1
User-Agent: litmus/0.13 neon/0.33.0
Connection: TE
TE: trailers
Host: 127.0.0.1:8787
Authorization: Basic dGVzdDp0ZXN0
X-Litmus-Second: locks: 14 (copy)

Sending request-line and headers:
Request sent; retry is 1.
[status-line] < HTTP/1.1 404 Not Found
[hdr] Content-Length: 9
Header Name: [content-length], Value: [9]
[hdr] Content-Type: text/plain;charset=UTF-8
Header Name: [content-type], Value: [text/plain;charset=UTF-8]
[hdr] Access-Control-Allow-Origin: *
Header Name: [access-control-allow-origin], Value: [*]
[hdr] Access-Control-Allow-Credentials: false
Header Name: [access-control-allow-credentials], Value: [false]
[hdr] Access-Control-Allow-Headers: authorization, content-type, depth, overwrite, destination, range, if, lock-token, timeout
Header Name: [access-control-allow-headers], Value: [authorization, content-type, depth, overwrite, destination, range, if, lock-token, timeout]
[hdr] Access-Control-Allow-Methods: OPTIONS, PROPFIND, PROPPATCH, MKCOL, GET, HEAD, PUT, DELETE, COPY, MOVE, LOCK, UNLOCK
Header Name: [access-control-allow-methods], Value: [OPTIONS, PROPFIND, PROPPATCH, MKCOL, GET, HEAD, PUT, DELETE, COPY, MOVE, LOCK, UNLOCK]
[hdr] Access-Control-Expose-Headers: content-type, content-length, dav, etag, last-modified, location, date, content-range, lock-token
Header Name: [access-control-expose-headers], Value: [content-type, content-length, dav, etag, last-modified, location, date, content-range, lock-token]
[hdr] Access-Control-Max-Age: 86400
Header Name: [access-control-max-age], Value: [86400]
[hdr] 
End of headers.
Running post_headers hooks
Reading 9 bytes of response body.
Got 9 bytes.
Read block (9 bytes):
[Not Found]
Running post_send hooks
auth: Post-send (#0), code is 404 (want 401), WWW-Authenticate is (none)
Running destroy hooks.
Request ends.
auth: Create for WWW-Authenticate
Running pre_send hooks
auth: Sending 'Basic' response.
auth: '/litmus/lockme' is inside auth domain: 1.
Sending request headers:
COPY /litmus/lockme HTTP/1.1
User-Agent: litmus/0.13 neon/0.33.0
Connection: TE
TE: trailers
Host: 127.0.0.1:8787
Depth: 0
Destination: http://127.0.0.1:8787/litmus/lockme-copydest
Overwrite: T
Authorization: Basic dGVzdDp0ZXN0
X-Litmus-Second: locks: 14 (copy)

Sending request-line and headers:
Request sent; retry is 1.
[status-line] < HTTP/1.1 201 Created
[hdr] Content-Length: 0
Header Name: [content-length], Value: [0]
[hdr] Location: /litmus/lockme-copydest
Header Name: [location], Value: [/litmus/lockme-copydest]
[hdr] Content-Type: text/plain;charset=UTF-8
Header Name: [content-type], Value: [text/plain;charset=UTF-8]
[hdr] Access-Control-Allow-Origin: *
Header Name: [access-control-allow-origin], Value: [*]
[hdr] Access-Control-Allow-Credentials: false
Header Name: [access-control-allow-credentials], Value: [false]
[hdr] Access-Control-Allow-Headers: authorization, content-type, depth, overwrite, destination, range, if, lock-token, timeout
Header Name: [access-control-allow-headers], Value: [authorization, content-type, depth, overwrite, destination, range, if, lock-token, timeout]
[hdr] Access-Control-Allow-Methods: OPTIONS, PROPFIND, PROPPATCH, MKCOL, GET, HEAD, PUT, DELETE, COPY, MOVE, LOCK, UNLOCK
Header Name: [access-control-allow-methods], Value: [OPTIONS, PROPFIND, PROPPATCH, MKCOL, GET, HEAD, PUT, DELETE, COPY, MOVE, LOCK, UNLOCK]
[hdr] Access-Control-Expose-Headers: content-type, content-length, dav, etag, last-modified, location, date, content-range, lock-token
Header Name: [access-control-expose-headers], Value: [content-type, content-length, dav, etag, last-modified, location, date, content-range, lock-token]
[hdr] Access-Control-Max-Age: 86400
Header Name: [access-control-max-age], Value: [86400]
[hdr] 
End of headers.
Running post_headers hooks
Running post_send hooks
auth: Post-send (#0), code is 201 (want 401), WWW-Authenticate is (none)
Running destroy hooks.
Request ends.
auth: Create for WWW-Authenticate
Running pre_send hooks
auth: Sending 'Basic' response.
auth: '/litmus/lockme-copydest' is inside auth domain: 1.
Sending request headers:
PROPFIND /litmus/lockme-copydest HTTP/1.1
User-Agent: litmus/0.13 neon/0.33.0
Connection: TE
TE: trailers
Host: 127.0.0.1:8787
Depth: 0
Content-Length: 118
Content-Type: application/xml
Authorization: Basic dGVzdDp0ZXN0
X-Litmus-Second: locks: 14 (copy)

Sending request-line and headers:
Sending request body:
Body block (118 bytes):
[<?xml version="1.0" encoding="utf-8"?>
<propfind xmlns="DAV:"><prop>
<lockdiscovery xmlns="DAV:"/>
</prop></propfind>
]
Request sent; retry is 1.
[status-line] < HTTP/1.1 207 Multi-Status
[hdr] Content-Length: 264
Header Name: [content-length], Value: [264]
[hdr] Content-Type: application/xml; charset=utf-8
Header Name: [content-type], Value: [application/xml; charset=utf-8]
[hdr] Access-Control-Allow-Origin: *
Header Name: [access-control-allow-origin], Value: [*]
[hdr] Access-Control-Allow-Credentials: false
Header Name: [access-control-allow-credentials], Value: [false]
[hdr] Access-Control-Allow-Headers: authorization, content-type, depth, overwrite, destination, range, if, lock-token, timeout
Header Name: [access-control-allow-headers], Value: [authorization, content-type, depth, overwrite, destination, range, if, lock-token, timeout]
[hdr] Access-Control-Allow-Methods: OPTIONS, PROPFIND, PROPPATCH, MKCOL, GET, HEAD, PUT, DELETE, COPY, MOVE, LOCK, UNLOCK
Header Name: [access-control-allow-methods], Value: [OPTIONS, PROPFIND, PROPPATCH, MKCOL, GET, HEAD, PUT, DELETE, COPY, MOVE, LOCK, UNLOCK]
[hdr] Access-Control-Expose-Headers: content-type, content-length, dav, etag, last-modified, location, date, content-range, lock-token
Header Name: [access-control-expose-headers], Value: [content-type, content-length, dav, etag, last-modified, location, date, content-range, lock-token]
[hdr] Access-Control-Max-Age: 86400
Header Name: [access-control-max-age], Value: [86400]
[hdr] 
End of headers.
Running post_headers hooks
Reading 264 bytes of response body.
Got 264 bytes.
Read block (264 bytes):
[<?xml version="1.0" encoding="utf-8"?>
<multistatus xmlns="DAV:">
	<response>
		<href>/litmus/lockme-copydest</href>
		<propstat>
			<prop>
			<lockdiscovery></lockdiscovery>
			</prop>
			<status>HTTP/1.1 200 OK</status>
		</propstat>
	</response>
</multistatus>
]
XML: Parsing 264 bytes.
XML: start-element (0, {DAV:, multistatus}) => 1
XML: char-data (1) returns 0
XML: start-element (1, {DAV:, response}) => 2
XML: char-data (2) returns 0
XML: start-element (2, {DAV:, href}) => 4
XML: char-data (4) returns 0
XML: end-element (4, {DAV:, href})
XML: char-data (2) returns 0
XML: start-element (2, {DAV:, propstat}) => 7
XML: char-data (7) returns 0
XML: start-element (7, {DAV:, prop}) => 50
XML: char-data (50) returns 0
XML: start-element (50, {DAV:, lockdiscovery}) => 266
XML: end-element (266, {DAV:, lockdiscovery})
XML: char-data (50) returns 0
XML: end-element (50, {DAV:, prop})
XML: char-data (7) returns 0
XML: start-element (7, {DAV:, status}) => 6
XML: char-data (6) returns 0
Decoded status line: HTTP/1.1 200 OK
XML: end-element (6, {DAV:, status})
XML: char-data (7) returns 0
XML: end-element (7, {DAV:, propstat})
XML: char-data (2) returns 0
End of response for /litmus/lockme-copydest
XML: end-element (2, {DAV:, response})
XML: char-data (1) returns 0
XML: end-element (1, {DAV:, multistatus})
XML: xmlParseChunk returned 0
XML: End of document.
XML: xmlParseChunk returned 0
Running post_send hooks
auth: Post-send (#0), code is 207 (want 401), WWW-Authenticate is (none)
Request ends, status 207 class 2xx, error line:
207 Multi-Status
Running destroy hooks.
Request ends.
auth: Create for WWW-Authenticate
Running pre_send hooks
auth: Sending 'Basic' response.
auth: '/litmus/lockme-copydest' is inside auth domain: 1.
Sending request headers:
DELETE /litmus/lockme-copydest HTTP/1.1
User-Agent: litmus/0.13 neon/0.33.0
Connection: TE
TE: trailers
Host: 127.0.0.1:8787
Authorization: Basic dGVzdDp0ZXN0
X-Litmus-Second: locks: 14 (copy)

Sending request-line and headers:
Request sent; retry is 1.
[status-line] < HTTP/1.1 204 No Content
[hdr] Access-Control-Allow-Origin: *
Header Name: [access-control-allow-origin], Value: [*]
[hdr] Access-Control-Allow-Credentials: false
Header Name: [access-control-allow-credentials], Value: [false]
[hdr] Access-Control-Allow-Headers: authorization, content-type, depth, overwrite, destination, range, if, lock-token, timeout
Header Name: [access-control-allow-headers], Value: [authorization, content-type, depth, overwrite, destination, range, if, lock-token, timeout]
[hdr] Access-Control-Allow-Methods: OPTIONS, PROPFIND, PROPPATCH, MKCOL, GET, HEAD, PUT, DELETE, COPY, MOVE, LOCK, UNLOCK
Header Name: [access-control-allow-methods], Value: [OPTIONS, PROPFIND, PROPPATCH, MKCOL, GET, HEAD, PUT, DELETE, COPY, MOVE, LOCK, UNLOCK]
[hdr] Access-Control-Expose-Headers: content-type, content-length, dav, etag, last-modified, location, date, content-range, lock-token
Header Name: [access-control-expose-headers], Value: [content-type, content-length, dav, etag, last-modified, location, date, content-range, lock-token]
[hdr] Access-Control-Max-Age: 86400
Header Name: [access-control-max-age], Value: [86400]
[hdr] 
End of headers.
Running post_headers hooks
Running post_send hooks
auth: Post-send (#0), code is 204 (want 401), WWW-Authenticate is (none)
Running destroy hooks.
Request ends.
******* Running test 15: cond_put ********
auth: Create for WWW-Authenticate
Running pre_send hooks
auth: Sending 'Basic' response.
auth: '/litmus/lockme' is inside auth domain: 1.
Sending request headers:
HEAD /litmus/lockme HTTP/1.1
User-Agent: litmus/0.13 neon/0.33.0
Connection: TE
TE: trailers
Host: 127.0.0.1:8787
Authorization: Basic dGVzdDp0ZXN0
X-Litmus: locks: 15 (cond_put)

Sending request-line and headers:
Request sent; retry is 1.
[status-line] < HTTP/1.1 206 Partial Content
[hdr] Content-Length: 32
Header Name: [content-length], Value: [32]
[hdr] Content-Type: application/octet-stream
Header Name: [content-type], Value: [application/octet-stream]
[hdr] Content-Range: bytes 0-31/32
Header Name: [content-range], Value: [bytes 0-31/32]
[hdr] Accept-Ranges: bytes
Header Name: [accept-ranges], Value: [bytes]
[hdr] Access-Control-Allow-Origin: *
Header Name: [access-control-allow-origin], Value: [*]
[hdr] Access-Control-Allow-Credentials: false
Header Name: [access-control-allow-credentials], Value: [false]
[hdr] Access-Control-Allow-Headers: authorization, content-type, depth, overwrite, destination, range, if, lock-token, timeout
Header Name: [access-control-allow-headers], Value: [authorization, content-type, depth, overwrite, destination, range, if, lock-token, timeout]
[hdr] Access-Control-Allow-Methods: OPTIONS, PROPFIND, PROPPATCH, MKCOL, GET, HEAD, PUT, DELETE, COPY, MOVE, LOCK, UNLOCK
Header Name: [access-control-allow-methods], Value: [OPTIONS, PROPFIND, PROPPATCH, MKCOL, GET, HEAD, PUT, DELETE, COPY, MOVE, LOCK, UNLOCK]
[hdr] Access-Control-Expose-Headers: content-type, content-length, dav, etag, last-modified, location, date, content-range, lock-token
Header Name: [access-control-expose-headers], Value: [content-type, content-length, dav, etag, last-modified, location, date, content-range, lock-token]
[hdr] Access-Control-Max-Age: 86400
Header Name: [access-control-max-age], Value: [86400]
[hdr] 
End of headers.
Running post_headers hooks
Running post_send hooks
auth: Post-send (#0), code is 206 (want 401), WWW-Authenticate is (none)
Request ends, status 206 class 2xx, error line:
206 Partial Content
Running destroy hooks.
Request ends.
******* Running test 16: fail_cond_put ********
auth: Create for WWW-Authenticate
Running pre_send hooks
auth: Sending 'Basic' response.
auth: '/litmus/lockme' is inside auth domain: 1.
Sending request headers:
HEAD /litmus/lockme HTTP/1.1
User-Agent: litmus/0.13 neon/0.33.0
Connection: TE
TE: trailers
Host: 127.0.0.1:8787
Authorization: Basic dGVzdDp0ZXN0
X-Litmus: locks: 16 (fail_cond_put)

Sending request-line and headers:
Request sent; retry is 1.
[status-line] < HTTP/1.1 206 Partial Content
[hdr] Content-Length: 32
Header Name: [content-length], Value: [32]
[hdr] Content-Type: application/octet-stream
Header Name: [content-type], Value: [application/octet-stream]
[hdr] Content-Range: bytes 0-31/32
Header Name: [content-range], Value: [bytes 0-31/32]
[hdr] Accept-Ranges: bytes
Header Name: [accept-ranges], Value: [bytes]
[hdr] Access-Control-Allow-Origin: *
Header Name: [access-control-allow-origin], Value: [*]
[hdr] Access-Control-Allow-Credentials: false
Header Name: [access-control-allow-credentials], Value: [false]
[hdr] Access-Control-Allow-Headers: authorization, content-type, depth, overwrite, destination, range, if, lock-token, timeout
Header Name: [access-control-allow-headers], Value: [authorization, content-type, depth, overwrite, destination, range, if, lock-token, timeout]
[hdr] Access-Control-Allow-Methods: OPTIONS, PROPFIND, PROPPATCH, MKCOL, GET, HEAD, PUT, DELETE, COPY, MOVE, LOCK, UNLOCK
Header Name: [access-control-allow-methods], Value: [OPTIONS, PROPFIND, PROPPATCH, MKCOL, GET, HEAD, PUT, DELETE, COPY, MOVE, LOCK, UNLOCK]
[hdr] Access-Control-Expose-Headers: content-type, content-length, dav, etag, last-modified, location, date, content-range, lock-token
Header Name: [access-control-expose-headers], Value: [content-type, content-length, dav, etag, last-modified, location, date, content-range, lock-token]
[hdr] Access-Control-Max-Age: 86400
Header Name: [access-control-max-age], Value: [86400]
[hdr] 
End of headers.
Running post_headers hooks
Running post_send hooks
auth: Post-send (#0), code is 206 (want 401), WWW-Authenticate is (none)
Request ends, status 206 class 2xx, error line:
206 Partial Content
Running destroy hooks.
Request ends.
******* Running test 17: cond_put_with_not ********
auth: Create for WWW-Authenticate
Running pre_send hooks
auth: Sending 'Basic' response.
auth: '/litmus/lockme' is inside auth domain: 1.
Sending request headers:
PUT /litmus/lockme HTTP/1.1
User-Agent: litmus/0.13 neon/0.33.0
Connection: TE
TE: trailers
Host: 127.0.0.1:8787
Content-Length: 32
If: (<urn:uuid:e28f16ac-f249-487c-adb9-1b18b0a63605>) (Not <DAV:no-lock>)
Authorization: Basic dGVzdDp0ZXN0
X-Litmus: locks: 17 (cond_put_with_not)

Sending request-line and headers:
Sending request body:
Body block (32 bytes):
[This
is
a
test
file
called
foo

]
Request sent; retry is 1.
[status-line] < HTTP/1.1 204 No Content
[hdr] Access-Control-Allow-Origin: *
Header Name: [access-control-allow-origin], Value: [*]
[hdr] Access-Control-Allow-Credentials: false
Header Name: [access-control-allow-credentials], Value: [false]
[hdr] Access-Control-Allow-Headers: authorization, content-type, depth, overwrite, destination, range, if, lock-token, timeout
Header Name: [access-control-allow-headers], Value: [authorization, content-type, depth, overwrite, destination, range, if, lock-token, timeout]
[hdr] Access-Control-Allow-Methods: OPTIONS, PROPFIND, PROPPATCH, MKCOL, GET, HEAD, PUT, DELETE, COPY, MOVE, LOCK, UNLOCK
Header Name: [access-control-allow-methods], Value: [OPTIONS, PROPFIND, PROPPATCH, MKCOL, GET, HEAD, PUT, DELETE, COPY, MOVE, LOCK, UNLOCK]
[hdr] Access-Control-Expose-Headers: content-type, content-length, dav, etag, last-modified, location, date, content-range, lock-token
Header Name: [access-control-expose-headers], Value: [content-type, content-length, dav, etag, last-modified, location, date, content-range, lock-token]
[hdr] Access-Control-Max-Age: 86400
Header Name: [access-control-max-age], Value: [86400]
[hdr] 
End of headers.
Running post_headers hooks
Running post_send hooks
auth: Post-send (#0), code is 204 (want 401), WWW-Authenticate is (none)
Request ends, status 204 class 2xx, error line:
204 No Content
Running destroy hooks.
Request ends.
******* Running test 18: cond_put_corrupt_token ********
auth: Create for WWW-Authenticate
Running pre_send hooks
auth: Sending 'Basic' response.
auth: '/litmus/lockme' is inside auth domain: 1.
Sending request headers:
PUT /litmus/lockme HTTP/1.1
User-Agent: litmus/0.13 neon/0.33.0
Connection: TE
TE: trailers
Host: 127.0.0.1:8787
Content-Length: 32
If: (<urn:uuid:e28f16ac-f249-487c-adb9-1b18b0a63605x>) (Not <DAV:no-lock>)
Authorization: Basic dGVzdDp0ZXN0
X-Litmus: locks: 18 (cond_put_corrupt_token)

Sending request-line and headers:
Sending request body:
Body block (32 bytes):
[This
is
a
test
file
called
foo

]
Request sent; retry is 1.
[status-line] < HTTP/1.1 423 Locked
[hdr] Content-Length: 6
Header Name: [content-length], Value: [6]
[hdr] Content-Type: text/plain;charset=UTF-8
Header Name: [content-type], Value: [text/plain;charset=UTF-8]
[hdr] Access-Control-Allow-Origin: *
Header Name: [access-control-allow-origin], Value: [*]
[hdr] Access-Control-Allow-Credentials: false
Header Name: [access-control-allow-credentials], Value: [false]
[hdr] Access-Control-Allow-Headers: authorization, content-type, depth, overwrite, destination, range, if, lock-token, timeout
Header Name: [access-control-allow-headers], Value: [authorization, content-type, depth, overwrite, destination, range, if, lock-token, timeout]
[hdr] Access-Control-Allow-Methods: OPTIONS, PROPFIND, PROPPATCH, MKCOL, GET, HEAD, PUT, DELETE, COPY, MOVE, LOCK, UNLOCK
Header Name: [access-control-allow-methods], Value: [OPTIONS, PROPFIND, PROPPATCH, MKCOL, GET, HEAD, PUT, DELETE, COPY, MOVE, LOCK, UNLOCK]
[hdr] Access-Control-Expose-Headers: content-type, content-length, dav, etag, last-modified, location, date, content-range, lock-token
Header Name: [access-control-expose-headers], Value: [content-type, content-length, dav, etag, last-modified, location, date, content-range, lock-token]
[hdr] Access-Control-Max-Age: 86400
Header Name: [access-control-max-age], Value: [86400]
[hdr] 
End of headers.
Running post_headers hooks
Reading 6 bytes of response body.
Got 6 bytes.
Read block (6 bytes):
[Locked]
Running post_send hooks
auth: Post-send (#0), code is 423 (want 401), WWW-Authenticate is (none)
Request ends, status 423 class 4xx, error line:
423 Locked
Running destroy hooks.
Request ends.
******* Running test 19: complex_cond_put ********
auth: Create for WWW-Authenticate
Running pre_send hooks
auth: Sending 'Basic' response.
auth: '/litmus/lockme' is inside auth domain: 1.
Sending request headers:
HEAD /litmus/lockme HTTP/1.1
User-Agent: litmus/0.13 neon/0.33.0
Connection: TE
TE: trailers
Host: 127.0.0.1:8787
Authorization: Basic dGVzdDp0ZXN0
X-Litmus: locks: 19 (complex_cond_put)

Sending request-line and headers:
Request sent; retry is 1.
[status-line] < HTTP/1.1 206 Partial Content
[hdr] Content-Length: 32
Header Name: [content-length], Value: [32]
[hdr] Content-Type: application/octet-stream
Header Name: [content-type], Value: [application/octet-stream]
[hdr] Content-Range: bytes 0-31/32
Header Name: [content-range], Value: [bytes 0-31/32]
[hdr] Accept-Ranges: bytes
Header Name: [accept-ranges], Value: [bytes]
[hdr] Access-Control-Allow-Origin: *
Header Name: [access-control-allow-origin], Value: [*]
[hdr] Access-Control-Allow-Credentials: false
Header Name: [access-control-allow-credentials], Value: [false]
[hdr] Access-Control-Allow-Headers: authorization, content-type, depth, overwrite, destination, range, if, lock-token, timeout
Header Name: [access-control-allow-headers], Value: [authorization, content-type, depth, overwrite, destination, range, if, lock-token, timeout]
[hdr] Access-Control-Allow-Methods: OPTIONS, PROPFIND, PROPPATCH, MKCOL, GET, HEAD, PUT, DELETE, COPY, MOVE, LOCK, UNLOCK
Header Name: [access-control-allow-methods], Value: [OPTIONS, PROPFIND, PROPPATCH, MKCOL, GET, HEAD, PUT, DELETE, COPY, MOVE, LOCK, UNLOCK]
[hdr] Access-Control-Expose-Headers: content-type, content-length, dav, etag, last-modified, location, date, content-range, lock-token
Header Name: [access-control-expose-headers], Value: [content-type, content-length, dav, etag, last-modified, location, date, content-range, lock-token]
[hdr] Access-Control-Max-Age: 86400
Header Name: [access-control-max-age], Value: [86400]
[hdr] 
End of headers.
Running post_headers hooks
Running post_send hooks
auth: Post-send (#0), code is 206 (want 401), WWW-Authenticate is (none)
Request ends, status 206 class 2xx, error line:
206 Partial Content
Running destroy hooks.
Request ends.
******* Running test 20: fail_complex_cond_put ********
auth: Create for WWW-Authenticate
Running pre_send hooks
auth: Sending 'Basic' response.
auth: '/litmus/lockme' is inside auth domain: 1.
Sending request headers:
HEAD /litmus/lockme HTTP/1.1
User-Agent: litmus/0.13 neon/0.33.0
Connection: TE
TE: trailers
Host: 127.0.0.1:8787
Authorization: Basic dGVzdDp0ZXN0
X-Litmus: locks: 20 (fail_complex_cond_put)

Sending request-line and headers:
Request sent; retry is 1.
[status-line] < HTTP/1.1 206 Partial Content
[hdr] Content-Length: 32
Header Name: [content-length], Value: [32]
[hdr] Content-Type: application/octet-stream
Header Name: [content-type], Value: [application/octet-stream]
[hdr] Content-Range: bytes 0-31/32
Header Name: [content-range], Value: [bytes 0-31/32]
[hdr] Accept-Ranges: bytes
Header Name: [accept-ranges], Value: [bytes]
[hdr] Access-Control-Allow-Origin: *
Header Name: [access-control-allow-origin], Value: [*]
[hdr] Access-Control-Allow-Credentials: false
Header Name: [access-control-allow-credentials], Value: [false]
[hdr] Access-Control-Allow-Headers: authorization, content-type, depth, overwrite, destination, range, if, lock-token, timeout
Header Name: [access-control-allow-headers], Value: [authorization, content-type, depth, overwrite, destination, range, if, lock-token, timeout]
[hdr] Access-Control-Allow-Methods: OPTIONS, PROPFIND, PROPPATCH, MKCOL, GET, HEAD, PUT, DELETE, COPY, MOVE, LOCK, UNLOCK
Header Name: [access-control-allow-methods], Value: [OPTIONS, PROPFIND, PROPPATCH, MKCOL, GET, HEAD, PUT, DELETE, COPY, MOVE, LOCK, UNLOCK]
[hdr] Access-Control-Expose-Headers: content-type, content-length, dav, etag, last-modified, location, date, content-range, lock-token
Header Name: [access-control-expose-headers], Value: [content-type, content-length, dav, etag, last-modified, location, date, content-range, lock-token]
[hdr] Access-Control-Max-Age: 86400
Header Name: [access-control-max-age], Value: [86400]
[hdr] 
End of headers.
Running post_headers hooks
Running post_send hooks
auth: Post-send (#0), code is 206 (want 401), WWW-Authenticate is (none)
Request ends, status 206 class 2xx, error line:
206 Partial Content
Running destroy hooks.
Request ends.
******* Running test 21: unlock ********
auth: Create for WWW-Authenticate
Running pre_send hooks
auth: Sending 'Basic' response.
auth: '/litmus/lockme' is inside auth domain: 1.
Sending request headers:
UNLOCK /litmus/lockme HTTP/1.1
User-Agent: litmus/0.13 neon/0.33.0
Connection: TE
TE: trailers
Host: 127.0.0.1:8787
Lock-Token: <urn:uuid:e28f16ac-f249-487c-adb9-1b18b0a63605>
Authorization: Basic dGVzdDp0ZXN0
X-Litmus: locks: 21 (unlock)

Sending request-line and headers:
Request sent; retry is 1.
[status-line] < HTTP/1.1 204 No Content
[hdr] Access-Control-Allow-Origin: *
Header Name: [access-control-allow-origin], Value: [*]
[hdr] Access-Control-Allow-Credentials: false
Header Name: [access-control-allow-credentials], Value: [false]
[hdr] Access-Control-Allow-Headers: authorization, content-type, depth, overwrite, destination, range, if, lock-token, timeout
Header Name: [access-control-allow-headers], Value: [authorization, content-type, depth, overwrite, destination, range, if, lock-token, timeout]
[hdr] Access-Control-Allow-Methods: OPTIONS, PROPFIND, PROPPATCH, MKCOL, GET, HEAD, PUT, DELETE, COPY, MOVE, LOCK, UNLOCK
Header Name: [access-control-allow-methods], Value: [OPTIONS, PROPFIND, PROPPATCH, MKCOL, GET, HEAD, PUT, DELETE, COPY, MOVE, LOCK, UNLOCK]
[hdr] Access-Control-Expose-Headers: content-type, content-length, dav, etag, last-modified, location, date, content-range, lock-token
Header Name: [access-control-expose-headers], Value: [content-type, content-length, dav, etag, last-modified, location, date, content-range, lock-token]
[hdr] Access-Control-Max-Age: 86400
Header Name: [access-control-max-age], Value: [86400]
[hdr] 
End of headers.
Running post_headers hooks
Running post_send hooks
auth: Post-send (#0), code is 204 (want 401), WWW-Authenticate is (none)
Request ends, status 204 class 2xx, error line:
204 No Content
Running destroy hooks.
Request ends.
******* Running test 22: fail_cond_put_unlocked ********
auth: Create for WWW-Authenticate
Running pre_send hooks
auth: Sending 'Basic' response.
auth: '/litmus/lockme' is inside auth domain: 1.
Sending request headers:
PUT /litmus/lockme HTTP/1.1
User-Agent: litmus/0.13 neon/0.33.0
Connection: TE
TE: trailers
Host: 127.0.0.1:8787
Content-Length: 32
If: (<DAV:no-lock>)
Authorization: Basic dGVzdDp0ZXN0
X-Litmus: locks: 22 (fail_cond_put_unlocked)

Sending request-line and headers:
Sending request body:
Body block (32 bytes):
[This
is
a
test
file
called
foo

]
Request sent; retry is 1.
[status-line] < HTTP/1.1 412 Precondition Failed
[hdr] Content-Length: 19
Header Name: [content-length], Value: [19]
[hdr] Content-Type: text/plain;charset=UTF-8
Header Name: [content-type], Value: [text/plain;charset=UTF-8]
[hdr] Access-Control-Allow-Origin: *
Header Name: [access-control-allow-origin], Value: [*]
[hdr] Access-Control-Allow-Credentials: false
Header Name: [access-control-allow-credentials], Value: [false]
[hdr] Access-Control-Allow-Headers: authorization, content-type, depth, overwrite, destination, range, if, lock-token, timeout
Header Name: [access-control-allow-headers], Value: [authorization, content-type, depth, overwrite, destination, range, if, lock-token, timeout]
[hdr] Access-Control-Allow-Methods: OPTIONS, PROPFIND, PROPPATCH, MKCOL, GET, HEAD, PUT, DELETE, COPY, MOVE, LOCK, UNLOCK
Header Name: [access-control-allow-methods], Value: [OPTIONS, PROPFIND, PROPPATCH, MKCOL, GET, HEAD, PUT, DELETE, COPY, MOVE, LOCK, UNLOCK]
[hdr] Access-Control-Expose-Headers: content-type, content-length, dav, etag, last-modified, location, date, content-range, lock-token
Header Name: [access-control-expose-headers], Value: [content-type, content-length, dav, etag, last-modified, location, date, content-range, lock-token]
[hdr] Access-Control-Max-Age: 86400
Header Name: [access-control-max-age], Value: [86400]
[hdr] 
End of headers.
Running post_headers hooks
Reading 19 bytes of response body.
Got 19 bytes.
Read block (19 bytes):
[Precondition Failed]
Running post_send hooks
auth: Post-send (#0), code is 412 (want 401), WWW-Authenticate is (none)
Request ends, status 412 class 4xx, error line:
412 Precondition Failed
Running destroy hooks.
Request ends.
******* Running test 23: lock_shared ********
auth: Create for WWW-Authenticate
req: Closing connection for non-idempotent request.
sess: Closing connection.
sess: Connection closed.
Running pre_send hooks
auth: Sending 'Basic' response.
auth: '/litmus/lockme' is inside auth domain: 1.
Sending request headers:
LOCK /litmus/lockme HTTP/1.1
User-Agent: litmus/0.13 neon/0.33.0
Connection: TE
TE: trailers
Host: 127.0.0.1:8787
Content-Length: 171
Content-Type: application/xml
Depth: 0
Timeout: Second-3600
Authorization: Basic dGVzdDp0ZXN0
X-Litmus: locks: 23 (lock_shared)

Sending request-line and headers:
req: Connecting to 127.0.0.1:8787
Sending request body:
Body block (171 bytes):
[<?xml version="1.0" encoding="utf-8"?>
<lockinfo xmlns='DAV:'>
 <lockscope><shared/></lockscope>
<locktype><write/></locktype><owner>litmus test suite</owner>
</lockinfo>
]
Request sent; retry is 0.
[status-line] < HTTP/1.1 501 Not Implemented
[hdr] Content-Length: 15
Header Name: [content-length], Value: [15]
[hdr] Content-Type: text/plain;charset=UTF-8
Header Name: [content-type], Value: [text/plain;charset=UTF-8]
[hdr] Access-Control-Allow-Origin: *
Header Name: [access-control-allow-origin], Value: [*]
[hdr] Access-Control-Allow-Credentials: false
Header Name: [access-control-allow-credentials], Value: [false]
[hdr] Access-Control-Allow-Headers: authorization, content-type, depth, overwrite, destination, range, if, lock-token, timeout
Header Name: [access-control-allow-headers], Value: [authorization, content-type, depth, overwrite, destination, range, if, lock-token, timeout]
[hdr] Access-Control-Allow-Methods: OPTIONS, PROPFIND, PROPPATCH, MKCOL, GET, HEAD, PUT, DELETE, COPY, MOVE, LOCK, UNLOCK
Header Name: [access-control-allow-methods], Value: [OPTIONS, PROPFIND, PROPPATCH, MKCOL, GET, HEAD, PUT, DELETE, COPY, MOVE, LOCK, UNLOCK]
[hdr] Access-Control-Expose-Headers: content-type, content-length, dav, etag, last-modified, location, date, content-range, lock-token
Header Name: [access-control-expose-headers], Value: [content-type, content-length, dav, etag, last-modified, location, date, content-range, lock-token]
[hdr] Access-Control-Max-Age: 86400
Header Name: [access-control-max-age], Value: [86400]
[hdr] 
End of headers.
Running post_headers hooks
Reading 15 bytes of response body.
Got 15 bytes.
Read block (15 bytes):
[Not Implemented]
Running post_send hooks
auth: Post-send (#0), code is 501 (want 401), WWW-Authenticate is (none)
Running destroy hooks.
Request ends.
******* Running test 24: notowner_modify ********
******* Running test 25: notowner_lock ********
******* Running test 26: owner_modify ********
******* Running test 27: double_sharedlock ********
******* Running test 28: notowner_modify ********
******* Running test 29: notowner_lock ********
******* Running test 30: unlock ********
******* Running test 31: prep_collection ********
auth: Create for WWW-Authenticate
Running pre_send hooks
auth: Sending 'Basic' response.
auth: '/litmus/lockcoll/' is inside auth domain: 1.
Sending request headers:
MKCOL /litmus/lockcoll/ HTTP/1.1
User-Agent: litmus/0.13 neon/0.33.0
Connection: TE
TE: trailers
Host: 127.0.0.1:8787
Authorization: Basic dGVzdDp0ZXN0
X-Litmus: locks: 31 (prep_collection)

Sending request-line and headers:
Request sent; retry is 1.
[status-line] < HTTP/1.1 201 Created
[hdr] Content-Length: 0
Header Name: [content-length], Value: [0]
[hdr] Content-Type: text/plain;charset=UTF-8
Header Name: [content-type], Value: [text/plain;charset=UTF-8]
[hdr] Access-Control-Allow-Origin: *
Header Name: [access-control-allow-origin], Value: [*]
[hdr] Access-Control-Allow-Credentials: false
Header Name: [access-control-allow-credentials], Value: [false]
[hdr] Access-Control-Allow-Headers: authorization, content-type, depth, overwrite, destination, range, if, lock-token, timeout
Header Name: [access-control-allow-headers], Value: [authorization, content-type, depth, overwrite, destination, range, if, lock-token, timeout]
[hdr] Access-Control-Allow-Methods: OPTIONS, PROPFIND, PROPPATCH, MKCOL, GET, HEAD, PUT, DELETE, COPY, MOVE, LOCK, UNLOCK
Header Name: [access-control-allow-methods], Value: [OPTIONS, PROPFIND, PROPPATCH, MKCOL, GET, HEAD, PUT, DELETE, COPY, MOVE, LOCK, UNLOCK]
[hdr] Access-Control-Expose-Headers: content-type, content-length, dav, etag, last-modified, location, date, content-range, lock-token
Header Name: [access-control-expose-headers], Value: [content-type, content-length, dav, etag, last-modified, location, date, content-range, lock-token]
[hdr] Access-Control-Max-Age: 86400
Header Name: [access-control-max-age], Value: [86400]
[hdr] 
End of headers.
Running post_headers hooks
Running post_send hooks
auth: Post-send (#0), code is 201 (want 401), WWW-Authenticate is (none)
Running destroy hooks.
Request ends.
******* Running test 32: lock_collection ********
auth: Create for WWW-Authenticate
req: Closing connection for non-idempotent request.
sess: Closing connection.
sess: Connection closed.
Running pre_send hooks
auth: Sending 'Basic' response.
auth: '/litmus/lockcoll/' is inside auth domain: 1.
Sending request headers:
LOCK /litmus/lockcoll/ HTTP/1.1
User-Agent: litmus/0.13 neon/0.33.0
Connection: TE
TE: trailers
Host: 127.0.0.1:8787
Content-Length: 174
Content-Type: application/xml
Depth: infinity
Timeout: Second-3600
Authorization: Basic dGVzdDp0ZXN0
X-Litmus: locks: 32 (lock_collection)

Sending request-line and headers:
req: Connecting to 127.0.0.1:8787
Sending request body:
Body block (174 bytes):
[<?xml version="1.0" encoding="utf-8"?>
<lockinfo xmlns='DAV:'>
 <lockscope><exclusive/></lockscope>
<locktype><write/></locktype><owner>litmus test suite</owner>
</lockinfo>
]
Request sent; retry is 0.
[status-line] < HTTP/1.1 201 Created
[hdr] Content-Length: 404
Header Name: [content-length], Value: [404]
[hdr] Location: /litmus/lockcoll/
Header Name: [location], Value: [/litmus/lockcoll/]
[hdr] Content-Type: application/xml; charset=utf-8
Header Name: [content-type], Value: [application/xml; charset=utf-8]
[hdr] Access-Control-Allow-Origin: *
Header Name: [access-control-allow-origin], Value: [*]
[hdr] Access-Control-Allow-Credentials: false
Header Name: [access-control-allow-credentials], Value: [false]
[hdr] Access-Control-Allow-Headers: authorization, content-type, depth, overwrite, destination, range, if, lock-token, timeout
Header Name: [access-control-allow-headers], Value: [authorization, content-type, depth, overwrite, destination, range, if, lock-token, timeout]
[hdr] Access-Control-Allow-Methods: OPTIONS, PROPFIND, PROPPATCH, MKCOL, GET, HEAD, PUT, DELETE, COPY, MOVE, LOCK, UNLOCK
Header Name: [access-control-allow-methods], Value: [OPTIONS, PROPFIND, PROPPATCH, MKCOL, GET, HEAD, PUT, DELETE, COPY, MOVE, LOCK, UNLOCK]
[hdr] Access-Control-Expose-Headers: content-type, content-length, dav, etag, last-modified, location, date, content-range, lock-token
Header Name: [access-control-expose-headers], Value: [content-type, content-length, dav, etag, last-modified, location, date, content-range, lock-token]
[hdr] Access-Control-Max-Age: 86400
Header Name: [access-control-max-age], Value: [86400]
[hdr] Lock-Token: <urn:uuid:18fea612-fefc-48df-a236-feccfa47a2ba>
Header Name: [lock-token], Value: [<urn:uuid:18fea612-fefc-48df-a236-feccfa47a2ba>]
[hdr] 
End of headers.
Running post_headers hooks
Reading 404 bytes of response body.
Got 404 bytes.
Read block (404 bytes):
[<?xml version="1.0" encoding="utf-8"?>
<prop xmlns="DAV:"><lockdiscovery><activelock><locktype><write /></locktype><lockscope><exclusive /></lockscope><depth>infinity</depth><owner>litmus test suite</owner><timeout>Second-3600</timeout><locktoken><href>urn:uuid:18fea612-fefc-48df-a236-feccfa47a2ba</href></locktoken><lockroot><href>/litmus/lockcoll/</href></lockroot></activelock></lockdiscovery></prop>]
XML: Parsing 404 bytes.
lk_startelm: prop => 50
lk_startelm: Finding token urn:uuid:18fea612-fefc-48df-a236-feccfa47a2ba
XML: start-element (0, {DAV:, prop}) => 50
lk_startelm: lockdiscovery => 266
XML: start-element (50, {DAV:, lockdiscovery}) => 266
lk_startelm: activelock => 267
XML: start-element (266, {DAV:, activelock}) => 267
lk_startelm: locktype => 269
XML: start-element (267, {DAV:, locktype}) => 269
lk_startelm: write => 275
XML: start-element (269, {DAV:, write}) => 275
XML: end-element (275, {DAV:, write})
XML: end-element (269, {DAV:, locktype})
lk_startelm: lockscope => 268
XML: start-element (267, {DAV:, lockscope}) => 268
lk_startelm: exclusive => 276
XML: start-element (268, {DAV:, exclusive}) => 276
XML: end-element (276, {DAV:, exclusive})
XML: end-element (268, {DAV:, lockscope})
lk_startelm: depth => 270
XML: start-element (267, {DAV:, depth}) => 270
XML: char-data (270) returns 0
Got depth: infinity
XML: end-element (270, {DAV:, depth})
lk_startelm: owner => 271
XML: start-element (267, {DAV:, owner}) => 271
XML: char-data (271) returns 0
XML: end-element (271, {DAV:, owner})
lk_startelm: timeout => 272
XML: start-element (267, {DAV:, timeout}) => 272
XML: char-data (272) returns 0
Got timeout: Second-3600
XML: end-element (272, {DAV:, timeout})
lk_startelm: locktoken => 273
XML: start-element (267, {DAV:, locktoken}) => 273
lk_startelm: href => 278
XML: start-element (273, {DAV:, href}) => 278
XML: char-data (278) returns 0
XML: end-element (278, {DAV:, href})
XML: end-element (273, {DAV:, locktoken})
lk_startelm: lockroot => 279
XML: start-element (267, {DAV:, lockroot}) => 279
lk_startelm: href => 278
XML: start-element (279, {DAV:, href}) => 278
XML: char-data (278) returns 0
XML: end-element (278, {DAV:, href})
XML: end-element (279, {DAV:, lockroot})
XML: end-element (267, {DAV:, activelock})
XML: end-element (266, {DAV:, lockdiscovery})
XML: end-element (50, {DAV:, prop})
XML: xmlParseChunk returned 0
XML: End of document.
XML: xmlParseChunk returned 0
Running post_send hooks
auth: Post-send (#0), code is 201 (want 401), WWW-Authenticate is (none)
Running destroy hooks.
Request ends.
auth: Create for WWW-Authenticate
Is child of: urn:uuid:18fea612-fefc-48df-a236-feccfa47a2ba
Locked parent, urn:uuid:18fea612-fefc-48df-a236-feccfa47a2ba on /litmus/lockcoll/
Running pre_send hooks
auth: Sending 'Basic' response.
auth: '/litmus/lockcoll/lockme.txt' is inside auth domain: 1.
Sending request headers:
PUT /litmus/lockcoll/lockme.txt HTTP/1.1
User-Agent: litmus/0.13 neon/0.33.0
Connection: TE
TE: trailers
Host: 127.0.0.1:8787
Content-Length: 32
Authorization: Basic dGVzdDp0ZXN0
X-Litmus: locks: 32 (lock_collection)
If: <http://127.0.0.1:8787/litmus/lockcoll/> (<urn:uuid:18fea612-fefc-48df-a236-feccfa47a2ba>)

Sending request-line and headers:
Sending request body:
Body block (32 bytes):
[This
is
a
test
file
called
foo

]
Request sent; retry is 1.
[status-line] < HTTP/1.1 201 Created
[hdr] Content-Length: 0
Header Name: [content-length], Value: [0]
[hdr] Content-Type: text/plain;charset=UTF-8
Header Name: [content-type], Value: [text/plain;charset=UTF-8]
[hdr] Access-Control-Allow-Origin: *
Header Name: [access-control-allow-origin], Value: [*]
[hdr] Access-Control-Allow-Credentials: false
Header Name: [access-control-allow-credentials], Value: [false]
[hdr] Access-Control-Allow-Headers: authorization, content-type, depth, overwrite, destination, range, if, lock-token, timeout
Header Name: [access-control-allow-headers], Value: [authorization, content-type, depth, overwrite, destination, range, if, lock-token, timeout]
[hdr] Access-Control-Allow-Methods: OPTIONS, PROPFIND, PROPPATCH, MKCOL, GET, HEAD, PUT, DELETE, COPY, MOVE, LOCK, UNLOCK
Header Name: [access-control-allow-methods], Value: [OPTIONS, PROPFIND, PROPPATCH, MKCOL, GET, HEAD, PUT, DELETE, COPY, MOVE, LOCK, UNLOCK]
[hdr] Access-Control-Expose-Headers: content-type, content-length, dav, etag, last-modified, location, date, content-range, lock-token
Header Name: [access-control-expose-headers], Value: [content-type, content-length, dav, etag, last-modified, location, date, content-range, lock-token]
[hdr] Access-Control-Max-Age: 86400
Header Name: [access-control-max-age], Value: [86400]
[hdr] 
End of headers.
Running post_headers hooks
Running post_send hooks
auth: Post-send (#0), code is 201 (want 401), WWW-Authenticate is (none)
Request ends, status 201 class 2xx, error line:
201 Created
Running destroy hooks.
Request ends.
******* Running test 33: owner_modify ********
auth: Create for WWW-Authenticate
Is child of: urn:uuid:18fea612-fefc-48df-a236-feccfa47a2ba
Locked parent, urn:uuid:18fea612-fefc-48df-a236-feccfa47a2ba on /litmus/lockcoll/
Running pre_send hooks
auth: Sending 'Basic' response.
auth: '/litmus/lockcoll/lockme.txt' is inside auth domain: 1.
Sending request headers:
PUT /litmus/lockcoll/lockme.txt HTTP/1.1
User-Agent: litmus/0.13 neon/0.33.0
Connection: TE
TE: trailers
Host: 127.0.0.1:8787
Content-Length: 32
Authorization: Basic dGVzdDp0ZXN0
X-Litmus: locks: 33 (owner_modify)
If: <http://127.0.0.1:8787/litmus/lockcoll/> (<urn:uuid:18fea612-fefc-48df-a236-feccfa47a2ba>)

Sending request-line and headers:
Sending request body:
Body block (32 bytes):
[This
is
a
test
file
called
foo

]
Request sent; retry is 1.
[status-line] < HTTP/1.1 204 No Content
[hdr] Access-Control-Allow-Origin: *
Header Name: [access-control-allow-origin], Value: [*]
[hdr] Access-Control-Allow-Credentials: false
Header Name: [access-control-allow-credentials], Value: [false]
[hdr] Access-Control-Allow-Headers: authorization, content-type, depth, overwrite, destination, range, if, lock-token, timeout
Header Name: [access-control-allow-headers], Value: [authorization, content-type, depth, overwrite, destination, range, if, lock-token, timeout]
[hdr] Access-Control-Allow-Methods: OPTIONS, PROPFIND, PROPPATCH, MKCOL, GET, HEAD, PUT, DELETE, COPY, MOVE, LOCK, UNLOCK
Header Name: [access-control-allow-methods], Value: [OPTIONS, PROPFIND, PROPPATCH, MKCOL, GET, HEAD, PUT, DELETE, COPY, MOVE, LOCK, UNLOCK]
[hdr] Access-Control-Expose-Headers: content-type, content-length, dav, etag, last-modified, location, date, content-range, lock-token
Header Name: [access-control-expose-headers], Value: [content-type, content-length, dav, etag, last-modified, location, date, content-range, lock-token]
[hdr] Access-Control-Max-Age: 86400
Header Name: [access-control-max-age], Value: [86400]
[hdr] 
End of headers.
Running post_headers hooks
Running post_send hooks
auth: Post-send (#0), code is 204 (want 401), WWW-Authenticate is (none)
Request ends, status 204 class 2xx, error line:
204 No Content
Running destroy hooks.
Request ends.
auth: Create for WWW-Authenticate
Is child of: urn:uuid:18fea612-fefc-48df-a236-feccfa47a2ba
Running pre_send hooks
auth: Sending 'Basic' response.
auth: '/litmus/lockcoll/lockme.txt' is inside auth domain: 1.
Sending request headers:
PROPPATCH /litmus/lockcoll/lockme.txt HTTP/1.1
User-Agent: litmus/0.13 neon/0.33.0
Connection: TE
TE: trailers
Host: 127.0.0.1:8787
Content-Length: 188
Content-Type: application/xml
Authorization: Basic dGVzdDp0ZXN0
X-Litmus: locks: 33 (owner_modify)
If: <http://127.0.0.1:8787/litmus/lockcoll/> (<urn:uuid:18fea612-fefc-48df-a236-feccfa47a2ba>)

Sending request-line and headers:
Sending request body:
Body block (188 bytes):
[<?xml version="1.0" encoding="utf-8" ?>
<D:propertyupdate xmlns:D="DAV:"><D:set><D:prop><random xmlns="http://webdav.org/neon/litmus/">foobar</random></D:prop></D:set>
</D:propertyupdate>
]
Request sent; retry is 1.
[status-line] < HTTP/1.1 207 Multi-Status
[hdr] Content-Length: 286
Header Name: [content-length], Value: [286]
[hdr] Content-Type: application/xml; charset=utf-8
Header Name: [content-type], Value: [application/xml; charset=utf-8]
[hdr] Access-Control-Allow-Origin: *
Header Name: [access-control-allow-origin], Value: [*]
[hdr] Access-Control-Allow-Credentials: false
Header Name: [access-control-allow-credentials], Value: [false]
[hdr] Access-Control-Allow-Headers: authorization, content-type, depth, overwrite, destination, range, if, lock-token, timeout
Header Name: [access-control-allow-headers], Value: [authorization, content-type, depth, overwrite, destination, range, if, lock-token, timeout]
[hdr] Access-Control-Allow-Methods: OPTIONS, PROPFIND, PROPPATCH, MKCOL, GET, HEAD, PUT, DELETE, COPY, MOVE, LOCK, UNLOCK
Header Name: [access-control-allow-methods], Value: [OPTIONS, PROPFIND, PROPPATCH, MKCOL, GET, HEAD, PUT, DELETE, COPY, MOVE, LOCK, UNLOCK]
[hdr] Access-Control-Expose-Headers: content-type, content-length, dav, etag, last-modified, location, date, content-range, lock-token
Header Name: [access-control-expose-headers], Value: [content-type, content-length, dav, etag, last-modified, location, date, content-range, lock-token]
[hdr] Access-Control-Max-Age: 86400
Header Name: [access-control-max-age], Value: [86400]
[hdr] 
End of headers.
Running post_headers hooks
Reading 286 bytes of response body.
Got 286 bytes.
Read block (286 bytes):
[<?xml version="1.0" encoding="utf-8"?>
<multistatus xmlns="DAV:">
	<response>
		<href>/litmus/lockcoll/lockme.txt</href>
		<propstat>
			<prop>
				<random xmlns="http://webdav.org/neon/litmus/" />
			</prop>
			<status>HTTP/1.1 200 OK</status>
		</propstat>
	</response>
</multistatus>]
XML: Parsing 286 bytes.
XML: start-element (0, {DAV:, multistatus}) => 1
XML: char-data (1) returns 0
XML: start-element (1, {DAV:, response}) => 2
XML: char-data (2) returns 0
XML: start-element (2, {DAV:, href}) => 4
XML: char-data (4) returns 0
XML: end-element (4, {DAV:, href})
XML: char-data (2) returns 0
XML: start-element (2, {DAV:, propstat}) => 7
XML: char-data (7) returns 0
XML: start-element (7, {DAV:, prop}) => 50
XML: char-data (50) returns 0
XML: start-element (50, {http://webdav.org/neon/litmus/, random}) => 0
XML: end-element (0, {http://webdav.org/neon/litmus/, random})
XML: char-data (50) returns 0
XML: end-element (50, {DAV:, prop})
XML: char-data (7) returns 0
XML: start-element (7, {DAV:, status}) => 6
XML: char-data (6) returns 0
Decoded status line: HTTP/1.1 200 OK
XML: end-element (6, {DAV:, status})
XML: char-data (7) returns 0
XML: end-element (7, {DAV:, propstat})
XML: char-data (2) returns 0
XML: end-element (2, {DAV:, response})
XML: char-data (1) returns 0
XML: end-element (1, {DAV:, multistatus})
XML: xmlParseChunk returned 0
XML: End of document.
XML: xmlParseChunk returned 0
Running post_send hooks
auth: Post-send (#0), code is 207 (want 401), WWW-Authenticate is (none)
Running destroy hooks.
Request ends.
******* Running test 34: notowner_modify ********
auth: Create for WWW-Authenticate
Running pre_send hooks
auth: Sending 'Basic' response.
auth: '/litmus/lockcoll/lockme.txt' is inside auth domain: 1.
Sending request headers:
DELETE /litmus/lockcoll/lockme.txt HTTP/1.1
User-Agent: litmus/0.13 neon/0.33.0
Connection: TE
TE: trailers
Host: 127.0.0.1:8787
Authorization: Basic dGVzdDp0ZXN0
X-Litmus-Second: locks: 34 (notowner_modify)

Sending request-line and headers:
Request sent; retry is 1.
[status-line] < HTTP/1.1 423 Locked
[hdr] Content-Length: 6
Header Name: [content-length], Value: [6]
[hdr] Content-Type: text/plain;charset=UTF-8
Header Name: [content-type], Value: [text/plain;charset=UTF-8]
[hdr] Access-Control-Allow-Origin: *
Header Name: [access-control-allow-origin], Value: [*]
[hdr] Access-Control-Allow-Credentials: false
Header Name: [access-control-allow-credentials], Value: [false]
[hdr] Access-Control-Allow-Headers: authorization, content-type, depth, overwrite, destination, range, if, lock-token, timeout
Header Name: [access-control-allow-headers], Value: [authorization, content-type, depth, overwrite, destination, range, if, lock-token, timeout]
[hdr] Access-Control-Allow-Methods: OPTIONS, PROPFIND, PROPPATCH, MKCOL, GET, HEAD, PUT, DELETE, COPY, MOVE, LOCK, UNLOCK
Header Name: [access-control-allow-methods], Value: [OPTIONS, PROPFIND, PROPPATCH, MKCOL, GET, HEAD, PUT, DELETE, COPY, MOVE, LOCK, UNLOCK]
[hdr] Access-Control-Expose-Headers: content-type, content-length, dav, etag, last-modified, location, date, content-range, lock-token
Header Name: [access-control-expose-headers], Value: [content-type, content-length, dav, etag, last-modified, location, date, content-range, lock-token]
[hdr] Access-Control-Max-Age: 86400
Header Name: [access-control-max-age], Value: [86400]
[hdr] 
End of headers.
Running post_headers hooks
Reading 6 bytes of response body.
Got 6 bytes.
Read block (6 bytes):
[Locked]
Running post_send hooks
auth: Post-send (#0), code is 423 (want 401), WWW-Authenticate is (none)
Running destroy hooks.
Request ends.
auth: Create for WWW-Authenticate
Running pre_send hooks
auth: Sending 'Basic' response.
auth: '/litmus/lockcoll/lockme.txt' is inside auth domain: 1.
Sending request headers:
MOVE /litmus/lockcoll/lockme.txt HTTP/1.1
User-Agent: litmus/0.13 neon/0.33.0
Connection: TE
TE: trailers
Host: 127.0.0.1:8787
Destination: http://127.0.0.1:8787/litmus/whocares
Overwrite: F
Authorization: Basic dGVzdDp0ZXN0
X-Litmus-Second: locks: 34 (notowner_modify)

Sending request-line and headers:
Request sent; retry is 1.
[status-line] < HTTP/1.1 423 Locked
[hdr] Content-Length: 6
Header Name: [content-length], Value: [6]
[hdr] Content-Type: text/plain;charset=UTF-8
Header Name: [content-type], Value: [text/plain;charset=UTF-8]
[hdr] Access-Control-Allow-Origin: *
Header Name: [access-control-allow-origin], Value: [*]
[hdr] Access-Control-Allow-Credentials: false
Header Name: [access-control-allow-credentials], Value: [false]
[hdr] Access-Control-Allow-Headers: authorization, content-type, depth, overwrite, destination, range, if, lock-token, timeout
Header Name: [access-control-allow-headers], Value: [authorization, content-type, depth, overwrite, destination, range, if, lock-token, timeout]
[hdr] Access-Control-Allow-Methods: OPTIONS, PROPFIND, PROPPATCH, MKCOL, GET, HEAD, PUT, DELETE, COPY, MOVE, LOCK, UNLOCK
Header Name: [access-control-allow-methods], Value: [OPTIONS, PROPFIND, PROPPATCH, MKCOL, GET, HEAD, PUT, DELETE, COPY, MOVE, LOCK, UNLOCK]
[hdr] Access-Control-Expose-Headers: content-type, content-length, dav, etag, last-modified, location, date, content-range, lock-token
Header Name: [access-control-expose-headers], Value: [content-type, content-length, dav, etag, last-modified, location, date, content-range, lock-token]
[hdr] Access-Control-Max-Age: 86400
Header Name: [access-control-max-age], Value: [86400]
[hdr] 
End of headers.
Running post_headers hooks
Reading 6 bytes of response body.
Got 6 bytes.
Read block (6 bytes):
[Locked]
Running post_send hooks
auth: Post-send (#0), code is 423 (want 401), WWW-Authenticate is (none)
Running destroy hooks.
Request ends.
auth: Create for WWW-Authenticate
Running pre_send hooks
auth: Sending 'Basic' response.
auth: '/litmus/notlocked' is inside auth domain: 1.
Sending request headers:
COPY /litmus/notlocked HTTP/1.1
User-Agent: litmus/0.13 neon/0.33.0
Connection: TE
TE: trailers
Host: 127.0.0.1:8787
Depth: 0
Destination: http://127.0.0.1:8787/litmus/lockcoll/lockme.txt
Overwrite: T
Authorization: Basic dGVzdDp0ZXN0
X-Litmus-Second: locks: 34 (notowner_modify)

Sending request-line and headers:
Request sent; retry is 1.
[status-line] < HTTP/1.1 423 Locked
[hdr] Content-Length: 6
Header Name: [content-length], Value: [6]
[hdr] Content-Type: text/plain;charset=UTF-8
Header Name: [content-type], Value: [text/plain;charset=UTF-8]
[hdr] Access-Control-Allow-Origin: *
Header Name: [access-control-allow-origin], Value: [*]
[hdr] Access-Control-Allow-Credentials: false
Header Name: [access-control-allow-credentials], Value: [false]
[hdr] Access-Control-Allow-Headers: authorization, content-type, depth, overwrite, destination, range, if, lock-token, timeout
Header Name: [access-control-allow-headers], Value: [authorization, content-type, depth, overwrite, destination, range, if, lock-token, timeout]
[hdr] Access-Control-Allow-Methods: OPTIONS, PROPFIND, PROPPATCH, MKCOL, GET, HEAD, PUT, DELETE, COPY, MOVE, LOCK, UNLOCK
Header Name: [access-control-allow-methods], Value: [OPTIONS, PROPFIND, PROPPATCH, MKCOL, GET, HEAD, PUT, DELETE, COPY, MOVE, LOCK, UNLOCK]
[hdr] Access-Control-Expose-Headers: content-type, content-length, dav, etag, last-modified, location, date, content-range, lock-token
Header Name: [access-control-expose-headers], Value: [content-type, content-length, dav, etag, last-modified, location, date, content-range, lock-token]
[hdr] Access-Control-Max-Age: 86400
Header Name: [access-control-max-age], Value: [86400]
[hdr] 
End of headers.
Running post_headers hooks
Reading 6 bytes of response body.
Got 6 bytes.
Read block (6 bytes):
[Locked]
Running post_send hooks
auth: Post-send (#0), code is 423 (want 401), WWW-Authenticate is (none)
Running destroy hooks.
Request ends.
auth: Create for WWW-Authenticate
Running pre_send hooks
auth: Sending 'Basic' response.
auth: '/litmus/lockcoll/lockme.txt' is inside auth domain: 1.
Sending request headers:
PROPPATCH /litmus/lockcoll/lockme.txt HTTP/1.1
User-Agent: litmus/0.13 neon/0.33.0
Connection: TE
TE: trailers
Host: 127.0.0.1:8787
Content-Length: 188
Content-Type: application/xml
Authorization: Basic dGVzdDp0ZXN0
X-Litmus-Second: locks: 34 (notowner_modify)

Sending request-line and headers:
Sending request body:
Body block (188 bytes):
[<?xml version="1.0" encoding="utf-8" ?>
<D:propertyupdate xmlns:D="DAV:"><D:set><D:prop><random xmlns="http://webdav.org/neon/litmus/">foobar</random></D:prop></D:set>
</D:propertyupdate>
]
Request sent; retry is 1.
[status-line] < HTTP/1.1 423 Locked
[hdr] Content-Length: 6
Header Name: [content-length], Value: [6]
[hdr] Content-Type: text/plain;charset=UTF-8
Header Name: [content-type], Value: [text/plain;charset=UTF-8]
[hdr] Access-Control-Allow-Origin: *
Header Name: [access-control-allow-origin], Value: [*]
[hdr] Access-Control-Allow-Credentials: false
Header Name: [access-control-allow-credentials], Value: [false]
[hdr] Access-Control-Allow-Headers: authorization, content-type, depth, overwrite, destination, range, if, lock-token, timeout
Header Name: [access-control-allow-headers], Value: [authorization, content-type, depth, overwrite, destination, range, if, lock-token, timeout]
[hdr] Access-Control-Allow-Methods: OPTIONS, PROPFIND, PROPPATCH, MKCOL, GET, HEAD, PUT, DELETE, COPY, MOVE, LOCK, UNLOCK
Header Name: [access-control-allow-methods], Value: [OPTIONS, PROPFIND, PROPPATCH, MKCOL, GET, HEAD, PUT, DELETE, COPY, MOVE, LOCK, UNLOCK]
[hdr] Access-Control-Expose-Headers: content-type, content-length, dav, etag, last-modified, location, date, content-range, lock-token
Header Name: [access-control-expose-headers], Value: [content-type, content-length, dav, etag, last-modified, location, date, content-range, lock-token]
[hdr] Access-Control-Max-Age: 86400
Header Name: [access-control-max-age], Value: [86400]
[hdr] 
End of headers.
Running post_headers hooks
Reading 6 bytes of response body.
Got 6 bytes.
Read block (6 bytes):
[Locked]
Running post_send hooks
auth: Post-send (#0), code is 423 (want 401), WWW-Authenticate is (none)
Running destroy hooks.
Request ends.
auth: Create for WWW-Authenticate
Running pre_send hooks
auth: Sending 'Basic' response.
auth: '/litmus/lockcoll/lockme.txt' is inside auth domain: 1.
Sending request headers:
PUT /litmus/lockcoll/lockme.txt HTTP/1.1
User-Agent: litmus/0.13 neon/0.33.0
Connection: TE
TE: trailers
Host: 127.0.0.1:8787
Content-Length: 32
Authorization: Basic dGVzdDp0ZXN0
X-Litmus-Second: locks: 34 (notowner_modify)

Sending request-line and headers:
Sending request body:
Body block (32 bytes):
[This
is
a
test
file
called
foo

]
Request sent; retry is 1.
[status-line] < HTTP/1.1 423 Locked
[hdr] Content-Length: 6
Header Name: [content-length], Value: [6]
[hdr] Content-Type: text/plain;charset=UTF-8
Header Name: [content-type], Value: [text/plain;charset=UTF-8]
[hdr] Access-Control-Allow-Origin: *
Header Name: [access-control-allow-origin], Value: [*]
[hdr] Access-Control-Allow-Credentials: false
Header Name: [access-control-allow-credentials], Value: [false]
[hdr] Access-Control-Allow-Headers: authorization, content-type, depth, overwrite, destination, range, if, lock-token, timeout
Header Name: [access-control-allow-headers], Value: [authorization, content-type, depth, overwrite, destination, range, if, lock-token, timeout]
[hdr] Access-Control-Allow-Methods: OPTIONS, PROPFIND, PROPPATCH, MKCOL, GET, HEAD, PUT, DELETE, COPY, MOVE, LOCK, UNLOCK
Header Name: [access-control-allow-methods], Value: [OPTIONS, PROPFIND, PROPPATCH, MKCOL, GET, HEAD, PUT, DELETE, COPY, MOVE, LOCK, UNLOCK]
[hdr] Access-Control-Expose-Headers: content-type, content-length, dav, etag, last-modified, location, date, content-range, lock-token
Header Name: [access-control-expose-headers], Value: [content-type, content-length, dav, etag, last-modified, location, date, content-range, lock-token]
[hdr] Access-Control-Max-Age: 86400
Header Name: [access-control-max-age], Value: [86400]
[hdr] 
End of headers.
Running post_headers hooks
Reading 6 bytes of response body.
Got 6 bytes.
Read block (6 bytes):
[Locked]
Running post_send hooks
auth: Post-send (#0), code is 423 (want 401), WWW-Authenticate is (none)
Request ends, status 423 class 4xx, error line:
423 Locked
Running destroy hooks.
Request ends.
******* Running test 35: refresh ********
auth: Create for WWW-Authenticate
req: Closing connection for non-idempotent request.
sess: Closing connection.
sess: Connection closed.
Running pre_send hooks
auth: Sending 'Basic' response.
auth: '/litmus/lockcoll/' is inside auth domain: 1.
Sending request headers:
LOCK /litmus/lockcoll/ HTTP/1.1
User-Agent: litmus/0.13 neon/0.33.0
Connection: TE
TE: trailers
Host: 127.0.0.1:8787
If: (<urn:uuid:18fea612-fefc-48df-a236-feccfa47a2ba>)
Timeout: Second-3600
Authorization: Basic dGVzdDp0ZXN0
X-Litmus: locks: 35 (refresh)

Sending request-line and headers:
req: Connecting to 127.0.0.1:8787
Request sent; retry is 0.
[status-line] < HTTP/1.1 200 OK
[hdr] Content-Length: 404
Header Name: [content-length], Value: [404]
[hdr] Content-Type: application/xml; charset=utf-8
Header Name: [content-type], Value: [application/xml; charset=utf-8]
[hdr] Access-Control-Allow-Origin: *
Header Name: [access-control-allow-origin], Value: [*]
[hdr] Access-Control-Allow-Credentials: false
Header Name: [access-control-allow-credentials], Value: [false]
[hdr] Access-Control-Allow-Headers: authorization, content-type, depth, overwrite, destination, range, if, lock-token, timeout
Header Name: [access-control-allow-headers], Value: [authorization, content-type, depth, overwrite, destination, range, if, lock-token, timeout]
[hdr] Access-Control-Allow-Methods: OPTIONS, PROPFIND, PROPPATCH, MKCOL, GET, HEAD, PUT, DELETE, COPY, MOVE, LOCK, UNLOCK
Header Name: [access-control-allow-methods], Value: [OPTIONS, PROPFIND, PROPPATCH, MKCOL, GET, HEAD, PUT, DELETE, COPY, MOVE, LOCK, UNLOCK]
[hdr] Access-Control-Expose-Headers: content-type, content-length, dav, etag, last-modified, location, date, content-range, lock-token
Header Name: [access-control-expose-headers], Value: [content-type, content-length, dav, etag, last-modified, location, date, content-range, lock-token]
[hdr] Access-Control-Max-Age: 86400
Header Name: [access-control-max-age], Value: [86400]
[hdr] Lock-Token: <urn:uuid:18fea612-fefc-48df-a236-feccfa47a2ba>
Header Name: [lock-token], Value: [<urn:uuid:18fea612-fefc-48df-a236-feccfa47a2ba>]
[hdr] 
End of headers.
Running post_headers hooks
Reading 404 bytes of response body.
Got 404 bytes.
Read block (404 bytes):
[<?xml version="1.0" encoding="utf-8"?>
<prop xmlns="DAV:"><lockdiscovery><activelock><locktype><write /></locktype><lockscope><exclusive /></lockscope><depth>infinity</depth><owner>litmus test suite</owner><timeout>Second-3600</timeout><locktoken><href>urn:uuid:18fea612-fefc-48df-a236-feccfa47a2ba</href></locktoken><lockroot><href>/litmus/lockcoll/</href></lockroot></activelock></lockdiscovery></prop>]
XML: Parsing 404 bytes.
lk_startelm: prop => 50
XML: start-element (0, {DAV:, prop}) => 50
lk_startelm: lockdiscovery => 266
XML: start-element (50, {DAV:, lockdiscovery}) => 266
lk_startelm: activelock => 267
XML: start-element (266, {DAV:, activelock}) => 267
lk_startelm: locktype => 269
XML: start-element (267, {DAV:, locktype}) => 269
lk_startelm: write => 275
XML: start-element (269, {DAV:, write}) => 275
XML: end-element (275, {DAV:, write})
XML: end-element (269, {DAV:, locktype})
lk_startelm: lockscope => 268
XML: start-element (267, {DAV:, lockscope}) => 268
lk_startelm: exclusive => 276
XML: start-element (268, {DAV:, exclusive}) => 276
XML: end-element (276, {DAV:, exclusive})
XML: end-element (268, {DAV:, lockscope})
lk_startelm: depth => 270
XML: start-element (267, {DAV:, depth}) => 270
XML: char-data (270) returns 0
Got depth: infinity
XML: end-element (270, {DAV:, depth})
lk_startelm: owner => 271
XML: start-element (267, {DAV:, owner}) => 271
XML: char-data (271) returns 0
XML: end-element (271, {DAV:, owner})
lk_startelm: timeout => 272
XML: start-element (267, {DAV:, timeout}) => 272
XML: char-data (272) returns 0
Got timeout: Second-3600
XML: end-element (272, {DAV:, timeout})
lk_startelm: locktoken => 273
XML: start-element (267, {DAV:, locktoken}) => 273
lk_startelm: href => 278
XML: start-element (273, {DAV:, href}) => 278
XML: char-data (278) returns 0
XML: end-element (278, {DAV:, href})
XML: end-element (273, {DAV:, locktoken})
lk_startelm: lockroot => 279
XML: start-element (267, {DAV:, lockroot}) => 279
lk_startelm: href => 278
XML: start-element (279, {DAV:, href}) => 278
XML: char-data (278) returns 0
XML: end-element (278, {DAV:, href})
XML: end-element (279, {DAV:, lockroot})
XML: end-element (267, {DAV:, activelock})
XML: end-element (266, {DAV:, lockdiscovery})
XML: end-element (50, {DAV:, prop})
XML: xmlParseChunk returned 0
XML: End of document.
XML: xmlParseChunk returned 0
Running post_send hooks
auth: Post-send (#0), code is 200 (want 401), WWW-Authenticate is (none)
Running destroy hooks.
Request ends.
******* Running test 36: indirect_refresh ********
auth: Create for WWW-Authenticate
req: Closing connection for non-idempotent request.
sess: Closing connection.
sess: Connection closed.
Running pre_send hooks
auth: Sending 'Basic' response.
auth: '/litmus/lockcoll/lockme.txt' is inside auth domain: 1.
Sending request headers:
LOCK /litmus/lockcoll/lockme.txt HTTP/1.1
User-Agent: litmus/0.13 neon/0.33.0
Connection: TE
TE: trailers
Host: 127.0.0.1:8787
If: (<urn:uuid:18fea612-fefc-48df-a236-feccfa47a2ba>)
Timeout: Second-3600
Authorization: Basic dGVzdDp0ZXN0
X-Litmus: locks: 36 (indirect_refresh)

Sending request-line and headers:
req: Connecting to 127.0.0.1:8787
Request sent; retry is 0.
[status-line] < HTTP/1.1 200 OK
[hdr] Content-Length: 404
Header Name: [content-length], Value: [404]
[hdr] Content-Type: application/xml; charset=utf-8
Header Name: [content-type], Value: [application/xml; charset=utf-8]
[hdr] Access-Control-Allow-Origin: *
Header Name: [access-control-allow-origin], Value: [*]
[hdr] Access-Control-Allow-Credentials: false
Header Name: [access-control-allow-credentials], Value: [false]
[hdr] Access-Control-Allow-Headers: authorization, content-type, depth, overwrite, destination, range, if, lock-token, timeout
Header Name: [access-control-allow-headers], Value: [authorization, content-type, depth, overwrite, destination, range, if, lock-token, timeout]
[hdr] Access-Control-Allow-Methods: OPTIONS, PROPFIND, PROPPATCH, MKCOL, GET, HEAD, PUT, DELETE, COPY, MOVE, LOCK, UNLOCK
Header Name: [access-control-allow-methods], Value: [OPTIONS, PROPFIND, PROPPATCH, MKCOL, GET, HEAD, PUT, DELETE, COPY, MOVE, LOCK, UNLOCK]
[hdr] Access-Control-Expose-Headers: content-type, content-length, dav, etag, last-modified, location, date, content-range, lock-token
Header Name: [access-control-expose-headers], Value: [content-type, content-length, dav, etag, last-modified, location, date, content-range, lock-token]
[hdr] Access-Control-Max-Age: 86400
Header Name: [access-control-max-age], Value: [86400]
[hdr] Lock-Token: <urn:uuid:18fea612-fefc-48df-a236-feccfa47a2ba>
Header Name: [lock-token], Value: [<urn:uuid:18fea612-fefc-48df-a236-feccfa47a2ba>]
[hdr] 
End of headers.
Running post_headers hooks
Reading 404 bytes of response body.
Got 404 bytes.
Read block (404 bytes):
[<?xml version="1.0" encoding="utf-8"?>
<prop xmlns="DAV:"><lockdiscovery><activelock><locktype><write /></locktype><lockscope><exclusive /></lockscope><depth>infinity</depth><owner>litmus test suite</owner><timeout>Second-3600</timeout><locktoken><href>urn:uuid:18fea612-fefc-48df-a236-feccfa47a2ba</href></locktoken><lockroot><href>/litmus/lockcoll/</href></lockroot></activelock></lockdiscovery></prop>]
XML: Parsing 404 bytes.
lk_startelm: prop => 50
XML: start-element (0, {DAV:, prop}) => 50
lk_startelm: lockdiscovery => 266
XML: start-element (50, {DAV:, lockdiscovery}) => 266
lk_startelm: activelock => 267
XML: start-element (266, {DAV:, activelock}) => 267
lk_startelm: locktype => 269
XML: start-element (267, {DAV:, locktype}) => 269
lk_startelm: write => 275
XML: start-element (269, {DAV:, write}) => 275
XML: end-element (275, {DAV:, write})
XML: end-element (269, {DAV:, locktype})
lk_startelm: lockscope => 268
XML: start-element (267, {DAV:, lockscope}) => 268
lk_startelm: exclusive => 276
XML: start-element (268, {DAV:, exclusive}) => 276
XML: end-element (276, {DAV:, exclusive})
XML: end-element (268, {DAV:, lockscope})
lk_startelm: depth => 270
XML: start-element (267, {DAV:, depth}) => 270
XML: char-data (270) returns 0
Got depth: infinity
XML: end-element (270, {DAV:, depth})
lk_startelm: owner => 271
XML: start-element (267, {DAV:, owner}) => 271
XML: char-data (271) returns 0
XML: end-element (271, {DAV:, owner})
lk_startelm: timeout => 272
XML: start-element (267, {DAV:, timeout}) => 272
XML: char-data (272) returns 0
Got timeout: Second-3600
XML: end-element (272, {DAV:, timeout})
lk_startelm: locktoken => 273
XML: start-element (267, {DAV:, locktoken}) => 273
lk_startelm: href => 278
XML: start-element (273, {DAV:, href}) => 278
XML: char-data (278) returns 0
XML: end-element (278, {DAV:, href})
XML: end-element (273, {DAV:, locktoken})
lk_startelm: lockroot => 279
XML: start-element (267, {DAV:, lockroot}) => 279
lk_startelm: href => 278
XML: start-element (279, {DAV:, href}) => 278
XML: char-data (278) returns 0
XML: end-element (278, {DAV:, href})
XML: end-element (279, {DAV:, lockroot})
XML: end-element (267, {DAV:, activelock})
XML: end-element (266, {DAV:, lockdiscovery})
XML: end-element (50, {DAV:, prop})
XML: xmlParseChunk returned 0
XML: End of document.
XML: xmlParseChunk returned 0
Running post_send hooks
auth: Post-send (#0), code is 200 (want 401), WWW-Authenticate is (none)
Running destroy hooks.
Request ends.
******* Running test 37: unlock ********
auth: Create for WWW-Authenticate
Running pre_send hooks
auth: Sending 'Basic' response.
auth: '/litmus/lockcoll/' is inside auth domain: 1.
Sending request headers:
UNLOCK /litmus/lockcoll/ HTTP/1.1
User-Agent: litmus/0.13 neon/0.33.0
Connection: TE
TE: trailers
Host: 127.0.0.1:8787
Lock-Token: <urn:uuid:18fea612-fefc-48df-a236-feccfa47a2ba>
Authorization: Basic dGVzdDp0ZXN0
X-Litmus: locks: 37 (unlock)

Sending request-line and headers:
Request sent; retry is 1.
[status-line] < HTTP/1.1 204 No Content
[hdr] Access-Control-Allow-Origin: *
Header Name: [access-control-allow-origin], Value: [*]
[hdr] Access-Control-Allow-Credentials: false
Header Name: [access-control-allow-credentials], Value: [false]
[hdr] Access-Control-Allow-Headers: authorization, content-type, depth, overwrite, destination, range, if, lock-token, timeout
Header Name: [access-control-allow-headers], Value: [authorization, content-type, depth, overwrite, destination, range, if, lock-token, timeout]
[hdr] Access-Control-Allow-Methods: OPTIONS, PROPFIND, PROPPATCH, MKCOL, GET, HEAD, PUT, DELETE, COPY, MOVE, LOCK, UNLOCK
Header Name: [access-control-allow-methods], Value: [OPTIONS, PROPFIND, PROPPATCH, MKCOL, GET, HEAD, PUT, DELETE, COPY, MOVE, LOCK, UNLOCK]
[hdr] Access-Control-Expose-Headers: content-type, content-length, dav, etag, last-modified, location, date, content-range, lock-token
Header Name: [access-control-expose-headers], Value: [content-type, content-length, dav, etag, last-modified, location, date, content-range, lock-token]
[hdr] Access-Control-Max-Age: 86400
Header Name: [access-control-max-age], Value: [86400]
[hdr] 
End of headers.
Running post_headers hooks
Running post_send hooks
auth: Post-send (#0), code is 204 (want 401), WWW-Authenticate is (none)
Request ends, status 204 class 2xx, error line:
204 No Content
Running destroy hooks.
Request ends.
******* Running test 38: unmapped_lock ********
auth: Create for WWW-Authenticate
req: Closing connection for non-idempotent request.
sess: Closing connection.
sess: Connection closed.
Running pre_send hooks
auth: Sending 'Basic' response.
auth: '/litmus/unmapped_url' is inside auth domain: 1.
Sending request headers:
LOCK /litmus/unmapped_url HTTP/1.1
User-Agent: litmus/0.13 neon/0.33.0
Connection: TE
TE: trailers
Host: 127.0.0.1:8787
Content-Length: 174
Content-Type: application/xml
Depth: 0
Timeout: Second-3600
Authorization: Basic dGVzdDp0ZXN0
X-Litmus: locks: 38 (unmapped_lock)

Sending request-line and headers:
req: Connecting to 127.0.0.1:8787
Sending request body:
Body block (174 bytes):
[<?xml version="1.0" encoding="utf-8"?>
<lockinfo xmlns='DAV:'>
 <lockscope><exclusive/></lockscope>
<locktype><write/></locktype><owner>litmus test suite</owner>
</lockinfo>
]
Request sent; retry is 0.
[status-line] < HTTP/1.1 201 Created
[hdr] Content-Length: 400
Header Name: [content-length], Value: [400]
[hdr] Location: /litmus/unmapped_url
Header Name: [location], Value: [/litmus/unmapped_url]
[hdr] Content-Type: application/xml; charset=utf-8
Header Name: [content-type], Value: [application/xml; charset=utf-8]
[hdr] Access-Control-Allow-Origin: *
Header Name: [access-control-allow-origin], Value: [*]
[hdr] Access-Control-Allow-Credentials: false
Header Name: [access-control-allow-credentials], Value: [false]
[hdr] Access-Control-Allow-Headers: authorization, content-type, depth, overwrite, destination, range, if, lock-token, timeout
Header Name: [access-control-allow-headers], Value: [authorization, content-type, depth, overwrite, destination, range, if, lock-token, timeout]
[hdr] Access-Control-Allow-Methods: OPTIONS, PROPFIND, PROPPATCH, MKCOL, GET, HEAD, PUT, DELETE, COPY, MOVE, LOCK, UNLOCK
Header Name: [access-control-allow-methods], Value: [OPTIONS, PROPFIND, PROPPATCH, MKCOL, GET, HEAD, PUT, DELETE, COPY, MOVE, LOCK, UNLOCK]
[hdr] Access-Control-Expose-Headers: content-type, content-length, dav, etag, last-modified, location, date, content-range, lock-token
Header Name: [access-control-expose-headers], Value: [content-type, content-length, dav, etag, last-modified, location, date, content-range, lock-token]
[hdr] Access-Control-Max-Age: 86400
Header Name: [access-control-max-age], Value: [86400]
[hdr] Lock-Token: <urn:uuid:203f7efc-c820-41dc-8950-7dae957cd88d>
Header Name: [lock-token], Value: [<urn:uuid:203f7efc-c820-41dc-8950-7dae957cd88d>]
[hdr] 
End of headers.
Running post_headers hooks
Reading 400 bytes of response body.
Got 400 bytes.
Read block (400 bytes):
[<?xml version="1.0" encoding="utf-8"?>
<prop xmlns="DAV:"><lockdiscovery><activelock><locktype><write /></locktype><lockscope><exclusive /></lockscope><depth>0</depth><owner>litmus test suite</owner><timeout>Second-3600</timeout><locktoken><href>urn:uuid:203f7efc-c820-41dc-8950-7dae957cd88d</href></locktoken><lockroot><href>/litmus/unmapped_url</href></lockroot></activelock></lockdiscovery></prop>]
XML: Parsing 400 bytes.
lk_startelm: prop => 50
lk_startelm: Finding token urn:uuid:203f7efc-c820-41dc-8950-7dae957cd88d
XML: start-element (0, {DAV:, prop}) => 50
lk_startelm: lockdiscovery => 266
XML: start-element (50, {DAV:, lockdiscovery}) => 266
lk_startelm: activelock => 267
XML: start-element (266, {DAV:, activelock}) => 267
lk_startelm: locktype => 269
XML: start-element (267, {DAV:, locktype}) => 269
lk_startelm: write => 275
XML: start-element (269, {DAV:, write}) => 275
XML: end-element (275, {DAV:, write})
XML: end-element (269, {DAV:, locktype})
lk_startelm: lockscope => 268
XML: start-element (267, {DAV:, lockscope}) => 268
lk_startelm: exclusive => 276
XML: start-element (268, {DAV:, exclusive}) => 276
XML: end-element (276, {DAV:, exclusive})
XML: end-element (268, {DAV:, lockscope})
lk_startelm: depth => 270
XML: start-element (267, {DAV:, depth}) => 270
XML: char-data (270) returns 0
Got depth: 0
XML: end-element (270, {DAV:, depth})
lk_startelm: owner => 271
XML: start-element (267, {DAV:, owner}) => 271
XML: char-data (271) returns 0
XML: end-element (271, {DAV:, owner})
lk_startelm: timeout => 272
XML: start-element (267, {DAV:, timeout}) => 272
XML: char-data (272) returns 0
Got timeout: Second-3600
XML: end-element (272, {DAV:, timeout})
lk_startelm: locktoken => 273
XML: start-element (267, {DAV:, locktoken}) => 273
lk_startelm: href => 278
XML: start-element (273, {DAV:, href}) => 278
XML: char-data (278) returns 0
XML: end-element (278, {DAV:, href})
XML: end-element (273, {DAV:, locktoken})
lk_startelm: lockroot => 279
XML: start-element (267, {DAV:, lockroot}) => 279
lk_startelm: href => 278
XML: start-element (279, {DAV:, href}) => 278
XML: char-data (278) returns 0
XML: end-element (278, {DAV:, href})
XML: end-element (279, {DAV:, lockroot})
XML: end-element (267, {DAV:, activelock})
XML: end-element (266, {DAV:, lockdiscovery})
XML: end-element (50, {DAV:, prop})
XML: xmlParseChunk returned 0
XML: End of document.
XML: xmlParseChunk returned 0
Running post_send hooks
auth: Post-send (#0), code is 201 (want 401), WWW-Authenticate is (none)
Running destroy hooks.
Request ends.
******* Running test 39: unlock ********
auth: Create for WWW-Authenticate
Running pre_send hooks
auth: Sending 'Basic' response.
auth: '/litmus/unmapped_url' is inside auth domain: 1.
Sending request headers:
UNLOCK /litmus/unmapped_url HTTP/1.1
User-Agent: litmus/0.13 neon/0.33.0
Connection: TE
TE: trailers
Host: 127.0.0.1:8787
Lock-Token: <urn:uuid:203f7efc-c820-41dc-8950-7dae957cd88d>
Authorization: Basic dGVzdDp0ZXN0
X-Litmus: locks: 39 (unlock)

Sending request-line and headers:
Request sent; retry is 1.
[status-line] < HTTP/1.1 204 No Content
[hdr] Access-Control-Allow-Origin: *
Header Name: [access-control-allow-origin], Value: [*]
[hdr] Access-Control-Allow-Credentials: false
Header Name: [access-control-allow-credentials], Value: [false]
[hdr] Access-Control-Allow-Headers: authorization, content-type, depth, overwrite, destination, range, if, lock-token, timeout
Header Name: [access-control-allow-headers], Value: [authorization, content-type, depth, overwrite, destination, range, if, lock-token, timeout]
[hdr] Access-Control-Allow-Methods: OPTIONS, PROPFIND, PROPPATCH, MKCOL, GET, HEAD, PUT, DELETE, COPY, MOVE, LOCK, UNLOCK
Header Name: [access-control-allow-methods], Value: [OPTIONS, PROPFIND, PROPPATCH, MKCOL, GET, HEAD, PUT, DELETE, COPY, MOVE, LOCK, UNLOCK]
[hdr] Access-Control-Expose-Headers: content-type, content-length, dav, etag, last-modified, location, date, content-range, lock-token
Header Name: [access-control-expose-headers], Value: [content-type, content-length, dav, etag, last-modified, location, date, content-range, lock-token]
[hdr] Access-Control-Max-Age: 86400
Header Name: [access-control-max-age], Value: [86400]
[hdr] 
End of headers.
Running post_headers hooks
Running post_send hooks
auth: Post-send (#0), code is 204 (want 401), WWW-Authenticate is (none)
Request ends, status 204 class 2xx, error line:
204 No Content
Running destroy hooks.
Request ends.
******* Running test 40: finish ********
sess: Destroying session.
sess: Closing connection.
sess: Connection closed.
Version string: neon 0.33.0: Library build, IPv6, libxml 2.9.14, zlib 1.3, GNU TLS 3.8.3.
******* Running test 0: init ********
******* Running test 1: begin ********
HTTP session to http://127.0.0.1:8787 begins.
sess: Using IP literal address for 127.0.0.1
HTTP session to http://127.0.0.1:8787 begins.
sess: Using IP literal address for 127.0.0.1
auth: Create for WWW-Authenticate
Running pre_send hooks
Sending request headers:
DELETE /litmus/ HTTP/1.1
User-Agent: litmus/0.13 neon/0.33.0
Keep-Alive: 
Connection: TE, Keep-Alive
TE: trailers
Host: 127.0.0.1:8787
X-Litmus: http: 1 (begin)

Sending request-line and headers:
req: Connecting to 127.0.0.1:8787
Request sent; retry is 0.
[status-line] < HTTP/1.1 401 Unauthorized
[hdr] Content-Length: 12
Header Name: [content-length], Value: [12]
[hdr] Content-Type: text/plain;charset=UTF-8
Header Name: [content-type], Value: [text/plain;charset=UTF-8]
[hdr] WWW-Authenticate: Basic realm="webdav"
Header Name: [www-authenticate], Value: [Basic realm="webdav"]
[hdr] 
End of headers.
Running post_headers hooks
Reading 12 bytes of response body.
Got 12 bytes.
Read block (12 bytes):
[Unauthorized]
Running post_send hooks
auth: Post-send (#0), code is 401 (want 401), WWW-Authenticate is Basic realm="webdav"
auth: Got challenge (code 401).
auth: Got 'Basic' challenge.
auth: Trying Basic challenge...
auth: Basic auth scope is: /litmus/
auth: Accepted Basic challenge.
Running pre_send hooks
auth: Sending 'Basic' response.
auth: '/litmus/' is inside auth domain: 1.
Sending request headers:
DELETE /litmus/ HTTP/1.1
User-Agent: litmus/0.13 neon/0.33.0
Keep-Alive: 
Connection: TE, Keep-Alive
TE: trailers
Host: 127.0.0.1:8787
Authorization: Basic dGVzdDp0ZXN0
X-Litmus: http: 1 (begin)

Sending request-line and headers:
Request sent; retry is 1.
[status-line] < HTTP/1.1 204 No Content
[hdr] Access-Control-Allow-Origin: *
Header Name: [access-control-allow-origin], Value: [*]
[hdr] Access-Control-Allow-Credentials: false
Header Name: [access-control-allow-credentials], Value: [false]
[hdr] Access-Control-Allow-Headers: authorization, content-type, depth, overwrite, destination, range, if, lock-token, timeout
Header Name: [access-control-allow-headers], Value: [authorization, content-type, depth, overwrite, destination, range, if, lock-token, timeout]
[hdr] Access-Control-Allow-Methods: OPTIONS, PROPFIND, PROPPATCH, MKCOL, GET, HEAD, PUT, DELETE, COPY, MOVE, LOCK, UNLOCK
Header Name: [access-control-allow-methods], Value: [OPTIONS, PROPFIND, PROPPATCH, MKCOL, GET, HEAD, PUT, DELETE, COPY, MOVE, LOCK, UNLOCK]
[hdr] Access-Control-Expose-Headers: content-type, content-length, dav, etag, last-modified, location, date, content-range, lock-token
Header Name: [access-control-expose-headers], Value: [content-type, content-length, dav, etag, last-modified, location, date, content-range, lock-token]
[hdr] Access-Control-Max-Age: 86400
Header Name: [access-control-max-age], Value: [86400]
[hdr] 
End of headers.
Running post_headers hooks
Running post_send hooks
auth: Post-send (#1), code is 204 (want 401), WWW-Authenticate is (none)
Running destroy hooks.
Request ends.
auth: Create for WWW-Authenticate
Running pre_send hooks
auth: Sending 'Basic' response.
auth: '/litmus/' is inside auth domain: 1.
Sending request headers:
MKCOL /litmus/ HTTP/1.1
User-Agent: litmus/0.13 neon/0.33.0
Connection: TE
TE: trailers
Host: 127.0.0.1:8787
Authorization: Basic dGVzdDp0ZXN0
X-Litmus: http: 1 (begin)

Sending request-line and headers:
Request sent; retry is 1.
[status-line] < HTTP/1.1 201 Created
[hdr] Content-Length: 0
Header Name: [content-length], Value: [0]
[hdr] Content-Type: text/plain;charset=UTF-8
Header Name: [content-type], Value: [text/plain;charset=UTF-8]
[hdr] Access-Control-Allow-Origin: *
Header Name: [access-control-allow-origin], Value: [*]
[hdr] Access-Control-Allow-Credentials: false
Header Name: [access-control-allow-credentials], Value: [false]
[hdr] Access-Control-Allow-Headers: authorization, content-type, depth, overwrite, destination, range, if, lock-token, timeout
Header Name: [access-control-allow-headers], Value: [authorization, content-type, depth, overwrite, destination, range, if, lock-token, timeout]
[hdr] Access-Control-Allow-Methods: OPTIONS, PROPFIND, PROPPATCH, MKCOL, GET, HEAD, PUT, DELETE, COPY, MOVE, LOCK, UNLOCK
Header Name: [access-control-allow-methods], Value: [OPTIONS, PROPFIND, PROPPATCH, MKCOL, GET, HEAD, PUT, DELETE, COPY, MOVE, LOCK, UNLOCK]
[hdr] Access-Control-Expose-Headers: content-type, content-length, dav, etag, last-modified, location, date, content-range, lock-token
Header Name: [access-control-expose-headers], Value: [content-type, content-length, dav, etag, last-modified, location, date, content-range, lock-token]
[hdr] Access-Control-Max-Age: 86400
Header Name: [access-control-max-age], Value: [86400]
[hdr] 
End of headers.
Running post_headers hooks
Running post_send hooks
auth: Post-send (#0), code is 201 (want 401), WWW-Authenticate is (none)
Running destroy hooks.
Request ends.
******* Running test 2: expect100 ********
Request:
PUT /litmus/expect100 HTTP/1.1
Host: 127.0.0.1:8787
X-Litmus: http
User-Agent: litmus/0.13
Content-Length: 100
Expect: 100-continue

******* Running test 3: finish ********
sess: Destroying session.
sess: Closing connection.
sess: Connection closed.
